<?xml version="1.0" encoding="UTF-8"?>
<jcr:root xmlns:sling="http://sling.apache.org/jcr/sling/1.0" xmlns:cq="http://www.day.com/jcr/cq/1.0" xmlns:jcr="http://www.jcp.org/jcr/1.0" xmlns:mix="http://www.jcp.org/jcr/mix/1.0" xmlns:nt="http://www.jcp.org/jcr/nt/1.0"
    jcr:primaryType="cq:Page">
    <jcr:content
        cq:designPath="/etc/designs/telegraph/core"
        cq:lastModified="{Date}2016-05-27T10:23:00.500Z"
        cq:lastModifiedBy="scottk"
        cq:lastReplicated="{Date}2016-05-27T13:59:16.972Z"
        cq:lastReplicatedBy="scottk"
        cq:lastReplicationAction="Activate"
        cq:tags="[source:sponsored]"
        cq:template="/apps/telegraph/core/commons/templates/articleTemplate"
        jcr:mixinTypes="[mix:referenceable]"
        jcr:primaryType="cq:PageContent"
        jcr:title="Thank you for entering the prize draw"
        jcr:uuid="a01bbd38-771e-42cb-84a8-21ce441535a1"
        sling:resourceType="telegraph/core/commons/renderers/articleRenderer"
        articleStickyAdsEnabled="false"
        articleType="general"
        commentingOn="{Boolean}false"
        disableAutoTweet="true"
        meterStatus="disabled"
        pageId="AmCjSdslFXyZ"
        pageTitle="Thank you for entering the B&amp;Q £1000 gift card prize draw "
        publicationDateOverride="{Date}2016-05-27T13:01:00.000+01:00"
        publicUrl="https://www.telegraph.co.uk/gardening/worldwide-trends/thank-you-for-entering-the-prize-draw/"
        sponsoredPageInheritanceMode="inherit_from_parent"
        tmgLastActivationDate="{Date}2016-05-27T14:59:20.251+01:00"
        transformedDate="{Date}2022-03-07T11:27:27.665Z"
        transformedState="A2-TO-A3">
        <content
            jcr:primaryType="nt:unstructured"
            sling:resourceType="telegraph/core/commons/components/article">
            <headline
                jcr:lastModified="{Date}2016-05-25T11:56:38.933Z"
                jcr:lastModifiedBy="scottk"
                jcr:primaryType="nt:unstructured"
                sling:resourceType="telegraph/core/commons/components/headline/v1/headline"
                headline="Thank you for entering"/>
            <standfirst
                jcr:primaryType="nt:unstructured"
                sling:resourceType="telegraph/core/commons/components/standfirst/v1/standfirst"/>
            <authorPath
                jcr:primaryType="nt:unstructured"
                sling:resourceType="telegraph/core/commons/components/byline/v1/byline"/>
            <articleDate
                jcr:primaryType="nt:unstructured"
                sling:resourceType="telegraph/core/commons/components/articleDate/v1/articleDate"/>
            <paragraph
                jcr:primaryType="nt:unstructured"
                sling:resourceType="telegraph/core/commons/components/paragraph">
                <par
                    jcr:primaryType="nt:unstructured"
                    sling:resourceType="foundation/components/parsys">
                    <inlineContent
                        jcr:lastModified="{Date}2016-05-25T12:02:55.448Z"
                        jcr:lastModifiedBy="scottk"
                        jcr:primaryType="nt:unstructured"
                        sling:resourceType="telegraph/core/commons/components/inlineContent/v1/inlineContent"
                        articleBodyText="&lt;p>Thank you for taking the time to enter the prize draw. If you are lucky, you might soon find yourself the proud owner of a £1000 B&amp;amp;Q voucher to spend in-store!&amp;nbsp;&lt;/p>&#xa;&lt;p>If you need a little garden inspiration in the meantime, why not have a look at these &lt;a href=&quot;http://www.telegraph.co.uk/gardening/worldwide-trends/&quot;>articles and videos&lt;/a> that are guaranteed to get your green fingers excited!&amp;nbsp;&lt;/p>&#xa;"
                        dropCap="true"/>
                </par>
            </paragraph>
            <tagContentBottom
                jcr:primaryType="nt:unstructured"
                sling:resourceType="telegraph/core/commons/components/paragraph">
                <par
                    jcr:primaryType="nt:unstructured"
                    sling:resourceType="foundation/components/parsys">
                    <listOfTags
                        jcr:primaryType="nt:unstructured"
                        sling:resourceType="telegraph/core/commons/components/listOfTags/v1/listOfTags"
                        heading="READ MORE ABOUT:"
                        limit="20"
                        showPageTags="true"/>
                </par>
            </tagContentBottom>
        </content>
        <articlehero
            jcr:primaryType="nt:unstructured"
            sling:resourceType="foundation/components/parsys">
            <leadasset
                jcr:primaryType="nt:unstructured"
                sling:resourceType="telegraph/core/commons/components/leadAsset/v1/leadAsset"
                disableLazyLoad="true"
                layout="hidden">
                <image
                    jcr:primaryType="nt:unstructured"
                    sling:resourceType="foundation/components/image"/>
            </leadasset>
        </articlehero>
        <sponsorsLogoImage
            jcr:lastModified="{Date}2016-05-27T10:23:00.482Z"
            jcr:lastModifiedBy="scottk"
            jcr:primaryType="nt:unstructured"/>
        <reskinImage
            jcr:lastModified="{Date}2016-05-27T10:23:00.482Z"
            jcr:lastModifiedBy="scottk"
            jcr:primaryType="nt:unstructured"
            sling:resourceType="foundation/components/image"/>
        <image
            jcr:lastModified="{Date}2016-05-27T10:23:00.482Z"
            jcr:lastModifiedBy="scottk"
            jcr:primaryType="nt:unstructured"
            imageRotate="0"/>
    </jcr:content>
</jcr:root>
