<?xml version="1.0" encoding="UTF-8"?>
<jcr:root xmlns:cq="http://www.day.com/jcr/cq/1.0" xmlns:jcr="http://www.jcp.org/jcr/1.0" xmlns:rep="internal"
    jcr:mixinTypes="[rep:AccessControllable]"
    jcr:primaryType="cq:Page">
    <jcr:content/>
    <application/>
    <_x0032_016/>
    <_x0032_017/>
    <_x0032_018/>
    <_x0032_019/>
    <_x0032_020/>
    <_x0032_021/>
    <_x0030_/>
    <politics/>
    <uk/>
    <defence/>
    <investigations/>
    <world/>
    <entertainment/>
    <weird/>
    <pictures/>
    <matt/>
    <welcome-to-the-new-telegraph-website/>
    <video/>
    <wildlife-video/>
    <royal-video/>
    <us-politics-video/>
    <weather-video/>
    <data/>
    <predictions/>
    <telegraph-podcasts/>
    <general-election-results-2017-maps-breakdown/>
    <general-election-2015-results/>
    <world-food-programme/>
    <_x0032_015/>
    <_x0032_022/>
    <brexit-negotiations-tracker/>
    <_x0032_0-years-of-telegraph-assignments/>
    <can-sugar-taxes-solve-obesity-diabetes/>
    <the-war-on-malaria/>
    <battle-to-eliminate-trachoma/>
    <trooping-the-colour-2018-gigapixel/>
    <global-heath-progress-report/>
    <cities-in-the-face-of-drought/>
    <rise-of-biological-chemical-weapons/>
    <testvideo160718/>
    <hiv-and-aids-in-africa/>
    <photos-british-soldiers-korea-forgotten-war/>
    <fire-storm-the-wildfires-sweeping-europe-and-britain/>
    <queen-elizabeth-ii-and-prince-philip-best-pictures-through-the-years/>
    <disease-x-virus-hunters/>
    <my-battle-brett-kavanaugh-over-truth-ambrose-evans-pritchard/>
    <generation-zika/>
    <stunting-a-silent-emergency/>
    <armistice-day-centenary-cenotaph-gigapixel/>
    <best-photos-end-year-2018/>
    <contraception-in-ghana/>
    <wells-cathedral-christmas-carols-candlelight/>
    <post-natal-depression-in-west-africa/>
    <assembling-brexit/>
    <painted-hall-reopening/>
    <world-malaria-day-sierra-leone-stats/>
    <ghost-towns-of-fukushima/>
    <_x0032_009/>
    <social-credit-in-china/>
    <mps-expenses-scandal/>
    <eye-of-the-storm/>
    <snakebite-and-antivenom/>
    <licensed-to-kill/>
    <child-soldiers-of-the-congo/>
    <great-green-wall/>
    <xp-children-in-india/>
    <elephantiasis-in-malawi/>
    <hijra-transgender-bangladesh/>
    <african-migrants-in-america/>
    <hiv-in-uganda/>
    <feeding-the-future/>
    <pakistans-hiv-outbreak/>
    <congos-ebola-outbreak/>
    <amazon-deforestation-in-colombia/>
    <child-of-the-caliphate/>
    <your-womb-or-your-job/>
    <hurricane-dorian-in-the-bahamas/>
    <us-child-immigration-policy/>
    <man-vs-elephant/>
    <tanzanias-hero-rats/>
    <drug-trafficking-in-cape-verde/>
    <jonathan-test/>
    <qatar-world-cup-workers-exploited/>
    <infanticide-in-kenya/>
    <general-election-results-2019-maps-breakdown-constituency/>
    <bosnia-migration-crisis/>
    <measles-in-samoa/>
    <witch-hunt-in-kenya/>
    <amazon-midwives/>
    <global-protests-2019/>
    <citarum-river-pollution/>
    <telegraph-visual-storytelling-digital-snapchat-tv/>
    <visual-storytelling-digital-snapchat-tv/>
    <visual-storytelling-digital-snapchat-sat-editions/>
    <visual-storytelling-digital-snapchat-daily/>
    <south-sudan-peace-deal/>
    <covid-uk-cases-deaths-booster-vaccine-world-map-live/>
    <hiroshima-anniversary-75-nuclear-bomb-nagasaki-world-war-2/>
    <coronavirus-school-office-commute-pub-safe/>
    <_x0032_020-we-made-it-together/>
    <america-capitol-mobs-attack-beating-heart-us-democracy-told-pictures/>
    <manchester-arena-bombing-attack-inquiry-victims/>
    <alex-testing/>
    <queen-elizabeth-ii-1926/>
    <rep:policy/>
</jcr:root>
