<?xml version="1.0" encoding="UTF-8"?>
<jcr:root xmlns:cq="http://www.day.com/jcr/cq/1.0" xmlns:jcr="http://www.jcp.org/jcr/1.0"
    jcr:primaryType="cq:Page">
    <jcr:content/>
    <a-weekend-break-incopenhagen/>
    <copenhagen-city-guide/>
    <copenhagen-cruiseportguide/>
    <Copenhagen-traffic-wardens-to-become-tour-guides/>
    <Copenhagen-by-the-owner-of-Noma-the-worlds-best-restaurant/>
    <Don-Warringtons-Copenhagen-My-Kind-of-Town/>
    <Copenhagen-Soren-Kierkegaards-legacy-lives-on/>
    <Copenhagens-trendy-Norrebro-district-a-tour/>
    <Sofie-Grabols-Copenhagen-My-Kind-of-Town/>
    <Copenhagen-a-guide-to-the-best-shops-hotels-and-restaurants/>
    <Cruises-a-classic-clipper-to-Copenhagen/>
    <best-romantic-hotels-in-copenhagen/>
    <hotel-sp34-copenhagen-hottest-design-hotel/>
    <why-you-should-visit-copenhagen/>
    <dishwasher-made-co-owner-of-world-famous-noma-restaurant/>
    <little-mermaid-statue-vandalised-again-by-whaling-activists/>
    <the-best-five-star-hotels-in-copenhagen/>
    <the-best-cheap-hotels-in-copenhagen/>
    <best-design-hotels-copenhagen/>
    <where-stay-copenhagen-best-hotels-denmark-no-quarantine/>
    <best-boutique-hotels-copenhagen/>
    <best-hotels-near-tivoli-gardens-copenhagen/>
    <best-luxury-hotels-copenhagen/>
    <the-best-hotels-in-copenhagen-city-centre/>
    <best-hostels-copenhagen-hotels/>
    <inside-the-radisson-royal-hotel-copenhagen/>
    <copenhagen-restaurants/>
    <things-to-do-in-copenhagen/>
    <free-things-to-do-in-copenhagen/>
    <copenhagen-nightlife/>
    <copenhagen-shopping/>
    <copenhagen-events/>
    <fight-to-save-tattoo-ole-oldest-parlour-copenhagen/>
    <copenhagen-what-to-see-and-do/>
    <copenhagen-travel-guide/>
    <forget-hygge-michelin-stars-scandi-noir-how-to-find-true-spirit-copenhagen-ballet/>
    <canal-swim-copenhagen/>
    <best-family-friendly-hotels-copenhagen/>
    <best-spa-hotels-copenhagen/>
    <noma-reopens-burger-bar-copenhagen-restaurant/>
    <kathy-lette-sandi-toksvig-explore-copenhagen-cycling-food-skiing/>
</jcr:root>
