<?xml version="1.0" encoding="UTF-8"?>
<jcr:root xmlns:cq="http://www.day.com/jcr/cq/1.0" xmlns:jcr="http://www.jcp.org/jcr/1.0"
    jcr:primaryType="cq:Page">
    <jcr:content/>
    <application/>
    <building-your-own-home-tips/>
    <career-change/>
    <build-an-eco-friendly-house/>
    <sandwich-generation/>
    <amanda-prowse-dream-career/>
    <heck-sausages/>
    <extravagant-hobbies/>
    <women-in-investing/>
    <how-to-retire-early/>
    <things-consider-end-tax-year/>
    <make-the-most-of-your-inheritance/>
    <saving-for-a-wedding-money-milestones/>
</jcr:root>
