<?xml version="1.0" encoding="UTF-8"?>
<jcr:root xmlns:cq="http://www.day.com/jcr/cq/1.0" xmlns:jcr="http://www.jcp.org/jcr/1.0"
    jcr:primaryType="cq:Page">
    <jcr:content/>
    <trusted-adviser-to-offer-telegraph-readers-personalised-financia/>
    <telegraph-investment-and-pensions-service-in-association-with-sk/>
    <struggling-to-make-sense-of-the-pension-changes-/>
    <how-often-do-you-review-your-personal-finances-/>
    <don-t-leave-your-retirement-plans-too-late/>
    <investment-guides---free-downloads/>
    <telegraph-retirement-income-calculator/>
    <application/>
    <telegraph-savings-calculator/>
    <log-in-for-existing-customers/>
    <investment---pensions---call-back/>
    <telegraph-investment---pensions-email/>
    <download-free-copy-of-retirement-magazine/>
    <frequently-asked-questions/>
    <guide-to-retirement/>
    <guide-to-pension-changes/>
    <retiring-in-2016-/>
    <retirement-countdown-guide/>
    <_x0032_016-budget/>
    <it-s-time-to-talk-about-changing-your-financial-future/>
    <are-you-achieving-the-returns-you-require-/>
    <struggling-to-find-a-financial-adviser-/>
    <how-to-make-better-financial-decisions/>
    <investment-guide/>
    <plunging-savings-rates/>
    <retirement-calculator/>
    <it-s-so-important-to-have-a-financial-adviser-you-can-trust/>
    <what-does-brexit-mean-for-your-finances-/>
    <five-reasons-to-have-a-financial-review/>
    <brexit--what-it-means-for-investments-/>
    <what-does-brexit-mean-for-your-finances-0/>
    <is-it-time-to-broaden-your-financial-horizons-/>
    <_i_m-more-pleased-than-ever-that-i-have-someone-monitoring-my-in/>
    <financial-advice-you-can-always-rely-on/>
    <are-you-losing-interest-in-your-savings-/>
    <the-financial-advice-you-need-is-still-here/>
    <are-savings-accounts-right-for-your-long-term-goals-/>
    <_financial-advice-is-helping-us-/>
    <time-to-health-check-your-finances-/>
    <do-you-know-how-your-investments-are-performing-/>
    <why-it_s-worth-investing-in-a-financial-adviser-/>
    <_i_m-more-pleased-than-ever-that-i-have-someone-monitoring-my-in0/>
    <leave-it-to-an-expert/>
    <how-to-find-out-the-value-of-your-pension-pots/>
    <financial-advice-gives-me-peace-of-mind-/>
    <are-you-confident-about-your-financial-future-/>
    <expert-view--how-could-multi-asset-funds-support-your-investment/>
    <worrying-statistics-released-about-retirement-planning/>
    <maximise-pension-savings/>
    <lifetime-allowance/>
    <multiple-pension-pots/>
    <questions-to-ask-financial-adviser-/>
    <benefits-of-financial-planning/>
    <what-is-a-good-pension-pot/>
    <should-i-withdraw-my-pension-early/>
    <pension-day/>
    <display/>
    <how-to-plan-for-school-fees/>
    <pension-inheritance-rules/>
    <lifetime-allowance-changes/>
    <gender-savings-gap/>
    <pensioner-inflation-boost/>
    <how-much-do-i-need-to-retire/>
    <private-pension/>
    <are-online-pensions-safe/>
    <costly-pension-mistakes/>
    <avoid-outliving-pension-savings/>
    <trace-your-pensions/>
    <avoid-outliving-pension-savings0/>
    <financial-benefits-of-financial-planning/>
    <value-of-financial-advice/>
    <why-you-should-get-financial-advice/>
    <investing-in-pension-funds/>
    <sharing-wealth-with-family/>
    <reduce-tax-on-investments/>
    <preparing-to-see-financial-advisor/>
    <investing-in-changing-market/>
    <maximise-tax-relief-on-pension/>
    <autumn-budget-financial-planning/>
    <brexit-impacts-on-pension/>
    <ellietest/>
</jcr:root>
