<?xml version="1.0" encoding="UTF-8"?>
<jcr:root xmlns:cq="http://www.day.com/jcr/cq/1.0" xmlns:jcr="http://www.jcp.org/jcr/1.0"
    jcr:primaryType="cq:Page">
    <jcr:content/>
    <application/>
    <articles/>
    <athens/>
    <corfu/>
    <crete/>
    <cyclades/>
    <epirus/>
    <halkidiki/>
    <hydra/>
    <patmos/>
    <peloponnese/>
    <rhodes/>
    <skiathos/>
    <hotels/>
    <zakynthos/>
    <galleries/>
    <dream-holidays/>
    <captivating-holidays/>
    <kefalonia/>
    <evia/>
    <thessaloniki/>
    <skyros/>
    <saronic-islands/>
    <dodecanese/>
    <north-aegean/>
    <greece-tours/>
    <greece-holidays/>
    <greece-ocean-cruises/>
    <chios/>
    <lefkada/>
    <ithaca/>
    <sporades/>
    <d/>
    <like-visit-greek-island-evia-six-weeks-fires/>
    <trail-myths-legends-greeces-oldest-oak-forest/>
    <inside-sir-patrick-leigh-fermors-former-home-now-idyllic-greek/>
    <navigated-greek-island-ruined-social-media/>
    <worst-ever-holiday-featuring-police-brutality-near-death-experience/>
    <scared-return-places-holidayed-father-passed-away/>
    <quiet-greek-islands-secret-greece-destinations-holidays-2022/>
    <mussolinis-greek-island-forgotten-fascist-utopia/>
    <does-spartan-lifestyle-really-make-fitter-went-greece-find/>
    <greeces-best-kept-secret-authentic-island-can-swim-naked-secret/>
    <_x0032_0-amazing-holidays-prove-never-better-time-visit-greece/>
    <anniversary-trips-arent-just-couples-celebrated-50-years-friendship/>
    <hidden-greek-retreat-007-would-love/>
    <beautiful-islands-greece-instagram-crowd-ruined/>
    <greek-island-lost-time-where-women-rule-roost/>
    <swanky-corner-greece-luring-a-listers-boris-johnson/>
    <husband-feared-wellness-retreat-would-woo-woo-central-needed/>
    <charming-greek-seaside-city-never-heard/>
    <greek-alternative-swiss-alps-fraction-price/>
</jcr:root>
