<?xml version="1.0" encoding="UTF-8"?>
<jcr:root xmlns:cq="http://www.day.com/jcr/cq/1.0" xmlns:jcr="http://www.jcp.org/jcr/1.0"
    jcr:primaryType="cq:Page">
    <jcr:content/>
    <paris-travel-guide/>
    <what-their-sunday-trading-laws-say-about-the-french/>
    <why-now-is-the-perfect-time-to-go-to-paris/>
    <paris--how-to-visit-the-louvre/>
    <booze-in-baby-bottles--a-hipster-fad-too-far/>
    <bastille-day--is-the-spot-where-the-french-revolution-started-th/>
    <frozen-summer-fun-opens-at-disneyland-paris--first-look/>
    <sainte-chapelle-s-stained-glass-windows-now-fully-restored/>
    <christmas-shopping-in-paris--where-to-go-and-what-to-buy/>
    <paris-events/>
    <a-weekend-break-inlemarais/>
    <paris-getting-there/>
    <paris-free-thingstodo/>
    <_x0033_6-hours-in-paris/>
    <paris-itineraries/>
    <paris-shopping/>
    <paris-nightlife/>
    <paris-restaurants/>
    <things-to-do-in-paris/>
    <paris-city-breakguide/>
    <Belle-Epoque-Paris/>
    <Paris-and-Montmartre-holiday/>
    <The-12-worst-things-to-do-in-Paris/>
    <Paris-where-to-stay-for-a-quiet-break/>
    <Paris-on-a-budget-the-best-cheap-hotels-and-restaurants/>
    <Eiffel-Tower-tickets-and-queuing-advice/>
    <Paris-restaurants-for-a-treat/>
    <Paris-Love-locks-are-vandalism-and-should-be-banned/>
    <France-Idling-through-Paris-on-a-canal-boat/>
    <Paris-attractions-what-to-see-and-do-in-summer/>
    <Eiffel-Tower-facts/>
    <Pariss-best-fashion-shops/>
    <Pariss-best-bakeries/>
    <Pariss-best-fashion-boutiques/>
    <Paris-a-gothic-tale/>
    <Paris-Fashion-Week-the-citys-coolest-bars-and-restaurants/>
    <Paris-with-children-a-city-that-is-terrible-for-les-enfants/>
    <Paris-holidays-family-friendly-restaurants-shops-and-things-to-do/>
    <Paris-attractions-what-to-see-and-do-in-autumn/>
    <Advice-on-visiting-the-Sainte-Chapelle-in-Paris/>
    <Eiffel-Tower-gets-glass-floor-in-24m-facelift/>
    <Paris-sex-toy-sculpture-causes-a-stir/>
    <Inside-Pariss-reopened-Picasso-Museum/>
    <Tourists-in-Paris-should-be-vigilant-and-show-solidarity/>
    <The-Impressionists-in-Paris/>
    <Paris-Plages-artificial-beaches-open-along-the-Seine/>
    <Just-Back-A-stroll-through-Pariss-mini-Africa/>
    <Sainte-Chapelle-360-degree-view-of-Paris-chapels-kaleidoscopic-stained-glass-windows/>
    <The-iDBUS-On-the-French-bus-from-London-to-Paris/>
    <Paris-a-designer-guide/>
    <Paris-guide-lesser-known-attractions-bars-and-restaurants/>
    <Paris-five-of-the-best-traditional-restaurants/>
    <Pariss-best-cheap-restaurants/>
    <Pariss-best-museums-and-art-galleries/>
    <Is-graffiti-ruining-Paris/>
    <Why-you-must-keep-visiting-Paris/>
    <top-10-characterful-paris-hotels/>
    <Golden-Arrow-A-one-off-chance-to-take-the-steam-train-to-Paris/>
    <Paris-attractions-what-to-see-and-do-in-spring/>
    <Sue-Townsends-Paris/>
    <To-Paris-on-the-cheap-a-Megabus-journey-for-just-over-a-pound/>
    <Gok-Wans-Paris/>
    <Raymond-Blancs-Paris-My-Kind-of-Town/>
    <Victoria-Pendletons-Paris-My-Kind-of-Town/>
    <History-and-luxury-on-a-private-jet-to-Paris/>
    <Just-Back-Paris-in-1883/>
    <Do-you-know-a-good-restaurant-near-the-Pantheon-Paris/>
    <Should-I-stay-on-the-outskirts-of-Paris/>
    <Evening-dinners-cruises-on-the-Seine/>
    <Budget-restaurants-in-the-16th-arrondissement/>
    <Refund-for-a-cancelled-rail-journey/>
    <Paris-city-breaks-night-activities/>
    <Disneyland-Paris-travelling-by-train/>
    <LoveWithoutLocks-Paris-after-the-padlocks/>
    <Paris-Metros-ghost-stations-could-be-transformed/>
    <The-Ritz-Paris-opens-for-reservations/>
    <Paris-attacks-Is-it-safe-to-travel-to-Paris/>
    <No-queues-cheap-hotels-theres-never-been-a-better-time-to-visit-Paris/>
    <The-cheapest-way-from-London-to-Paris/>
    <Edith-Piafs-Paris/>
    <Paris-attractions-what-to-see-and-do-in-winter/>
    <_x0031_3-months-how-long-it-will-take-Paris-to-recover/>
    <Rodin-Museum-reopening-The-beauty-of-the-bronze-age/>
    <Nearly-half-of-tourists-less-likely-to-visit-Paris/>
    <Paris-attacks-could-cost-European-tourism-660m/>
    <Paris-attacks-fail-to-deter-tourists/>
    <Romantic-Paris-what-to-do-and-where-to-stay/>
    <live-like-a-local-in-paris/>
    <paris-artist-houses-delacroix-rodin/>
    <cheap-hotels-in-paris/>
    <the-worlds-first-underwater-airbnb/>
    <five-star-hotels-in-paris/>
    <airbnb-opens-underwater-bedroom-where-guests-are-surrounded-by-sharks/>
    <instagram-users-undercover-the-hidden-beauty-of-the-paris-metro/>
    <paris-is-always-a-good-idea-audrey-hepburn-instagram/>
    <the-best-paris-hotels-for-the-euro-championships/>
    <_x002d_eiffel-tower-to-be-turned-into-a-euro-2016-rental-apartment/>
    <instagram-users-reimagine-classic-works-of-art-to-promote-paris-archive/>
    <ritz-paris-releases-star-studded-video-ahead-of-its-grand-reopen/>
    <paris-floods-which-attractions-are-closed/>
    <inside-the-ritz-paris-hotel-france/>
    <inside-the-euro-2016-apartment-on-the-eiffel-tower/>
    <Paris-disused-train-stations-to-become-galleries-bars-restaurants/>
    <le-cinq-review-four-seasons-george-v-hotel-paris/>
    <paris-summer-nightlife-bars-things-to-do/>
    <paris-pedestrianises-car-free-right-bank-the-seine-attractions/>
    <oscar-wilde-paris/>
    <cheap-paris-guide/>
    <in-pictures-the-new-paris-gare-du-nord-station-refurbishment/>
    <paris-tries-to-woo-tourists-back-with-better-english-skills-campaign/>
    <paris-erotic-museum-makes-half-a-million-closing-down-auction/>
    <best-paris-hotels-with-michelin-starred-restaurants/>
    <the-best-disneyland-paris-hotels/>
    <john-mcenroe-interview-paris-travel-tips-celebrity-travel-my-kind-of-town/>
    <best-stylish-paris-hotels/>
    <anthony-horowitz-falling-in-love-all-over-again-with-paris/>
    <paris-amazing-facts-things-you-did-not-know/>
    <the-best-romantic-paris-hotels/>
    <best-paris-hotels-near-the-eiffel-tower/>
    <the-best-design-hotels-in-paris/>
    <russian-private-art-collection-on-show-in-paris/>
    <the-best-boutique-hotels-in-paris/>
    <le-grand-musee-du-parfum--an-immersive-multi-sensory-perfume-jou/>
    <paris-new-hotels-events-exhibitions-things-to-do-2017/>
    <paris-tightens-fashion-week-security-to-reassure-the-rich-and-fa/>
    <maison-albar-hotel-paris-celine/>
    <four-seasons-george-v-three-michelin-starred-restaurants/>
    <best-honeymoon-hotels-paris/>
    <best-hotels-in-paris-city-centre/>
    <best-paris-hotels-near-the-champs-elysees/>
    <best-luxury-paris-hotels/>
    <where-to-stay-in-paris-hotels-by-district/>
    <disneyland-paris-turns-25/>
    <paris-installs-zipline-from-the-eiffel-tower/>
    <disney-marvel-superhero-hotel-disneyland-paris/>
    <most-touristy-cities-on-earth/>
    <paris-best-views/>
    <hotel-national-des-arts-et-metiers-is-this-paris-hippest-new-hotel/>
    <best-paris-spa-hotels/>
    <inside-the-hoxton-hotel-paris/>
    <best-hotels-near-arc-de-triomphe/>
    <best-marais-hotels/>
    <best-hotels-in-montmartre/>
    <visitor-figures-hit-ten-year-high-in-paris-as-tourists-defy-terrorism-and-trump/>
    <flame-of-liberty-paris-diana-death-crash-tunnel-memorial/>
    <best-hotels-near-the-louvre/>
    <inside-paris-new-yves-saint-laurent-museum/>
    <paris-reasons-to-visit-2018/>
    <mandarin-oriental-hotel-paris-the-rolling-stones-concert/>
    <plum-guide-paris-apartments/>
    <chateau-de-chantilly-see-do-stay/>
    <the-best-bars-in-paris/>
    <romantic-paris-city-of-lights-just-back/>
    <paris-most-stylish-places-expert-guide/>
    <is-it-safe-to-visit-paris-protests/>
    <paris-opera-palais-garnier-350-year-anniversary/>
    <best-modern-business-hotels-paris/>
    <what-notre-dame-means-to-the-french/>
    <paris-ugly-amelie/>
    <french-haute-cuisine-in-paris/>
    <mona-lisa-louvre-queues/>
    <how-to-do-weekend-break-disneyland-paris/>
    <paris-overtourism-crowds/>
    <electric-scooters-paris-london/>
    <holiday-money-diaries-one-night-break-paris/>
    <paris-pissoirs-urinals-history/>
    <cost-of-a-weekend-in-paris/>
    <paris-best-modern-quirky-restaurants/>
    <picasso-in-paris/>
    <paris-louvre-museum-still-closed-coronavirus-covid-19/>
    <best-family-hotels-paris/>
    <luxury-palace-hotels-paris-post-lockdown/>
    <paris-different-after-coronavirus/>
    <black-tourism-entrepreneurs-telling-fuller-story-paris/>
    <disneyland-paris-reopens-after-coronavirus-lockdown/>
    <paris-shutdown-bars-closed-socialising/>
    <lockdown-in-paris-france-second-wave/>
    <luke-edward-hall-hotel-les-deux-gares-paris/>
</jcr:root>
