<?xml version="1.0" encoding="UTF-8"?>
<jcr:root xmlns:cq="http://www.day.com/jcr/cq/1.0" xmlns:jcr="http://www.jcp.org/jcr/1.0"
    jcr:primaryType="cq:Page">
    <jcr:content/>
    <l-avenida-hotel/>
    <hotel-es-port/>
    <finca-son-jorbo-hotel/>
    <hotel-bonsol-resort-and-spa/>
    <la-reserva-rotana-hotel/>
    <Grupotel-Los-Principes-and-Spa/>
    <Iberostar-Cala-Millor-hotel/>
    <jumeirah-port-soller-hotel/>
    <son-brull-hotel/>
    <cases-de-son-barbassa-hotel/>
    <finca-son-palou-hotel/>
    <can-tem-hotel/>
    <l-hotel-de-la-vila/>
    <cap-rocat-hotel/>
    <od-port-portals-hotel/>
    <gran-hotel-son-net-hotel/>
    <viva-cala-mesquida-resort-hotel/>
    <Hotel-Esplendido/>
    <Hotel-Sis-Pins/>
    <Grupotel-Picafort-Beach/>
    <Club-Pollentia-Resort/>
    <belmond-la-residencia-hotel/>
    <hotel-es-moli/>
    <park-hyatt-mallorca-hotel/>
    <cap-vermell-beach-hotel/>
    <hotel-pure-salt-port-adriano/>
    <hotel-pure-salt-garonda/>
    <iberostar-playa-de-palma-hotel/>
    <illa-d-or-hotel/>
    <hotel-can-simoneta/>
    <son-julia-hotel/>
    <fontsanta-hotel/>
    <melia-cala-d-or-hotel/>
    <blau-privilege-porto-petro-beach-resort-and-spa-hotel/>
    <st-regis-mardavall-mallorca-resort-hotel/>
    <aimia-hotel/>
    <jardi-d-arta-hotel/>
    <hotel-cala-sant-vicenc/>
    <la-goleta/>
    <hotel-minister/>
    <iberostar-grand-hotel-portals-nous/>
    <the-sea-club-hotel/>
    <hotel-valldemossa/>
    <mon-port-hotel-and-spa/>
    <hotel-cas-xorc/>
    <cal-reiet-hotel/>
    <hotel-can-mostatxins/>
    <barcelo-formentor-royal-hideaway-hotel/>
    <lindner-golf-and-wellness-resort-hotel/>
    <the-pink-pepper-tree-hotel/>
    <castell-son-claret-hotel/>
    <castillo-hotel-son-vida/>
    <es-revellar-art-resort-hotel/>
    <son-gener-hotel/>
    <son-mas-hotel-rural/>
    <son-viscos-hotel/>
    <pleta-de-mar-hotel/>
    <predi-son-jaumell-hotel-rural/>
    <petit-hotel-son-arnau/>
    <possessio-binicomprat-hotel/>
    <finca-gomera-hotel/>
    <finca-sestelrica-hotel/>
    <melbeach-hotel-and-spa-hotel/>
    <hotel-can-mostatxins-frare/>
    <zafiro-palace-alcudia-hotel/>
    <vanity-hotel-suite-and-spa/>
    <can-ribera-hotel-by-zafiro/>
    <zafiro-palace-palmanova-hotel/>
    <sa-creu-nova-petit-palais-art-and-spa-hotel/>
    <sa-pedrissa-hotel/>
    <finca-serena-hotel/>
    <ona-hotels-soller-bay-hotel/>
    <carrossa-hotel-spa-villas/>
    <hotel-ten-majorca/>
    <finca-can-beneit-hotel/>
    <can-ferrereta-hotel/>
    <zafiro-palace-andratx-hotel/>
    <hotel-creu-de-tau-art-spa/>
</jcr:root>
