<?xml version="1.0" encoding="UTF-8"?>
<jcr:root xmlns:cq="http://www.day.com/jcr/cq/1.0" xmlns:jcr="http://www.jcp.org/jcr/1.0"
    jcr:primaryType="cq:Page">
    <jcr:content/>
    <pinot-noir/>
    <application/>
    <wine-terminology-a-simple-guide/>
    <win-a-mixed-case-of-12/>
    <alsace-riesling-food-pairings-and-characteristics/>
    <thank-you-for-your-entry/>
    <alsace-wines-terms-conditions/>
    <gewurztraminer-guide/>
    <pinot-blanc-pinot-noir/>
    <cremant-d-alsace-an-alternative-to-champagne/>
    <wine-route/>
    <grand-cru/>
</jcr:root>
