<?xml version="1.0" encoding="UTF-8"?>
<jcr:root xmlns:cq="http://www.day.com/jcr/cq/1.0" xmlns:jcr="http://www.jcp.org/jcr/1.0"
    jcr:primaryType="cq:Page">
    <jcr:content/>
    <application/>
    <venue/>
    <stay-updated/>
    <why-attend/>
    <agenda/>
    <speakers/>
    <sponsorship/>
    <book-your-ticket/>
    <sponsors/>
    <infographic/>
    <technology-driverless-cars-safe/>
    <lidar-technology-driverless-cars/>
    <technology-impact-engineering/>
    <uk-global-forefront-driverless-cars/>
    <challenges-autonomous-vehicle-industry-face/>
    <mobility-as-a-service-models/>
    <electric-vehicles/>
</jcr:root>
