<?xml version="1.0" encoding="UTF-8"?>
<jcr:root xmlns:cq="http://www.day.com/jcr/cq/1.0" xmlns:jcr="http://www.jcp.org/jcr/1.0"
    jcr:primaryType="cq:Page">
    <jcr:content/>
    <best-energy-deals/>
    <switching-energy-suppliers/>
    <best-dual-fuel-deals/>
    <save-energy-this-holiday-season/>
    <step-outside-the-big-six-for-energy-deals/>
    <guide-to-switching-energy/>
    <knock-400-from-your-bills/>
    <green-energy-tariffs-help-environment-provide-cheap-energy/>
    <compare-gas-and-electricity-prices/>
    <cheap-gas-electricity/>
    <how-the-electricity-cost-calculator-works/>
    <application/>
    <free-gas-and-electricity-bill-t-cs/>
    <moving-home-checklist/>
    <energy-bills-rising-by-as-much-as-11pc/>
    <are-smart-meters-good/>
    <collective-energy-deals/>
    <electricity-price-increases/>
    <more-energy-efficient-home/>
    <new-year-cut-electricity-bill/>
    <home-appliance-energy-consumption-/>
    <switching-energy-supplier-for-tenants/>
    <switching-supplier-without-penalities/>
    <how-to-draught-proof-your-home/>
    <are-solar-panels-worth-it/>
    <switching-supplier-without-penalties/>
    <best-ways-to-save-on-energy-bills/>
    <guide-to-dual-fuel/>
    <what-is-an-economy-7-meter/>
    <collective-energy-switch/>
    <cheapest-electricity-provider/>
    <setting-up-gas-and-electricity-in-a-rented-house/>
</jcr:root>
