<?xml version="1.0" encoding="UTF-8"?>
<jcr:root xmlns:cq="http://www.day.com/jcr/cq/1.0" xmlns:jcr="http://www.jcp.org/jcr/1.0"
    jcr:primaryType="cq:Page">
    <jcr:content/>
    <damaraland-camp-hotel/>
    <doro-nawas-hotel/>
    <desert-rhino-camp-hotel/>
    <onguma-the-fort-hotel/>
    <onguma-tented-camp-hotel/>
    <etosha-village-hotel/>
    <okonjima-bush-camp-hotel/>
    <ongava-lodge-hotel/>
    <shipwreck-lodge-hotel/>
    <omaanda-hotel/>
    <hoanib-valley-camp-hotel/>
    <desert-breeze-hotel/>
    <olive-exclusive-windhoek-hotel/>
    <little-kulala-sossusvlei-hotel/>
    <safarihoek-lodge-hotel/>
    <andbeyond-sossusvlei-desert-lodge-hotel/>
    <kwessi-dunes-hotel/>
</jcr:root>
