<?xml version="1.0" encoding="UTF-8"?>
<jcr:root xmlns:cq="http://www.day.com/jcr/cq/1.0" xmlns:jcr="http://www.jcp.org/jcr/1.0"
    jcr:primaryType="cq:Page">
    <jcr:content/>
    <application/>
    <articles/>
    <athens/>
    <corfu/>
    <crete/>
    <cyclades/>
    <epirus/>
    <halkidiki/>
    <hydra/>
    <patmos/>
    <peloponnese/>
    <rhodes/>
    <skiathos/>
    <hotels/>
    <zakynthos/>
    <galleries/>
    <dream-holidays/>
    <captivating-holidays/>
    <kefalonia/>
    <evia/>
    <thessaloniki/>
    <skyros/>
    <saronic-islands/>
    <dodecanese/>
    <north-aegean/>
    <greece-tours/>
    <greece-holidays/>
    <chios/>
    <lefkada/>
    <ithaca/>
    <sporades/>
    <like-visit-greek-island-evia-six-weeks-fires/>
    <trail-myths-legends-greeces-oldest-oak-forest/>
    <inside-sir-patrick-leigh-fermors-former-home-now-idyllic-greek/>
    <navigated-greek-island-ruined-social-media/>
    <worst-ever-holiday-featuring-police-brutality-near-death-experience/>
    <scared-return-places-holidayed-father-passed-away/>
</jcr:root>
