<?xml version="1.0" encoding="UTF-8"?>
<jcr:root xmlns:cq="http://www.day.com/jcr/cq/1.0" xmlns:jcr="http://www.jcp.org/jcr/1.0"
    jcr:primaryType="cq:Page">
    <jcr:content/>
    <pop-house-hotel/>
    <grand-hotel-stockholm/>
    <ett-hem-hotel/>
    <nobis-hotel/>
    <hotel-rival/>
    <story-hotel-riddargatan/>
    <malardrottningen-hotel/>
    <lydmar-hotel/>
    <hotel-skeppsholmen/>
    <berns-hotel/>
    <freys-hotel/>
    <hotel-kungstradgarden/>
    <radisson-blu-waterfront-hotel/>
    <generator-stockholm-hotel/>
    <miss-clara-hotel/>
    <sandhamn-seglarhotell-hotel/>
    <haymarket-by-scandic-hotel/>
    <city-backpackers-hostel/>
    <hobo-hotel/>
    <at-six-hotel/>
    <downtown-camper-hotel/>
    <radisson-collection-hotel-strand-stockholm/>
    <stallmaestaregarden-hotel/>
    <the-winery-hotel/>
    <scandic-no-53-hotel/>
    <hilton-stockholm-slussen-hotel/>
    <yasuragi-hotel/>
    <ruin-retreat-hotel/>
    <nordic-light-hotel/>
    <bank-hotel/>
    <the-sparrow-hotel/>
    <blique-by-nobis-hotel/>
    <villa-dagmar-hotel/>
</jcr:root>
