<?xml version="1.0" encoding="UTF-8"?>
<jcr:root xmlns:cq="http://www.day.com/jcr/cq/1.0" xmlns:jcr="http://www.jcp.org/jcr/1.0"
    jcr:primaryType="cq:Page">
    <jcr:content/>
    <bath-city-break-guide/>
    <bath-attractions/>
    <bath-nightlife/>
    <bath-restaurants/>
    <bath-shopping/>
    <_x0033_6-hours-in-bath/>
    <bath-getting-there/>
    <bath-events/>
    <Bath-for-families-a-walking-trail-in-and-around-the-city/>
    <Bath-attractions-what-to-see-and-do-in-autumn/>
    <Bath-homeless-city-tours-A-primer-with-extra-guts/>
    <Bath-a-guide-to-autumn-weekend-breaks/>
    <Bath-Fringe-Festival-preview/>
    <My-Bath-our-experts-favourite-places/>
    <New-Bath-tours-launched-led-by-the-homeless/>
    <Bath-a-girls-guide-to-the-best-hotels-shops-and-restaurants/>
    <Wining-dining-and-a-gardening-class-in-Bath/>
    <The-Abbey-Is-this-Baths-most-fun-hotel/>
    <best-hotels-in-bath-city-centre/>
    <best-luxury-hotels-in-and-around-bath/>
    <best-spa-hotels-in-bath/>
    <the-best-bed-and-breakfasts-bath/>
    <linda-robson-bath-my-kind-of-town/>
    <best-cheap-hotels-in-bath/>
    <is-baths-world-heritage-status-at-risk/>
    <no-15-great-pulteney/>
    <the-best-bath-hotels-with-pools/>
    <the-gainsborough-bath-spa-britains-best-city-spa-hotel/>
    <the-best-bath-hotels-with-parking/>
    <best-afternoon-tea-bath/>
    <summer-in-bath/>
    <hot-hit-squad-the-gainsborough-bath-spa-somerset-hotel/>
    <bath-travel-guide/>
    <best-pubs-in-bath/>
    <why-bath-is-the-perfect-escape-for-the-new-year/>
    <a-wellness-experience-at-gainsborough-bath-spa-hotel/>
    <hotel-hit-squad-inside-yha-bath-hostel/>
    <best-romantic-bath-hotels/>
    <best-family-friendly-hotels-bath/>
    <thermae-bath-spa-reopens-lockdown/>
    <the-gainsborough-baths-restorative-covid-review/>
</jcr:root>
