<?xml version="1.0" encoding="UTF-8"?>
<jcr:root xmlns:cq="http://www.day.com/jcr/cq/1.0" xmlns:jcr="http://www.jcp.org/jcr/1.0"
    jcr:primaryType="cq:Page">
    <jcr:content/>
    <application/>
    <euro-2021-top-scorer-odds/>
    <scotland-euro-2021-odds/>
    <euro-2020-latest-odds/>
    <betting-offers-free-bets-betfair-euro-2021/>
    <betting-offers-free-bets-ladbrokes-euro-2021/>
    <best-euro-2021-existing-customer-offers/>
    <england-vs-croatia-betting-tips-euro-2021-preview-odds-free-bet/>
    <netherlands-vs-ukraine-betting-tips-euro-2021-preview-odds-free-bet/>
    <poland-vs-slovakia-betting-tips-euro-2021-preview-odds-free-bet/>
    <spain-vs-sweden-betting-tips-euro-2021-preview-odds-free-bet/>
    <william-hill-euro-2021-offer-england-croatia/>
    <sky-bet-euro-2021-betting-offer-turkey-italy-free-bets/>
    <_x0038_88sport-euro-2020-offer-england-vs-croatia/>
    <paddy-power-euro-2021-offer-england-vs-croatia/>
    <turkey-vs-wales-betting-tips-euro-2021-preview-odds-free-bet/>
    <france-vs-germany-betting-tips-euro-2021-preview-odds/>
    <william-hill-euro-2021-offer-france-germany/>
    <_x0038_88sport-euro-2020-offer-france-vs-germany/>
    <finland-vs-russia-betting-tips-euro-2021-preview-odds/>
    <denmark-vs-belgium-betting-tips-euro-2021-preview-odds-free-bet/>
    <croatia-vs-czech-republic-betting-tips-euro-2021-preview-odds-free-bet/>
    <sweden-vs-slovakia-betting-tips-euro-2021-preview-odds-free-bet/>
    <betvictor-euro-2020-offer-england-vs-scotland/>
    <william-hill-euro-2021-offer-england-scotland/>
    <paddy-power-euro-2021-offer-england-vs-scotland/>
    <portugal-vs-germany-betting-tips-euro-2021-preview-odds-free-bet/>
    <william-hill-euro-2021-free-bets-england-scotland/>
    <betting-offer-czech-republic-vs-england-Euro-2021-free-bet-888sport/>
    <betting-offer-czech-republic-vs-england-Euro-2021-free-bet-paddy-power/>
    <betting-tips-portugal-vs-france-euro-2021-preview-odds-free-bet/>
    <betting-offer-czech-republic-vs-england-euro-2021-free-bet-william-hill/>
    <betting-offer-czech-republic-vs-england-euro-2021-free-bet-betfair/>
    <betting-tips-wales-vs-denmark-euro-2021-preview-odds/>
    <betting-offer-england-vs-germany-euro-2021-free-bet-grosvenor/>
    <betting-tips-czech-republic-vs-denmark-euro-2021-preview-odds-free-bet/>
    <betting-tips-ukraine-vs-england-euro-2021-preview-odds-free-bet/>
    <betting-offer-for-ukraine-vs-england-free-bets/>
    <betting-offer-888sport-euro-2020-belgium-italy/>
    <betting-offer-ukraine-vs-england-euro-2021-free-bet-william-hill/>
    <betting-offer-ukraine-vs-england-free-bet-paddy-power-euro-2021/>
    <betting-offer-england-vs-ukraine-free-bet-euro-2021-888sport/>
    <betting-tips-preview-odds-free-bet-england-vs-denmark/>
    <betting-tips-preview-odds-free-bet-italy-vs-spain/>
    <betting-offer-free-bet-betbull-england-vs-denmark/>
    <betting-offer-free-bet-boylesports-denmark-vs-england/>
    <betting-offer-free-bet-888sport-denmark-vs-england-kane/>
    <betting-offer-free-bet-betfred-denmark-vs-england/>
    <betting-offer-free-bet-paddy-power-denmark-vs-england/>
    <betting-offer-free-bet-888sport-england-vs-denmark-odds-enhanced/>
    <betting-offer-free-bet-william-hill-denmark-vs-england/>
    <betting-offer-free-bet-william-hill-italy-vs-england/>
    <betting-offer-free-bet-888sport-odds-enhanced-italy-vs-england/>
    <betting-offer-free-bet-paddy-power-italy-vs-england/>
    <betting-offer-free-bet-betfred-england-vs-italy/>
    <betting-offer-free-bet-ladbrokes-england-vs-italy/>
    <betting-offer-free-bet-william-hill-england-vs-italy/>
</jcr:root>
