<?xml version="1.0" encoding="UTF-8"?>
<jcr:root xmlns:cq="http://www.day.com/jcr/cq/1.0" xmlns:jcr="http://www.jcp.org/jcr/1.0"
    jcr:primaryType="cq:Page">
    <jcr:content/>
    <application/>
    <why-you-should-stay/>
    <win-a-holiday-to-the-hard-rock-hotel-tenerife/>
    <thank-you-for-entering/>
    <win-a-holiday-terms-and-conditions/>
    <hotel-features/>
    <relaxing-activities/>
    <family-holiday-activities/>
    <holiday-like-a-rock-star/>
    <adult-friendly-holidays/>
    <live-music-and-entertainment/>
    <year-round-sun-holidays-and-island-adventures/>
    <where-to-eat-tapas-and-teppanyaki/>
    <couples-winter-sun-holiday/>
    <eighties-event/>
    <winter-sun-breaks/>
    <win-hotel-stay/>
</jcr:root>
