<?xml version="1.0" encoding="UTF-8"?>
<jcr:root xmlns:cq="http://www.day.com/jcr/cq/1.0" xmlns:jcr="http://www.jcp.org/jcr/1.0" xmlns:rep="internal"
    jcr:mixinTypes="[rep:AccessControllable]"
    jcr:primaryType="cq:Page">
    <jcr:content/>
    <application/>
    <young-players-set-for-professional-career/>
    <top-young-golfers-jamie-li-olivia-mehaffey/>
    <justin-rose-matthew-fitzpatrick-recall-wins/>
    <_x0032_016-championships-leaderboards/>
    <winners-olivia-mehaffey-jamie-li/>
    <frequently-asked-questions-contact-us/>
    <harry-goddard-hannah-screen-win-2016-titles/>
    <quinta-do-lago-test-elite/>
    <harry-goddard-shines-quinta-do-lago/>
    <championship-sponsors/>
    <pictures-junior-golf-finalists-2016/>
    <winners-roll-of-honour/>
    <find-qualifying-event/>
    <sign-up-junior-golf-dream-week/>
    <masters-of-future/>
    <championships-leaderboards/>
    <wilson-lays-down-marker/>
    <johnson-top-of-class/>
    <ana-dawson-produces-manx-magic/>
    <organiser-prize-draw-terms-conditions/>
    <win-tickets-the-open-royal-birkdale/>
    <win-tickets-the-open-tcs/>
    <win-tickets-the-open-thank-you/>
    <lily-may-humphreys-profile/>
    <pro-golfer-sophie-walker-on-junior-wins/>
    <william-hopkins-inspired-by-tony-jacklin/>
    <louise-duncan-comes-of-age/>
    <meet-finalists-heading-to-quinta-do-lago/>
    <_x0032_017/>
    <britains-best-to-battle-in-algarve/>
    <three-ways-to-stay-calm-when-playing/>
    <ways-to-positively-affect-health-and-well-being/>
    <max-hopkins-annabell-fuller-reflect-on-victories/>
    <sky-is-limit-for-junior-golf-winners-says-paul-mcginley/>
    <_x0032_018/>
    <sign-up-to-host-qualifying-event/>
    <win-open-tickets/>
    <new-venue-catalunya/>
    <enter-race-to-barcelona/>
    <kedzlie-leads-qualifying/>
    <charlotte-heath-junior-golf-championship/>
    <why-young-golfers-should-enter/>
    <Greg-Hurley-prediction/>
    <matt-fitzpatrick-career-breakthrough/>
    <win-adidas-golf-clothing/>
    <handicap-turning-pro/>
    <benefits-of-a-good-short-game/>
    <win-golf-break-at-wyboston-lakes-hotel/>
    <padraig-harrington-impressed-by-max-hopkins/>
    <leaderboard-finalists-2018/>
    <andrew-coltart-interview/>
    <rain-in-spain-sets-up-tough-test/>
    <first-round-report/>
    <second-round-report/>
    <third-round-report/>
    <time-to-unearth-next-justin-rose/>
    <_x0032_019/>
    <rose-effect-bigger-fields/>
    <hannah-darling-leads-qualifying/>
    <ben-schmidt-storms-ahead/>
    <justin-rose-young-players-look-up-to/>
    <win-tickets-to-bmw-pga-championship/>
    <chloe-northover-targets-finals/>
    <win-honma-golf-bag-signed-by-justin-rose/>
    <win-golfing-holiday-in-algarve/>
    <sisters-to-play-together-at-finals/>
    <sophie-walker/>
    <girls-finalists-2019/>
    <net-qualifiers-2019/>
    <boys-finalists-2019/>
    <postponement-junior-golf-2020/>
    <_x0032_020/>
    <walton-heath-host-junior-golf-championship-2021/>
    <roisin-scanlon-youngest-player/>
    <ben-taylor-interview/>
    <copt-heath-golf-club-mcevoy-trophy/>
    <olivia-mehaffey-ben-schmidt-turn-professional/>
    <walton-heath-competition/>
    <_x0032_021-qualifiers/>
    <win-justin-rose-signed-cap/>
    <ben-brownless-interview/>
    <dale-whitnell-interview/>
    <policies/>
    <sophie-goonewardane-brown/>
    <finalists-2021/>
    <gemma-burgess/>
    <kris-kim/>
    <class-of-2021/>
    <final-leaderboards/>
    <winners-2021/>
    <_x0032_022-final-important-information/>
    <_x0032_022-registration/>
</jcr:root>
