<?xml version="1.0" encoding="UTF-8"?>
<jcr:root xmlns:tmg="http://schema.telegraph.co.uk/" xmlns:sling="http://sling.apache.org/jcr/sling/1.0" xmlns:cq="http://www.day.com/jcr/cq/1.0" xmlns:jcr="http://www.jcp.org/jcr/1.0" xmlns:mix="http://www.jcp.org/jcr/mix/1.0" xmlns:nt="http://www.jcp.org/jcr/nt/1.0"
    jcr:primaryType="cq:Page">
    <jcr:content
        cq:designPath="/etc/designs/telegraph/core"
        cq:lastModified="{Date}2021-12-05T18:19:20.846Z"
        cq:lastModifiedBy="titcombj"
        cq:tags="[structure:business]"
        cq:template="/apps/telegraph/core/commons/templates/articleTemplate2"
        jcr:isCheckedOut="{Boolean}true"
        jcr:mixinTypes="[mix:versionable]"
        jcr:primaryType="cq:PageContent"
        jcr:title="ignore"
        jcr:uuid="81b7e604-eed7-4361-b169-2cdd47911322"
        sling:resourceType="telegraph/core/commons/renderers/articleRenderer2"
        tmg:updatePublishTime="{Boolean}true"
        articleType="general"
        authoringUniqueId="f33d45a9-55f5-11ec-b4d1-06813a5dfefa"
        commentingOn="{Boolean}true"
        evergreen="{Boolean}false"
        headlineAndUrlAreLinked="{Boolean}true"
        holdStatus="{Boolean}false"
        isLive="{Boolean}true"
        liveStreamEnabled="{Boolean}true"
        pageId="AyLQwMWTXwdk"
        premiumContent="{Boolean}true"
        premiumStatusOverride="{Boolean}false"
        refreshInterval="{Long}30">
        <content
            jcr:primaryType="nt:unstructured"
            sling:resourceType="telegraph/core/commons/components/article">
            <social
                jcr:primaryType="nt:unstructured"
                sling:resourceType="telegraph/core/commons/components/socialSharing"
                autoCloneDisabled="false"
                facebookShareEnable="true"
                iconOrdering="[Facebook,Twitter]"
                pluginJson="\{}"
                socialCounters="inherit"
                stickyDisabled="true"
                twitterShareEnable="true"/>
            <headline
                jcr:primaryType="nt:unstructured"
                sling:resourceType="telegraph/core/commons/components/headline"
                headline="ignore"/>
            <standfirst
                jcr:primaryType="nt:unstructured"
                sling:resourceType="telegraph/core/commons/components/standfirst"/>
            <authorPath
                jcr:primaryType="nt:unstructured"
                sling:resourceType="telegraph/core/commons/components/byline"
                author="[]"
                authors="[]"
                location="[]"
                overrideLocation="[]"
                overrideRole="[]"
                role="[]"/>
            <articleDate
                jcr:primaryType="nt:unstructured"
                sling:resourceType="telegraph/core/commons/components/articleDate"/>
            <paragraph
                jcr:primaryType="nt:unstructured"
                sling:resourceType="telegraph/core/commons/components/paragraph">
                <par
                    jcr:primaryType="nt:unstructured"
                    sling:resourceType="foundation/components/parsys">
                    <component
                        cq:cssClass="version-2"
                        jcr:primaryType="nt:unstructured"
                        sling:resourceType="telegraph/core/commons/components/articleBodyText"
                        articleBodyText=""/>
                </par>
            </paragraph>
            <tagContent
                jcr:primaryType="nt:unstructured"
                sling:resourceType="telegraph/core/commons/components/paragraph">
                <par
                    jcr:primaryType="nt:unstructured"
                    sling:resourceType="foundation/components/parsys">
                    <facebookLike
                        jcr:primaryType="nt:unstructured"
                        sling:resourceType="telegraph/core/commons/components/facebookLike"/>
                </par>
            </tagContent>
            <tagContentBottom
                jcr:primaryType="nt:unstructured"
                sling:resourceType="telegraph/core/commons/components/paragraph">
                <par
                    jcr:primaryType="nt:unstructured"
                    sling:resourceType="foundation/components/parsys">
                    <listOfTags
                        jcr:primaryType="nt:unstructured"
                        sling:resourceType="telegraph/core/commons/components/listOfTags"
                        heading="Related Topics"
                        showPageTags="true"
                        tagsDisplayed="20"/>
                </par>
            </tagContentBottom>
            <comment
                jcr:primaryType="nt:unstructured"
                sling:resourceType="telegraph/core/commons/components/comment"/>
            <liveStream
                jcr:primaryType="nt:unstructured"
                sling:resourceType="telegraph/core/commons/components/liveStream"/>
        </content>
        <articlehero
            jcr:primaryType="nt:unstructured"
            sling:resourceType="foundation/components/parsys">
            <leadAsset
                jcr:primaryType="nt:unstructured"
                sling:resourceType="telegraph/core/commons/components/leadAsset">
                <image
                    jcr:primaryType="nt:unstructured"
                    sling:resourceType="foundation/components/image"/>
            </leadAsset>
        </articlehero>
    </jcr:content>
</jcr:root>
