<?xml version="1.0" encoding="UTF-8"?>
<jcr:root xmlns:cq="http://www.day.com/jcr/cq/1.0" xmlns:jcr="http://www.jcp.org/jcr/1.0"
    jcr:primaryType="cq:Page">
    <jcr:content/>
    <application/>
    <argentina/>
    <colombia/>
    <brazil/>
    <articles/>
    <bolivia/>
    <chile/>
    <easter-island/>
    <ecuador/>
    <falkland-islands/>
    <paraguay/>
    <peru/>
    <uruguay/>
    <venezuela/>
    <hotels/>
    <guyana/>
    <galleries/>
    <south-america-tours/>
    <tours/>
    <south-america-holidays/>
    <south-america-ocean-cruises/>
    <iguazu-falls/>
    <finally-south-america-back-put-top-travel-list/>
    <_x0031_5-luxury-holidays-south-america-dont-require-backpack/>
</jcr:root>
