<?xml version="1.0" encoding="UTF-8"?>
<jcr:root xmlns:sling="http://sling.apache.org/jcr/sling/1.0" xmlns:cq="http://www.day.com/jcr/cq/1.0" xmlns:jcr="http://www.jcp.org/jcr/1.0" xmlns:mix="http://www.jcp.org/jcr/mix/1.0" xmlns:nt="http://www.jcp.org/jcr/nt/1.0"
    jcr:primaryType="cq:Page">
    <articles/>
    <hotels/>
    <san-antonio/>
    <ibiza-town/>
    <playa-d-en-bossa/>
    <formentera/>
    <application/>
    <jcr:content
        cq:designPath="/etc/designs/telegraph/core"
        cq:lastModified="{Date}2022-03-17T17:49:38.345Z"
        cq:lastModifiedBy="mulvihill"
        cq:lastReplicated="{Date}2022-03-17T17:49:54.177Z"
        cq:lastReplicatedBy="mulvihill"
        cq:lastReplicationAction="Activate"
        cq:tags="[structure:travel/festivals-and-events,topics:places/europe,structure:travel/nightlife,structure:travel/holidays,structure:travel/hotels,structure:analytics/travel-destination-guide-hubs,structure:travel/tours,structure:travel/restaurants,topics:places/spain,topics:places/ibiza,structure:travel/attractions,structure:travel,structure:travel/city-breaks,structure:travel/beach-holidays]"
        cq:template="/apps/telegraph/core/commons/templates/indexTemplate"
        jcr:isCheckedOut="{Boolean}true"
        jcr:mixinTypes="[mix:referenceable,mix:versionable]"
        jcr:primaryType="cq:PageContent"
        jcr:title="Ibiza"
        jcr:uuid="3db1a00c-241b-45a7-a377-ade3d2e11aaf"
        sling:resourceType="telegraph/core/commons/renderers/indexRenderer"
        conceptIds="[k6679LRCLz6]"
        concepts="\{&quot;label&quot;:&quot;Ibiza (Balearic Island) [Place]&quot;,&quot;id&quot;:&quot;k6679LRCLz6&quot;}"
        isADestination="{Boolean}true"
        migratedFromHubTemplate="{Boolean}true"
        pageHeading="Ibiza"
        pageId="AlM39JVF4CgV"
        pageTitle="Ibiza | Telegraph Travel"
        publicationDateOverride="{Date}2019-06-06T09:00:00.000+01:00"
        publicUrl="https://www.telegraph.co.uk/travel/destinations/europe/spain/ibiza/"
        tmgLastActivationDate="{Date}2022-03-17T17:49:54.191Z"
        transformedDate="{Date}2022-02-04T15:05:11.302Z"
        transformedSource="Hub">
        <par
            jcr:primaryType="nt:unstructured"
            sling:resourceType="foundation/components/parsys">
            <articlelistcurated
                jcr:created="{Date}2022-02-26T14:34:32.085Z"
                jcr:createdBy="mulvihill"
                jcr:lastModified="{Date}2022-02-26T14:34:43.290Z"
                jcr:lastModifiedBy="mulvihill"
                jcr:primaryType="nt:unstructured"
                sling:resourceType="telegraph/core/commons/components/articleListCurated"
                hideByline="none"
                hideDates="{Boolean}true"
                layout="hero">
                <curatedParsys
                    jcr:primaryType="nt:unstructured"
                    sling:resourceType="foundation/components/parsys">
                    <articlelistcard_1893826684
                        jcr:created="{Date}2022-02-26T14:35:29.079Z"
                        jcr:createdBy="mulvihill"
                        jcr:lastModified="{Date}2022-02-26T14:35:51.930Z"
                        jcr:lastModifiedBy="mulvihill"
                        jcr:primaryType="nt:unstructured"
                        sling:resourceType="telegraph/core/commons/components/articleListCard"
                        pagePath="/content/telegraph/travel/destinations/europe/spain/ibiza/articles/ibiza-travel-guide/">
                        <image
                            jcr:lastModified="{Date}2022-02-26T14:35:51.930Z"
                            jcr:lastModifiedBy="mulvihill"
                            jcr:primaryType="nt:unstructured"/>
                    </articlelistcard_1893826684>
                    <articlelistcard_593699220
                        jcr:created="{Date}2022-02-26T14:35:35.392Z"
                        jcr:createdBy="mulvihill"
                        jcr:lastModified="{Date}2022-02-26T14:36:24.851Z"
                        jcr:lastModifiedBy="mulvihill"
                        jcr:primaryType="nt:unstructured"
                        sling:resourceType="telegraph/core/commons/components/articleListCard"
                        pagePath="/content/telegraph/travel/destinations/europe/spain/ibiza/articles/ibiza-attractions/">
                        <image
                            jcr:lastModified="{Date}2022-02-26T14:36:24.851Z"
                            jcr:lastModifiedBy="mulvihill"
                            jcr:primaryType="nt:unstructured"/>
                    </articlelistcard_593699220>
                    <articlelistcard_1540014829
                        jcr:created="{Date}2022-02-26T14:35:33.700Z"
                        jcr:createdBy="mulvihill"
                        jcr:lastModified="{Date}2022-02-26T14:36:46.467Z"
                        jcr:lastModifiedBy="mulvihill"
                        jcr:primaryType="nt:unstructured"
                        sling:resourceType="telegraph/core/commons/components/articleListCard"
                        pagePath="/content/telegraph/travel/destinations/europe/spain/ibiza/articles/ibiza-beaches/">
                        <image
                            jcr:lastModified="{Date}2022-02-26T14:36:46.467Z"
                            jcr:lastModifiedBy="mulvihill"
                            jcr:primaryType="nt:unstructured"/>
                    </articlelistcard_1540014829>
                    <articlelistcard_1293799810
                        jcr:created="{Date}2022-02-26T14:35:32.057Z"
                        jcr:createdBy="mulvihill"
                        jcr:lastModified="{Date}2022-02-26T14:37:43.265Z"
                        jcr:lastModifiedBy="mulvihill"
                        jcr:primaryType="nt:unstructured"
                        sling:resourceType="telegraph/core/commons/components/articleListCard"
                        pagePath="/content/telegraph/travel/destinations/europe/spain/ibiza/articles/ibiza-nightlife/">
                        <image
                            jcr:lastModified="{Date}2022-02-26T14:37:43.265Z"
                            jcr:lastModifiedBy="mulvihill"
                            jcr:primaryType="nt:unstructured"/>
                    </articlelistcard_1293799810>
                    <articlelistcard_431384966
                        jcr:created="{Date}2022-02-26T14:35:27.384Z"
                        jcr:createdBy="mulvihill"
                        jcr:lastModified="{Date}2022-02-26T14:38:08.847Z"
                        jcr:lastModifiedBy="mulvihill"
                        jcr:primaryType="nt:unstructured"
                        sling:resourceType="telegraph/core/commons/components/articleListCard"
                        pagePath="/content/telegraph/travel/destinations/europe/spain/ibiza/articles/ibiza-bars/">
                        <image
                            jcr:lastModified="{Date}2022-02-26T14:38:08.847Z"
                            jcr:lastModifiedBy="mulvihill"
                            jcr:primaryType="nt:unstructured"/>
                    </articlelistcard_431384966>
                    <articlelistcard_803191550
                        jcr:created="{Date}2022-02-26T14:35:25.633Z"
                        jcr:createdBy="mulvihill"
                        jcr:lastModified="{Date}2022-02-26T14:38:28.356Z"
                        jcr:lastModifiedBy="mulvihill"
                        jcr:primaryType="nt:unstructured"
                        sling:resourceType="telegraph/core/commons/components/articleListCard"
                        pagePath="/content/telegraph/travel/destinations/europe/spain/ibiza/articles/ibiza-restaurants/">
                        <image
                            jcr:lastModified="{Date}2022-02-26T14:38:28.356Z"
                            jcr:lastModifiedBy="mulvihill"
                            jcr:primaryType="nt:unstructured"/>
                    </articlelistcard_803191550>
                    <articlelistcard
                        jcr:created="{Date}2022-02-26T14:35:21.059Z"
                        jcr:createdBy="mulvihill"
                        jcr:lastModified="{Date}2022-02-26T14:39:03.945Z"
                        jcr:lastModifiedBy="mulvihill"
                        jcr:primaryType="nt:unstructured"
                        sling:resourceType="telegraph/core/commons/components/articleListCard"
                        cardHeadline="The best hotels in Ibiza"
                        pagePath="/content/telegraph/travel/destinations/europe/spain/ibiza/hotels/">
                        <image
                            jcr:lastModified="{Date}2022-02-26T14:39:03.945Z"
                            jcr:lastModifiedBy="mulvihill"
                            jcr:primaryType="nt:unstructured"/>
                    </articlelistcard>
                </curatedParsys>
            </articlelistcurated>
            <articlelist_1
                jcr:primaryType="nt:unstructured"
                sling:resourceType="telegraph/core/commons/components/articleList"
                excludeOperator="OR"
                excludeTags="[structure:travel/news,storytype:guide,structure:blacklist]"
                hideByline="none"
                hideStandfirst="{Boolean}false"
                includeOperator="AND"
                includeTags="[topics:places/ibiza,structure:travel]"
                layout="one-col"
                layoutCenterAligned="true"
                limit="{Long}1"
                offset="{Long}1"
                orderByDirection="desc"
                pageType="article"/>
            <articlelist_2
                jcr:primaryType="nt:unstructured"
                sling:resourceType="telegraph/core/commons/components/articleList"
                excludeOperator="OR"
                excludeTags="[structure:travel/news,storytype:guide,structure:blacklist]"
                hideByline="none"
                hideStandfirst="{Boolean}false"
                includeOperator="AND"
                includeTags="[topics:places/ibiza,structure:travel]"
                layout="four-col"
                layoutCenterAligned="false"
                limit="{Long}4"
                offset="{Long}2"
                orderByDirection="desc"
                pageType="article"/>
            <articlelistcurated_423826898
                jcr:created="{Date}2022-02-26T14:40:38.002Z"
                jcr:createdBy="mulvihill"
                jcr:lastModified="{Date}2022-02-26T14:41:27.276Z"
                jcr:lastModifiedBy="mulvihill"
                jcr:primaryType="nt:unstructured"
                sling:resourceType="telegraph/core/commons/components/articleListCurated"
                hideByline="none"
                hideDates="{Boolean}true"
                layout="four-col"
                title="Where to stay in Ibiza">
                <curatedParsys
                    jcr:primaryType="nt:unstructured"
                    sling:resourceType="foundation/components/parsys">
                    <articlelistcard_810907104
                        jcr:created="{Date}2022-02-26T14:41:58.549Z"
                        jcr:createdBy="mulvihill"
                        jcr:lastModified="{Date}2022-02-26T14:43:37.392Z"
                        jcr:lastModifiedBy="mulvihill"
                        jcr:primaryType="nt:unstructured"
                        sling:resourceType="telegraph/core/commons/components/articleListCard"
                        pagePath="/content/telegraph/travel/destinations/europe/spain/ibiza/articles/best-boutique-hotels-in-ibiza/">
                        <image
                            jcr:lastModified="{Date}2022-02-26T14:43:37.392Z"
                            jcr:lastModifiedBy="mulvihill"
                            jcr:primaryType="nt:unstructured"/>
                    </articlelistcard_810907104>
                    <articlelistcard_1610577541
                        jcr:created="{Date}2022-02-26T14:41:56.978Z"
                        jcr:createdBy="mulvihill"
                        jcr:lastModified="{Date}2022-02-26T14:44:10.522Z"
                        jcr:lastModifiedBy="mulvihill"
                        jcr:primaryType="nt:unstructured"
                        sling:resourceType="telegraph/core/commons/components/articleListCard"
                        pagePath="/content/telegraph/travel/destinations/europe/spain/ibiza/articles/best-beach-hotels-in-ibiza/">
                        <image
                            jcr:lastModified="{Date}2022-02-26T14:44:10.522Z"
                            jcr:lastModifiedBy="mulvihill"
                            jcr:primaryType="nt:unstructured"/>
                    </articlelistcard_1610577541>
                    <articlelistcard_1725307736
                        jcr:created="{Date}2022-02-26T14:42:03.313Z"
                        jcr:createdBy="mulvihill"
                        jcr:lastModified="{Date}2022-02-26T14:44:31.670Z"
                        jcr:lastModifiedBy="mulvihill"
                        jcr:primaryType="nt:unstructured"
                        sling:resourceType="telegraph/core/commons/components/articleListCard"
                        pagePath="/content/telegraph/travel/destinations/europe/spain/ibiza/articles/the-best-luxury-hotels-in-ibiza/">
                        <image
                            jcr:lastModified="{Date}2022-02-26T14:44:31.670Z"
                            jcr:lastModifiedBy="mulvihill"
                            jcr:primaryType="nt:unstructured"/>
                    </articlelistcard_1725307736>
                    <articlelistcard
                        jcr:created="{Date}2022-02-26T14:41:41.331Z"
                        jcr:createdBy="mulvihill"
                        jcr:lastModified="{Date}2022-02-26T14:44:55.816Z"
                        jcr:lastModifiedBy="mulvihill"
                        jcr:primaryType="nt:unstructured"
                        sling:resourceType="telegraph/core/commons/components/articleListCard"
                        pagePath="/content/telegraph/travel/destinations/europe/spain/ibiza/articles/best-agroturismo-hotels-in-ibiza/">
                        <image
                            jcr:lastModified="{Date}2022-02-26T14:44:55.816Z"
                            jcr:lastModifiedBy="mulvihill"
                            jcr:primaryType="nt:unstructured"/>
                    </articlelistcard>
                </curatedParsys>
            </articlelistcurated_423826898>
            <articlelist_3
                jcr:lastModified="{Date}2022-03-05T12:18:39.463Z"
                jcr:lastModifiedBy="mulvihill"
                jcr:primaryType="nt:unstructured"
                sling:resourceType="telegraph/core/commons/components/articleList"
                excludeOperator="OR"
                excludeTags="[structure:travel/news,storytype:guide,structure:blacklist]"
                hideByline="none"
                includeOperator="AND"
                includeTags="[topics:places/ibiza,structure:travel]"
                layout="mpu"
                limit="{Long}4"
                offset="{Long}6"
                orderByDirection="desc"
                pageType="article"
                title="Latest articles">
                <image
                    jcr:lastModified="{Date}2022-03-05T12:18:39.463Z"
                    jcr:lastModifiedBy="mulvihill"
                    jcr:primaryType="nt:unstructured"/>
            </articlelist_3>
            <articlelist_4
                jcr:primaryType="nt:unstructured"
                sling:resourceType="telegraph/core/commons/components/articleList"
                excludeOperator="OR"
                excludeTags="[structure:travel/news,storytype:guide,structure:blacklist]"
                hideByline="none"
                hideStandfirst="{Boolean}true"
                includeOperator="AND"
                includeTags="[topics:places/ibiza,structure:travel]"
                layout="four-col"
                layoutCenterAligned="false"
                limit="{Long}8"
                offset="{Long}10"
                orderByDirection="desc"
                pageType="article"/>
            <articlelist_5
                jcr:primaryType="nt:unstructured"
                sling:resourceType="telegraph/core/commons/components/articleList"
                excludeOperator="OR"
                excludeTags="[structure:travel/news,storytype:guide,structure:blacklist]"
                hideByline="none"
                hideStandfirst="{Boolean}true"
                includeOperator="AND"
                includeTags="[topics:places/ibiza,structure:travel]"
                layout="two-col"
                layoutCenterAligned="false"
                limit="{Long}2"
                offset="{Long}18"
                orderByDirection="desc"
                pageType="article"/>
            <commercialunit
                jcr:primaryType="nt:unstructured"
                sling:resourceType="telegraph/core/commons/components/commercialUnit"/>
            <articlelist_6
                jcr:primaryType="nt:unstructured"
                sling:resourceType="telegraph/core/commons/components/articleList"
                excludeOperator="OR"
                excludeTags="[structure:travel/news,storytype:guide,structure:blacklist]"
                hideByline="none"
                hideStandfirst="{Boolean}true"
                includeOperator="AND"
                includeTags="[topics:places/ibiza,structure:travel]"
                layout="four-col"
                layoutCenterAligned="false"
                limit="{Long}8"
                offset="{Long}20"
                orderByDirection="desc"
                pageType="article"/>
            <articlelist_7
                jcr:primaryType="nt:unstructured"
                sling:resourceType="telegraph/core/commons/components/articleList"
                excludeOperator="OR"
                excludeTags="[structure:travel/news,storytype:guide,structure:blacklist]"
                hideByline="none"
                hideStandfirst="{Boolean}true"
                includeOperator="AND"
                includeTags="[topics:places/ibiza,structure:travel]"
                layout="two-col"
                layoutCenterAligned="false"
                limit="{Long}2"
                offset="{Long}28"
                orderByDirection="desc"
                pageType="article"/>
            <productteaserpack
                jcr:created="{Date}2022-02-26T14:40:30.545Z"
                jcr:createdBy="mulvihill"
                jcr:lastModified="{Date}2022-03-17T17:49:38.329Z"
                jcr:lastModifiedBy="mulvihill"
                jcr:primaryType="nt:unstructured"
                sling:resourceType="telegraph/core/travel/components/productTeaserPack"
                columns="4"
                link="/content/telegraph/travel/destinations/europe/spain/ibiza/hotels"
                linkLabel="View all hotels"
                linkTitle="More hotels in Ibiza"
                place="\{&quot;label&quot;:&quot;Ibiza [State: Ibiza, Country: Spain, Continent: Europe]&quot;,&quot;id&quot;:&quot;k6679LRCLz6&quot;}"
                placeIds="k6679LRCLz6"
                rows="1"
                type="travel-entity:hotel"/>
            <articlelist_8
                jcr:primaryType="nt:unstructured"
                sling:resourceType="telegraph/core/commons/components/articleList"
                excludeOperator="OR"
                excludeTags="[structure:travel/news,storytype:guide,structure:blacklist]"
                hideByline="none"
                hideStandfirst="{Boolean}false"
                includeOperator="AND"
                includeTags="[topics:places/ibiza,structure:travel]"
                layout="mpu"
                layoutCenterAligned="false"
                limit="{Long}4"
                offset="{Long}30"
                orderByDirection="desc"
                pageType="article"/>
            <articlelistpaginatio
                jcr:primaryType="nt:unstructured"
                sling:resourceType="telegraph/core/commons/components/articleListPagination"
                excludeOperator="OR"
                excludeTags="[structure:travel/news,storytype:guide,structure:blacklist]"
                hideByline="none"
                hideStandfirst="{Boolean}false"
                includeOperator="AND"
                includeTags="[topics:places/ibiza,structure:travel]"
                layout=""
                layoutCenterAligned="false"
                limit="{Long}4"
                offset="{Long}30"
                orderByDirection="desc"
                pageType="article"/>
        </par>
    </jcr:content>
    <winter-best-time-go-ibiza-clubbing-days/>
</jcr:root>
