<?xml version="1.0" encoding="UTF-8"?>
<jcr:root xmlns:cq="http://www.day.com/jcr/cq/1.0" xmlns:jcr="http://www.jcp.org/jcr/1.0"
    jcr:primaryType="cq:Page">
    <jcr:content/>
    <application/>
    <cambodia/>
    <china/>
    <hong-kong/>
    <india/>
    <indonesia/>
    <japan/>
    <macau/>
    <malaysia/>
    <maldives/>
    <myanmar/>
    <singapore/>
    <south-korea/>
    <sri-lanka/>
    <taiwan/>
    <thailand/>
    <tibet/>
    <vietnam/>
    <articles/>
    <borneo/>
    <uzbekistan/>
    <kyrgyzstan/>
    <galleries/>
    <bhutan/>
    <nepal/>
    <pakistan/>
    <laos/>
    <north-korea/>
    <philippines/>
    <kazakhstan/>
    <mongolia/>
    <azerbaijan/>
    <hotels/>
    <exciting-escapes/>
    <tajikistan/>
    <asia-tours/>
    <tours/>
    <asia-ocean-cruises/>
    <asia-river-cruises/>
</jcr:root>
