<?xml version="1.0" encoding="UTF-8"?>
<jcr:root xmlns:cq="http://www.day.com/jcr/cq/1.0" xmlns:jcr="http://www.jcp.org/jcr/1.0"
    jcr:primaryType="cq:Page">
    <articles/>
    <mumbai/>
    <kolkata/>
    <jaipur/>
    <hotels/>
    <udaipur/>
    <delhi/>
    <kerala/>
    <jodhpur/>
    <agra/>
    <galleries/>
    <rajasthan/>
    <application/>
    <bangalore/>
    <goa/>
    <chennai/>
    <karnataka/>
    <tamil-nadu/>
    <madhya-pradesh/>
    <india-tours/>
    <pondicherry/>
    <jcr:content/>
    <andaman-and-nicobar-islands/>
    <hyderabad/>
    <india-holidays/>
    <indias-true-magic-lies-capacity-surprise-unexpected-places/>
    <life-really-like-polluted-city-earth/>
    <how-explore-indias-alternative-treasures-beyond-temples-cities/>
    <how-make-indias-golden-triangle-unforgettable-family-adventure/>
</jcr:root>
