<?xml version="1.0" encoding="UTF-8"?>
<jcr:root xmlns:cq="http://www.day.com/jcr/cq/1.0" xmlns:jcr="http://www.jcp.org/jcr/1.0"
    jcr:primaryType="cq:Page">
    <jcr:content/>
    <hotel-de-rome/>
    <ritz-carlton-berlin-hotel/>
    <the-weinmeister-hotel/>
    <ackselhaus-and-blue-home-hotel/>
    <the-circus-hostel/>
    <michelberger-hotel/>
    <ostel-das-ddr-hostel/>
    <waldorf-astoria-berlin-hotel/>
    <_x0032_5hours-hotel-bikini-berlin/>
    <hotel-amano/>
    <cosmo-hotel/>
    <steigenberger-am-kanzleramt-hotel/>
    <hotel-zoo-berlin/>
    <so-berlin-das-stue-hotel/>
    <hotel-adlon-kempinski/>
    <hotel-nhow-berlin/>
    <sofitel-berlin-kufurstendamm-hotel/>
    <berlin-marriott-hotel/>
    <monbijou-hotel/>
    <casa-camper-berlin-hotel/>
    <dormero-hotel-berlin-kudamm/>
    <soho-house-berlin-hotel/>
    <Lux-11-apartment/>
    <The-Westin-Grand-hotel/>
    <Hotel-MANI-Berlin/>
    <The-Sir-F-K-Savigny-Hotel/>
    <SANA-Berlin-Hotel/>
    <Hotel-Q-Berlin/>
    <Grand-Hyatt-hotel/>
    <Hotel-Pullman-Berlin-Schweizerhof/>
    <Regent-Berlin-hotel/>
    <Hotel-am-Steinplatz/>
    <adina-apartment-hotel-berlin-mitte/>
    <Linnen-hotel/>
    <H10-Berlin-Ku-damm-hotel/>
    <The-Dude-hotel/>
    <Crowne-Plaza-Berlin-Potsdamer-Platz-hotel/>
    <Gorki-Apartments/>
    <boutique-hotel-i31/>
    <hotel-pension-funk/>
    <hotel-riehmers-hofgarten/>
    <honigmond-hotel-and-honigmond-garden-hotel/>
    <abion-villa-berlin-hotel/>
    <titanic-gendarmenmarkt-hotel-berlin/>
    <bleibtreu-berlin-hotel/>
    <grimms-hotel-am-potsdamer-platz/>
    <intercontinental-hotel-berlin/>
    <quentin-design-hotel/>
    <the-circus-hotel/>
    <park-inn-by-radisson-berlin-alexanderplatz-hotel/>
    <hilton-berlin-hotel/>
    <hotel-indigo-berlin-alexanderplatz/>
    <kempinski-hotel-bristol-berlin/>
    <louisas-place-hotel/>
    <motel-one-berlin-hackescher-markt-hotel/>
    <radisson-blu-hotel-berlin/>
    <swissotel-berlin-hotel/>
    <eastseven-berlin-hostel/>
    <generator-berlin-mitte-hotel/>
    <grand-hostel-classic-hotel/>
    <meininger-hotel-berlin-alexanderplatz/>
    <pfefferbet-hostel-berlin-hotel/>
    <plus-berlin-hotel/>
    <wombats-city-hostel-berlin-hotel/>
    <arthotel-connection-hotel/>
    <hotel-pension-bregenz/>
    <huettenpalast-hotel/>
    <hotel-pension-kima/>
    <hotel-nikolai-residence/>
    <pension-galerie-hotel/>
    <pension-odin-hotel/>
    <moxy-berlin-ostbahnhof-hotel/>
    <henri-hotel/>
    <hommage-a-magritte-hotel/>
    <the-mandala-hotel/>
    <mercure-hotel-berlin-wittenbergplatz/>
    <amano-grand-central-hotel/>
    <artotel-berlin-mitte-hotel/>
    <hotel-zoe/>
    <hotel-oderberger/>
    <vienna-house-easy-berlin-hotel/>
    <moevenpick-hotel-berlin/>
    <vienna-house-andels-berlin-hotel/>
    <hampton-by-hilton-berlin-city-centre-alexanderplatz-hotel/>
    <provocateur-berlin-hotel/>
    <amano-home-hotel/>
    <the-mandala-suites-hotel/>
    <titanic-chaussee-berlin-hotel/>
    <orania-berlin-hotel/>
    <hotel-the-yard/>
    <lulu-guldsmeden-hotel/>
    <patrick-hellmann-schlosshotel-hotel/>
    <hotel-indigo-berlin-east-side-gallery/>
    <hotel-amo-by-amano/>
    <kpm-hotel-residences/>
</jcr:root>
