<?xml version="1.0" encoding="UTF-8"?>
<jcr:root xmlns:cq="http://www.day.com/jcr/cq/1.0" xmlns:jcr="http://www.jcp.org/jcr/1.0"
    jcr:primaryType="cq:Page">
    <jcr:content/>
    <application/>
    <_x0031_0-basic-gardening-tips-for-beginners/>
    <gardening-made-easy-10-tricks-you-should-know/>
    <_x0031_0-reasons-to-spend-more-time-in-the-garden/>
    <three-quick-videos-to-transform-your-garden-for-summer/>
    <win-b-and-q-gift-card/>
    <thank-you-for-entering-the-prize-draw/>
    <win-b-and-q-gift-card-terms-and-conditions/>
    <how-to-create-a-tropical-garden/>
    <how-to-create-a-wildflower-meadow/>
    <how-to-create-english-country-garden/>
    <this-summer-perfect-time-look-abroad-garden-inspiration/>
    <great-international-garden-traditions/>
    <best-gardening-ideas-africa-asia/>
    <how-create-perfect-japanese-garden/>
    <top-five-international-gardening-trends-2016/>
    <how-create-australian-style-outdoor-room/>
    <how-create-mediterranean-garden/>
    <how-create-moroccan-garden/>
</jcr:root>
