<?xml version="1.0" encoding="UTF-8"?>
<jcr:root xmlns:sling="http://sling.apache.org/jcr/sling/1.0" xmlns:cq="http://www.day.com/jcr/cq/1.0" xmlns:jcr="http://www.jcp.org/jcr/1.0" xmlns:mix="http://www.jcp.org/jcr/mix/1.0" xmlns:nt="http://www.jcp.org/jcr/nt/1.0"
    jcr:primaryType="cq:Page">
    <articles/>
    <hotels/>
    <falmouth/>
    <fowey/>
    <newquay/>
    <penzance/>
    <saltash/>
    <st-austell/>
    <st-ives/>
    <saint-mawes/>
    <isles-of-scilly/>
    <padstow/>
    <lostwithiel/>
    <rock/>
    <application/>
    <truro/>
    <jcr:content
        cq:designPath="/etc/designs/telegraph/core"
        cq:lastModified="{Date}2022-03-16T20:19:39.307Z"
        cq:lastModifiedBy="mulvihill"
        cq:lastReplicated="{Date}2022-03-16T20:19:41.796Z"
        cq:lastReplicatedBy="mulvihill"
        cq:lastReplicationAction="Activate"
        cq:tags="[structure:travel/festivals-and-events,topics:places/europe,structure:travel/nightlife,structure:travel/holidays,topics:places/united-kingdom,structure:travel/hotels,structure:analytics/travel-destination-guide-hubs,topics:places/england,structure:travel/tours,topics:places/cornwall,structure:travel/attractions,structure:travel,structure:travel/city-breaks,structure:travel/beach-holidays]"
        cq:template="/apps/telegraph/core/commons/templates/indexTemplate"
        jcr:isCheckedOut="{Boolean}true"
        jcr:mixinTypes="[mix:referenceable,mix:versionable]"
        jcr:primaryType="cq:PageContent"
        jcr:title="Cornwall"
        jcr:uuid="f7499cea-79e0-4023-93c5-c495098b1612"
        sling:resourceType="telegraph/core/commons/renderers/indexRenderer"
        conceptIds="[kJv4VN2JC8T]"
        concepts="\{&quot;label&quot;:&quot;Cornwall (England) [Place]&quot;,&quot;id&quot;:&quot;kJv4VN2JC8T&quot;}"
        enableSocialFollow="{Boolean}false"
        isADestination="{Boolean}true"
        migratedFromHubTemplate="{Boolean}true"
        pageHeading="Cornwall"
        pageId="AlM39NjBKRFy"
        pageTitle="Cornwall | Telegraph Travel"
        publicationDateOverride="{Date}2017-04-13T13:11:00.000+01:00"
        publicUrl="https://www.telegraph.co.uk/travel/destinations/europe/united-kingdom/england/cornwall/"
        tmgLastActivationDate="{Date}2022-03-16T20:19:41.954Z"
        transformedDate="{Date}2022-02-04T15:05:11.196Z"
        transformedSource="Hub">
        <par
            jcr:primaryType="nt:unstructured"
            sling:resourceType="foundation/components/parsys">
            <articlelistcurated
                jcr:created="{Date}2022-03-05T11:24:40.629Z"
                jcr:createdBy="mulvihill"
                jcr:lastModified="{Date}2022-03-05T11:24:55.588Z"
                jcr:lastModifiedBy="mulvihill"
                jcr:primaryType="nt:unstructured"
                sling:resourceType="telegraph/core/commons/components/articleListCurated"
                hideByline="none"
                hideDates="{Boolean}true"
                layout="hero">
                <curatedParsys
                    jcr:primaryType="nt:unstructured"
                    sling:resourceType="foundation/components/parsys">
                    <articlelistcard_1635918694
                        jcr:created="{Date}2022-03-05T11:25:19.956Z"
                        jcr:createdBy="mulvihill"
                        jcr:lastModified="{Date}2022-03-05T11:25:41.507Z"
                        jcr:lastModifiedBy="mulvihill"
                        jcr:primaryType="nt:unstructured"
                        sling:resourceType="telegraph/core/commons/components/articleListCard"
                        pagePath="/content/telegraph/travel/destinations/europe/united-kingdom/england/cornwall/articles/cornwall-expert-travel-guide/">
                        <image
                            jcr:lastModified="{Date}2022-03-05T11:25:41.507Z"
                            jcr:lastModifiedBy="mulvihill"
                            jcr:primaryType="nt:unstructured"/>
                    </articlelistcard_1635918694>
                    <articlelistcard_112992282
                        jcr:created="{Date}2022-03-05T11:25:18.183Z"
                        jcr:createdBy="mulvihill"
                        jcr:lastModified="{Date}2022-03-05T11:25:56.603Z"
                        jcr:lastModifiedBy="mulvihill"
                        jcr:primaryType="nt:unstructured"
                        sling:resourceType="telegraph/core/commons/components/articleListCard"
                        pagePath="/content/telegraph/travel/destinations/europe/united-kingdom/england/cornwall/articles/cornwall-restaurants/">
                        <image
                            jcr:lastModified="{Date}2022-03-05T11:25:56.603Z"
                            jcr:lastModifiedBy="mulvihill"
                            jcr:primaryType="nt:unstructured"/>
                    </articlelistcard_112992282>
                    <articlelistcard_408605218
                        jcr:created="{Date}2022-03-05T11:25:26.885Z"
                        jcr:createdBy="mulvihill"
                        jcr:lastModified="{Date}2022-03-05T11:27:03.604Z"
                        jcr:lastModifiedBy="mulvihill"
                        jcr:primaryType="nt:unstructured"
                        sling:resourceType="telegraph/core/commons/components/articleListCard"
                        pagePath="/content/telegraph/travel/destinations/europe/united-kingdom/england/cornwall/articles/things-to-do-in-cornwall/">
                        <image
                            jcr:lastModified="{Date}2022-03-05T11:27:03.604Z"
                            jcr:lastModifiedBy="mulvihill"
                            jcr:primaryType="nt:unstructured"/>
                    </articlelistcard_408605218>
                    <articlelistcard_1860450580
                        jcr:created="{Date}2022-03-05T11:25:16.542Z"
                        jcr:createdBy="mulvihill"
                        jcr:lastModified="{Date}2022-03-05T11:26:28.042Z"
                        jcr:lastModifiedBy="mulvihill"
                        jcr:primaryType="nt:unstructured"
                        sling:resourceType="telegraph/core/commons/components/articleListCard"
                        pagePath="/content/telegraph/travel/destinations/europe/united-kingdom/england/cornwall/articles/cornwall-nightlife">
                        <image
                            jcr:lastModified="{Date}2022-03-05T11:26:28.042Z"
                            jcr:lastModifiedBy="mulvihill"
                            jcr:primaryType="nt:unstructured"/>
                    </articlelistcard_1860450580>
                    <articlelistcard_1818824721
                        jcr:created="{Date}2022-03-05T11:25:13.626Z"
                        jcr:createdBy="mulvihill"
                        jcr:lastModified="{Date}2022-03-05T11:27:42.978Z"
                        jcr:lastModifiedBy="mulvihill"
                        jcr:primaryType="nt:unstructured"
                        sling:resourceType="telegraph/core/commons/components/articleListCard"
                        pagePath="/content/telegraph/travel/destinations/europe/united-kingdom/england/cornwall/articles/cornwall-beaches/">
                        <image
                            jcr:lastModified="{Date}2022-03-05T11:27:42.978Z"
                            jcr:lastModifiedBy="mulvihill"
                            jcr:primaryType="nt:unstructured"/>
                    </articlelistcard_1818824721>
                    <articlelistcard_363729806
                        jcr:created="{Date}2022-03-05T11:25:12.250Z"
                        jcr:createdBy="mulvihill"
                        jcr:lastModified="{Date}2022-03-05T11:28:03.123Z"
                        jcr:lastModifiedBy="mulvihill"
                        jcr:primaryType="nt:unstructured"
                        sling:resourceType="telegraph/core/commons/components/articleListCard"
                        pagePath="/content/telegraph/travel/destinations/europe/united-kingdom/england/cornwall/articles/cornwall-cream-teas/">
                        <image
                            jcr:lastModified="{Date}2022-03-05T11:28:03.123Z"
                            jcr:lastModifiedBy="mulvihill"
                            jcr:primaryType="nt:unstructured"/>
                    </articlelistcard_363729806>
                    <articlelistcard
                        jcr:created="{Date}2022-03-05T11:25:08.401Z"
                        jcr:createdBy="mulvihill"
                        jcr:lastModified="{Date}2022-03-05T11:28:25.145Z"
                        jcr:lastModifiedBy="mulvihill"
                        jcr:primaryType="nt:unstructured"
                        sling:resourceType="telegraph/core/commons/components/articleListCard"
                        pagePath="/content/telegraph/travel/destinations/europe/united-kingdom/england/cornwall/hotels/">
                        <image
                            jcr:lastModified="{Date}2022-03-05T11:28:25.145Z"
                            jcr:lastModifiedBy="mulvihill"
                            jcr:primaryType="nt:unstructured"/>
                    </articlelistcard>
                </curatedParsys>
            </articlelistcurated>
            <articlelist_1
                jcr:primaryType="nt:unstructured"
                sling:resourceType="telegraph/core/commons/components/articleList"
                excludeOperator="OR"
                excludeTags="[structure:travel/news,storytype:guide,structure:blacklist]"
                hideByline="none"
                hideStandfirst="{Boolean}false"
                includeOperator="AND"
                includeTags="[topics:places/cornwall,structure:travel]"
                layout="one-col"
                layoutCenterAligned="true"
                limit="{Long}1"
                offset="{Long}1"
                orderByDirection="desc"
                pageType="article"/>
            <articlelist_2
                jcr:primaryType="nt:unstructured"
                sling:resourceType="telegraph/core/commons/components/articleList"
                excludeOperator="OR"
                excludeTags="[structure:travel/news,storytype:guide,structure:blacklist]"
                hideByline="none"
                hideStandfirst="{Boolean}false"
                includeOperator="AND"
                includeTags="[topics:places/cornwall,structure:travel]"
                layout="four-col"
                layoutCenterAligned="false"
                limit="{Long}4"
                offset="{Long}2"
                orderByDirection="desc"
                pageType="article"/>
            <articlelistcurated_1751095150
                jcr:created="{Date}2022-03-05T11:29:15.787Z"
                jcr:createdBy="mulvihill"
                jcr:lastModified="{Date}2022-03-05T11:29:41.226Z"
                jcr:lastModifiedBy="mulvihill"
                jcr:primaryType="nt:unstructured"
                sling:resourceType="telegraph/core/commons/components/articleListCurated"
                hideByline="none"
                hideDates="{Boolean}true"
                layout="six-col"
                title="Where to stay in Cornwall">
                <curatedParsys
                    jcr:primaryType="nt:unstructured"
                    sling:resourceType="foundation/components/parsys">
                    <articlelistcard_1386191709
                        jcr:created="{Date}2022-03-05T11:30:00.672Z"
                        jcr:createdBy="mulvihill"
                        jcr:lastModified="{Date}2022-03-05T11:30:17.312Z"
                        jcr:lastModifiedBy="mulvihill"
                        jcr:primaryType="nt:unstructured"
                        sling:resourceType="telegraph/core/commons/components/articleListCard"
                        pagePath="/content/telegraph/travel/destinations/europe/united-kingdom/england/cornwall/articles/the-best-spa-hotels-in-cornwall/">
                        <image
                            jcr:lastModified="{Date}2022-03-05T11:30:17.312Z"
                            jcr:lastModifiedBy="mulvihill"
                            jcr:primaryType="nt:unstructured"/>
                    </articlelistcard_1386191709>
                    <articlelistcard_859756169
                        jcr:created="{Date}2022-03-05T11:29:59.357Z"
                        jcr:createdBy="mulvihill"
                        jcr:lastModified="{Date}2022-03-05T11:30:34.461Z"
                        jcr:lastModifiedBy="mulvihill"
                        jcr:primaryType="nt:unstructured"
                        sling:resourceType="telegraph/core/commons/components/articleListCard"
                        pagePath="/content/telegraph/travel/destinations/europe/united-kingdom/england/cornwall/articles/Top-10-family-friendly-hotels-cornwall/">
                        <image
                            jcr:lastModified="{Date}2022-03-05T11:30:34.461Z"
                            jcr:lastModifiedBy="mulvihill"
                            jcr:primaryType="nt:unstructured"/>
                    </articlelistcard_859756169>
                    <articlelistcard_1877775455
                        jcr:created="{Date}2022-03-05T11:29:57.896Z"
                        jcr:createdBy="mulvihill"
                        jcr:lastModified="{Date}2022-03-05T11:30:49.608Z"
                        jcr:lastModifiedBy="mulvihill"
                        jcr:primaryType="nt:unstructured"
                        sling:resourceType="telegraph/core/commons/components/articleListCard"
                        pagePath="/content/telegraph/travel/destinations/europe/united-kingdom/england/cornwall/articles/the-best-cornwall-boutique-hotels/">
                        <image
                            jcr:lastModified="{Date}2022-03-05T11:30:49.608Z"
                            jcr:lastModifiedBy="mulvihill"
                            jcr:primaryType="nt:unstructured"/>
                    </articlelistcard_1877775455>
                    <articlelistcard_202144549
                        jcr:created="{Date}2022-03-05T11:29:56.335Z"
                        jcr:createdBy="mulvihill"
                        jcr:lastModified="{Date}2022-03-05T11:31:07.108Z"
                        jcr:lastModifiedBy="mulvihill"
                        jcr:primaryType="nt:unstructured"
                        sling:resourceType="telegraph/core/commons/components/articleListCard"
                        pagePath="/content/telegraph/travel/destinations/europe/united-kingdom/england/cornwall/articles/best-dog-friendly-hotels-in-cornwall/">
                        <image
                            jcr:lastModified="{Date}2022-03-05T11:31:07.108Z"
                            jcr:lastModifiedBy="mulvihill"
                            jcr:primaryType="nt:unstructured"/>
                    </articlelistcard_202144549>
                    <articlelistcard_1447832293
                        jcr:created="{Date}2022-03-05T11:29:54.688Z"
                        jcr:createdBy="mulvihill"
                        jcr:lastModified="{Date}2022-03-05T11:31:29.493Z"
                        jcr:lastModifiedBy="mulvihill"
                        jcr:primaryType="nt:unstructured"
                        sling:resourceType="telegraph/core/commons/components/articleListCard"
                        pagePath="/content/telegraph/travel/destinations/europe/united-kingdom/england/cornwall/articles/best-luxury-cornwall-hotels/">
                        <image
                            jcr:lastModified="{Date}2022-03-05T11:31:29.493Z"
                            jcr:lastModifiedBy="mulvihill"
                            jcr:primaryType="nt:unstructured"/>
                    </articlelistcard_1447832293>
                    <articlelistcard
                        jcr:created="{Date}2022-03-05T11:29:50.259Z"
                        jcr:createdBy="mulvihill"
                        jcr:lastModified="{Date}2022-03-05T11:31:45.364Z"
                        jcr:lastModifiedBy="mulvihill"
                        jcr:primaryType="nt:unstructured"
                        sling:resourceType="telegraph/core/commons/components/articleListCard"
                        pagePath="/content/telegraph/travel/destinations/europe/united-kingdom/england/cornwall/articles/best-cheap-hotels-in-cornwall/">
                        <image
                            jcr:lastModified="{Date}2022-03-05T11:31:45.364Z"
                            jcr:lastModifiedBy="mulvihill"
                            jcr:primaryType="nt:unstructured"/>
                    </articlelistcard>
                </curatedParsys>
            </articlelistcurated_1751095150>
            <articlelist_3
                jcr:lastModified="{Date}2022-03-05T11:33:25.258Z"
                jcr:lastModifiedBy="mulvihill"
                jcr:primaryType="nt:unstructured"
                sling:resourceType="telegraph/core/commons/components/articleList"
                excludeOperator="OR"
                excludeTags="[structure:travel/news,storytype:guide,structure:blacklist]"
                hideByline="none"
                includeOperator="AND"
                includeTags="[topics:places/cornwall,structure:travel]"
                layout="mpu"
                limit="{Long}4"
                offset="{Long}6"
                orderByDirection="desc"
                pageType="article"
                title="Latest articles">
                <image
                    jcr:lastModified="{Date}2022-03-05T11:33:25.258Z"
                    jcr:lastModifiedBy="mulvihill"
                    jcr:primaryType="nt:unstructured"/>
            </articlelist_3>
            <articlelist_4
                jcr:primaryType="nt:unstructured"
                sling:resourceType="telegraph/core/commons/components/articleList"
                excludeOperator="OR"
                excludeTags="[structure:travel/news,storytype:guide,structure:blacklist]"
                hideByline="none"
                hideStandfirst="{Boolean}true"
                includeOperator="AND"
                includeTags="[topics:places/cornwall,structure:travel]"
                layout="four-col"
                layoutCenterAligned="false"
                limit="{Long}8"
                offset="{Long}10"
                orderByDirection="desc"
                pageType="article"/>
            <articlelist_5
                jcr:primaryType="nt:unstructured"
                sling:resourceType="telegraph/core/commons/components/articleList"
                excludeOperator="OR"
                excludeTags="[structure:travel/news,storytype:guide,structure:blacklist]"
                hideByline="none"
                hideStandfirst="{Boolean}true"
                includeOperator="AND"
                includeTags="[topics:places/cornwall,structure:travel]"
                layout="two-col"
                layoutCenterAligned="false"
                limit="{Long}2"
                offset="{Long}18"
                orderByDirection="desc"
                pageType="article"/>
            <commercialunit
                jcr:primaryType="nt:unstructured"
                sling:resourceType="telegraph/core/commons/components/commercialUnit"/>
            <articlelist_6
                jcr:primaryType="nt:unstructured"
                sling:resourceType="telegraph/core/commons/components/articleList"
                excludeOperator="OR"
                excludeTags="[structure:travel/news,storytype:guide,structure:blacklist]"
                hideByline="none"
                hideStandfirst="{Boolean}true"
                includeOperator="AND"
                includeTags="[topics:places/cornwall,structure:travel]"
                layout="four-col"
                layoutCenterAligned="false"
                limit="{Long}8"
                offset="{Long}20"
                orderByDirection="desc"
                pageType="article"/>
            <articlelist_7
                jcr:primaryType="nt:unstructured"
                sling:resourceType="telegraph/core/commons/components/articleList"
                excludeOperator="OR"
                excludeTags="[structure:travel/news,storytype:guide,structure:blacklist]"
                hideByline="none"
                hideStandfirst="{Boolean}true"
                includeOperator="AND"
                includeTags="[topics:places/cornwall,structure:travel]"
                layout="two-col"
                layoutCenterAligned="false"
                limit="{Long}2"
                offset="{Long}28"
                orderByDirection="desc"
                pageType="article"/>
            <productteaserpack
                jcr:created="{Date}2022-03-05T11:32:10.925Z"
                jcr:createdBy="mulvihill"
                jcr:lastModified="{Date}2022-03-16T20:19:39.289Z"
                jcr:lastModifiedBy="mulvihill"
                jcr:primaryType="nt:unstructured"
                sling:resourceType="telegraph/core/travel/components/productTeaserPack"
                columns="4"
                link="/content/telegraph/travel/destinations/europe/united-kingdom/england/cornwall/hotels"
                linkLabel="View all hotels"
                linkTitle="More hotels in Cornwall"
                place="\{&quot;label&quot;:&quot;Cornwall [County: Cornwall, Country: England, bloc: United Kingdom, Continent: Europe]&quot;,&quot;id&quot;:&quot;kJv4VN2JC8T&quot;}"
                placeIds="kJv4VN2JC8T"
                rows="1"
                type="travel-entity:hotel"/>
            <articlelist_8
                jcr:primaryType="nt:unstructured"
                sling:resourceType="telegraph/core/commons/components/articleList"
                excludeOperator="OR"
                excludeTags="[structure:travel/news,storytype:guide,structure:blacklist]"
                hideByline="none"
                hideStandfirst="{Boolean}false"
                includeOperator="AND"
                includeTags="[topics:places/cornwall,structure:travel]"
                layout="mpu"
                layoutCenterAligned="false"
                limit="{Long}4"
                offset="{Long}30"
                orderByDirection="desc"
                pageType="article"/>
            <articlelistpaginatio
                jcr:primaryType="nt:unstructured"
                sling:resourceType="telegraph/core/commons/components/articleListPagination"
                excludeOperator="OR"
                excludeTags="[structure:travel/news,storytype:guide,structure:blacklist]"
                hideByline="none"
                hideStandfirst="{Boolean}false"
                includeOperator="AND"
                includeTags="[topics:places/cornwall,structure:travel]"
                layout=""
                layoutCenterAligned="false"
                limit="{Long}4"
                offset="{Long}30"
                orderByDirection="desc"
                pageType="article"/>
        </par>
    </jcr:content>
    <cornwalls-coolest-staycation-spot-has-still-got/>
    <new-cornish-cycling-trail-will-introduce-undiscovered-corners/>
    <defence-cornwalls-second-home-owners/>
    <fell-love-forgotten-corner-cornwall-1940s/>
    <move-padstow-new-jewel-cornwalls-coastal-crown/>
</jcr:root>
