<?xml version="1.0" encoding="UTF-8"?>
<jcr:root xmlns:cq="http://www.day.com/jcr/cq/1.0" xmlns:jcr="http://www.jcp.org/jcr/1.0" xmlns:rep="internal"
    jcr:mixinTypes="[rep:AccessControllable]"
    jcr:primaryType="cq:Page">
    <_x0031_0-steps-to-well-being/>
    <jcr:content/>
    <application/>
    <breakfasts-from-around-the-world/>
    <get-fit-in-minutes/>
    <smart-recipe-swaps/>
    <arabella-weir-interview/>
    <one-small-change-big-difference/>
    <delicious-breakfast-ideas/>
    <win-a-tropicana-morning-hamper/>
    <tropicana-competition-terms-and-competition/>
    <portable-breakfast-ideas/>
    <orange-juice-benefits/>
    <five-a-day-juice/>
    <healthy-eating-quiz/>
    <vitamins-in-orange-juice/>
    <healthy-breakfast-ideas/>
    <should-you-skip-breakfast/>
    <how-to-smile-every-day/>
    <things-you-can-do-in-20-minutes/>
    <how-to-be-active-all-day/>
    <how-much-water-should-you-drink/>
    <summer-desserts/>
    <how-to-enjoy-your-day/>
    <guide-to-vitamin-c/>
    <how-to-wake-up-happy/>
    <benefits-of-morning-walks/>
    <what-counts-as-a-portion/>
    <how-to-get-your-five-a-day/>
    <how-to-feel-full/>
    <healthy-habits/>
    <_x0031_0-ways-to-well-being/>
    <five-a-day/>
    <fry-ups-or-morning-walks/>
    <things-early-risers-do/>
    <power-of-mindfulness/>
    <health-and-protein-powders/>
    <health-happiness-and-vitality/>
    <rep:policy/>
</jcr:root>
