<?xml version="1.0" encoding="UTF-8"?>
<jcr:root xmlns:cq="http://www.day.com/jcr/cq/1.0" xmlns:jcr="http://www.jcp.org/jcr/1.0"
    jcr:primaryType="cq:Page">
    <jcr:content/>
    <liverpool-make-375m-bid-porto-winger-luis-diaz/>
    <australian-open-semi-final-live-score-stefanos-tsitsipas-vs/>
    <farhad-moshiri-has-made-everton-look-unmanageable-cant-afford/>
    <coventry-united-eight-minutes-losing-jobs-homes-inside-story/>
    <arsenal-wanted-transfer-window-breathe-life-season-havent/>
    <newcastle-close-triple-deal-eddie-nketiah-dan-burn-bruno-guimaraes/>
    <wayne-rooney-rejected-everton-approach-stay-mastermind-derby/>
    <tottenham-hit-transfer-panic-button-bid-salvage-january-window/>
    <wsl-clubs-january-transfer-business-ranked-rated/>
    <frank-lampard-offered-everton-job-poised-bring-end-manager/>
</jcr:root>
