<?xml version="1.0" encoding="UTF-8"?>
<jcr:root xmlns:cq="http://www.day.com/jcr/cq/1.0" xmlns:jcr="http://www.jcp.org/jcr/1.0"
    jcr:primaryType="cq:Page">
    <jcr:content/>
    <Campi-Ya-Kanzi-hotel/>
    <sosian-lodge-hotel/>
    <elsas-kopje-lodge-hotel/>
    <saruni-samburu-lodge-hotel/>
    <borana-lodge-hotel/>
    <joys-camp-hotel/>
    <mahali-mzuri-hotel/>
    <little-governors-camp-hotel/>
    <afrochic-diani-beach-hotel/>
    <watamu-treehouse-hotel/>
    <medina-palms-hotel/>
    <lonno-lodge-hotel/>
    <angama-mara-hotel/>
    <alex-walkers-serian-the-original-hotel/>
    <ol-malo-hotel/>
    <fairmont-mount-kenya-safari-club-hotel/>
    <and-beyond-bateleur-camp-hotel/>
    <naboisho-camp-hotel/>
    <mara-bushtops-hotel/>
    <ol-pejeta-bush-camp-hotel/>
    <enaidura-camp/>
    <il-ngwesi-eco-lodge-hotel/>
    <mara-plains-camp-hotel/>
    <mara-expedition-camp-hotel/>
</jcr:root>
