<?xml version="1.0" encoding="UTF-8"?>
<jcr:root xmlns:cq="http://www.day.com/jcr/cq/1.0" xmlns:jcr="http://www.jcp.org/jcr/1.0"
    jcr:primaryType="cq:Page">
    <jcr:content/>
    <Glazebrook-House-Hotel/>
    <bovey-castle/>
    <weeke-barton-hotel/>
    <agaric-hotel/>
    <the-rugglestone-inn-hotel/>
    <the-three-crowns-inn-hotel/>
    <mill-end-hotel/>
    <the-dartmoor-inn-hotel/>
    <the-edgemoor-hotel/>
    <ilsington-country-house-hotel/>
    <yarner-house-hotel/>
    <the-white-hart-hotel/>
    <moorland-garden-hotel/>
    <two-bridges-hotel/>
    <anran-hotel/>
    <ring-of-bells-inn-hotel/>
    <the-dartmoor-suite-hotel/>
    <live-and-let-live-inn-hotel/>
</jcr:root>
