<?xml version="1.0" encoding="UTF-8"?>
<jcr:root xmlns:cq="http://www.day.com/jcr/cq/1.0" xmlns:jcr="http://www.jcp.org/jcr/1.0"
    jcr:primaryType="cq:Page">
    <jcr:content/>
    <application/>
    <hotels/>
    <articles/>
    <aosta-valley/>
    <basilicata/>
    <calabria/>
    <campania/>
    <capri/>
    <dolomites/>
    <elba/>
    <emilia-romagna/>
    <italian-lakes/>
    <liguria/>
    <lombardy/>
    <marche/>
    <piedmont/>
    <puglia/>
    <rome/>
    <rome1/>
    <sardinia/>
    <sicily/>
    <tuscany/>
    <umbria/>
    <veneto/>
    <south-tyrol/>
    <friuli-venezia-giulia/>
    <galleries/>
    <italy-holiday-planner/>
    <italy-tours/>
    <tours/>
    <italy-holidays/>
    <mont-blanc/>
    <latina/>
    <abruzzo/>
    <restored-italian-castle-ancient-history-meets-unparalleled-luxury/>
    <daunted-travel-just-had-amazing-city-break/>
    <one-euro-villa-rural-italy-wheres-catch/>
    <gino-dacampo-summer-holidays-italy-completely-misguided/>
    <overlooked-italian-town-inspired-lost-leonardo/>
    <spa-detox-week-italy-showed-do-actually-have-reset-button/>
    <actually-happens-stressed-out-midlifer-visits-hipsters-paradise/>
    <tourist-taxes-turnstiles-could-turn-venice-disneyland/>
</jcr:root>
