<?xml version="1.0" encoding="UTF-8"?>
<jcr:root xmlns:cq="http://www.day.com/jcr/cq/1.0" xmlns:jcr="http://www.jcp.org/jcr/1.0"
    jcr:primaryType="cq:Page">
    <jcr:content/>
    <what-to-do-beforeyougotoindia/>
    <india-travel-guide/>
    <india-events/>
    <india-where-to-goandstay/>
    <india-what-to-pack/>
    <india-tour-operators/>
    <india-getting-around/>
    <India-a-street-food-tour/>
    <India-Christmas-without-the-commerce-in-Kerala/>
    <India-on-the-Gandhi-trail/>
    <India-readers-recommendations-tips-and-advice/>
    <India-the-delights-of-devotion-in-Tamil-Nadu/>
    <Indias-Western-Ghats-a-wealth-of-wildlife-and-the-worlds-best-pharmacy/>
    <India-and-The-Kama-Sutra-Diaries/>
    <India-by-rail-10-days-five-trains-and-2300-miles/>
    <India-considers-widespread-visa-reform/>
    <Indian-spas-and-wellness-holidays-Shinshiva-Ayurvedic-Resort-Kerala/>
    <Indian-tourist-visas-e-visa-scheme-extended-to-British-travellers/>
    <India-rail-holidays-On-board-the-Deccan-Odyssey/>
    <India-sets-out-tourist-friendly-agenda/>
    <India-tourism-fears-after-latest-rape/>
    <India-with-our-experts-Telegraph-Tours/>
    <Air-India-fails-to-attract-any-candidates-for-pilot-jobs/>
    <Away-from-the-desk-young-and-fearless-in-India/>
    <Darjeeling-tea-at-the-top-of-the-Himalayas/>
    <Edward-Lears-India/>
    <India-a-cultural-tour-of-the-countrys-religious-heritage/>
    <Just-Back-India-and-the-worlds-largest-free-lunch/>
    <New-Indian-visa-rules-require-British-tourists-to-provide-fingerprints/>
    <Nigel-Planers-Cochin-My-Kind-of-Town/>
    <Ooty-India-back-in-time-to-the-birthplace-of-snooker/>
    <Rush-hour-on-the-worlds-busiest-railway/>
    <Stings-India-from-Roxanne-to-Rajasthan/>
    <Tamil-Nadu-India-in-the-footsteps-of-Linnaeus-Tripe/>
    <What-to-wear-in-India-advice-for-female-travellers/>
    <Twenty-destinations-for-2014-The-Ganges-India/>
    <Tourist-visa-applications-to-India-what-you-need-to-know/>
    <Tourist-dies-at-Indias-Taj-Mahal-while-taking-a-selfie/>
    <Tiger-increase-in-India-proof-of-the-benefits-of-tourism/>
    <The-worlds-first-fully-solar-powered-airport/>
    <Just-back-Tear-inducing-paan-chewing-in-India/>
    <Woman-trampled-to-death-by-elephant-in-Indian-park/>
    <Twenty-destinations-for-2014-Kashmir-India/>
    <The-Elephant-Festival-in-Chenkal-Kerala/>
    <Kolkata-under-the-skin-of-one-of-Indias-most-intriguing-cities/>
    <Kashmir-an-open-door-to-careful-travellers/>
    <Jonnie-Irwins-Mumbai-My-Kind-of-Town/>
    <Jaipurs-best-restaurants-by-Vivek-Singh/>
    <Hyderabad-India-on-the-trail-of-the-White-Mughals/>
    <Gujarat-India-At-home-with-Narendra-Modi-and-the-Mahatma/>
    <Goa-India-A-haven-minus-the-hippies/>
    <Crocodile-on-beach-a-fake-planted-by-tourism-rival-says-Goa-travel-chief/>
    <_x0032_0-destinations-for-2015-Chettinadu-South-India/>
    <Indian-train-travel-Journeys-fit-for-a-Maharaja/>
    <Around-India-in-80-trains/>
    <Fast-trains-link-the-Golden-Triangle/>
    <Indian-Railways-rattling-on-at-160/>
    <india-by-train-best-journeys/>
    <Indias-disappearing-railways-a-final-journey/>
    <Maharajas-Express-India-and-the-budget-alternative/>
    <The-thin-air-is-thick-with-adventure/>
    <India-for-families-take-a-cricket-bat-the-rest-is-childs-play/>
    <Indian-pilgrimage-Windsor-to-the-Ganges/>
    <Travel-book-review-Kaleidoscope-City-A-Year-in-Varanasi/>
    <Spotting-tigers-in-India-an-eye-for-the-tiger/>
    <Away-from-the-desk-Mick-Brown-in-India/>
    <Delhi-rape-how-can-women-travellers-stay-safe/>
    <India-Extreme-biking-in-beautiful-Ladakh/>
    <India-trek-savouring-a-taste-of-Himalayan-village-life/>
    <A-culinary-tour-of-India/>
    <Central-Indias-incredible-Ahilya-Fort/>
    <Just-back-Christmas-craze-in-India/>
    <Just-Back-the-carpet-sellers-of-Madurai/>
    <Just-Back-the-wilderness-of-the-Western-Ghats/>
    <Just-Back-bovine-tension-in-Goa/>
    <A-nostalgic-tour-of-India/>
    <Kashmir-holiday-travel-advice/>
    <Applying-for-an-Indian-tourist-visa/>
    <Fiona-Bruces-Indian-adventure/>
    <British-tourists-flock-to-India-under-new-e-visa-system/>
    <Indias-bullet-train-will-benefit-the-wealthy/>
    <Indias-erotic-temples-require-ParentalGuidance/>
    <India-considers-banning-elephant-rides/>
    <Madhur-Jaffrey-No-restaurant-can-ever-compete-with-home-cooked-Indian-food/>
    <Memories-of-Indias-colonial-past/>
    <Rudyard-Kiplings-India/>
    <Payment-problems-on-Indias-e-visa-website/>
    <India-the-orphanage-giving-girls-a-future/>
    <around-the-world-in-80-trains-mandovi-express-india/>
    <india-drops-coolie-names-for-porters-to-modernise-railways/>
    <in-search-of-the-real-jungle-book/>
    <gatimaan-express-india-high-speed-railway/>
    <mumbai-slum-tours-ethical-or-not/>
    <kaziranga-national-park-india-off-the-beaten-track/>
    <pop-airline-plans-cheap-but-charitable-flights-to-ahmedabad-and-/>
    <new-documentary-exposes-abuse-of-indias-sacred-elephants/>
    <renaissance-for-indian-art/>
    <visa-for-a-cruise-to-india/>
    <reasons-to-visit-india-things-to-see-and-do/>
    <india-by-etch-a-sketch-princess-jane-labowitch/>
    <the-worlds-coolest-budget-hotel-chototel/>
    <just-back-watching-kabaddi-india/>
    <is-this-the-new-taj-mahal-historic-tomb-complex-to-be-restored/>
    <india-in-slow-motion-lesser-known-rajasthan/>
    <delhi-most-polluted-city-in-the-world/>
    <use-cards-not-cash-british-travellers-in-india-warned-following-cash-rupee-crisis/>
    <air-india-to-launch-women-only-seats-to-combat-in-flight-sexual-assault-incidents/>
    <a-hundred-mile-rail-trip-through-the-himalayas-for-less-than-a-pound/>
    <finding-light-in-a-dark-corner-of-india/>
    <hyperloop-rail-project-promises-trips-across-india-in-under-an-hour/>
    <chandigarh-the-happiest-city-in-india/>
    <chennai-coffee-and-cricket/>
    <india--getting-there/>
    <india-invites-tourists-to-live-like-Gandhi/>
    <scoot-low-cost-flights-europe-to-india/>
    <ladakh-and-the-unknown-life-of-jesus-christ/>
    <snow-leopards-in-india-ladakh/>
    <busiest-airport-in-world-aircraft-movements/>
    <christmas-at-dharamsala-home-of-the-dalai-lama/>
    <wellness-health-food-at-amritsar-golden-temple/>
    <beatles-in-rishikesh/>
    <paul-saltzman-recalls-rishikesh-in-1968/>
    <skiing-in-kashmir-adventure/>
    <ganges-india-how-to-visit/>
    <why-india-most-demanding-destination/>
    <ruby-wax-in-india/>
    <cheap-flights-to-india-launched-via-iceland/>
    <indian-himalayas-in-the-footsteps-of-the-anwal/>
    <ultimate-south-india/>
    <real-marigold-hotel-selina-scott-india/>
    <pakyong-new-india-airport-opens-himalayas/>
    <statue-of-unity-india-world-tallest/>
    <train-travel-india-best-way-to-see-country/>
    <dhankar-gompa-buddhist-retreat/>
    <kumbh-mela-india/>
    <sikkim-botanical-tour-jd-hooker/>
    <conversation-on-india-train/>
    <kate-humble-lesser-known-highlights-india/>
    <kolkata-queen-victoria/>
    <adipur-charlie-chaplin-festival/>
    <chettinad-tamil-nadu-temples/>
    <on-the-trail-of-jim-corbett/>
    <best-country-for-vegans-vegetarians-where-to-go/>
    <south-india-itinerary-how-to-visit/>
    <the-trials-of-travelling-with-another-couple-through-india/>
    <ayurvedic-retreat-western-ghats-hotel/>
    <snow-leopard-kill-in-the-himalayas/>
    <meet-indias-15-year-old-answer-to-david-attenborough-tigers-madhya-pradesh/>
    <india-on-coronavirus-lockdown/>
    <lockdown-india-stranded-travellers-goa-coronavirus/>
    <delhi-postcard-coronavirus/>
    <dream-journeys-through-iconic-corners-of-india/>
    <nagaland-headhunters/>
    <hyderabad-india/>
    <marcel-theroux-holiday-that-changed-me-travelling-solo-india-as-a-teenager/>
    <postcard-from-india-jaipur-covid/>
    <postcard-from-india-chennai-covid/>
    <kooks-hugh-harris-holiday-changed-me-ganges-take-control-my-pain/>
    <the-golden-age-of-classical-music-in-india/>
    <inside-india-ground-breaking-animal-sanctuary/>
</jcr:root>
