<?xml version="1.0" encoding="UTF-8"?>
<jcr:root xmlns:cq="http://www.day.com/jcr/cq/1.0" xmlns:jcr="http://www.jcp.org/jcr/1.0"
    jcr:primaryType="cq:Page">
    <jcr:content/>
    <application/>
    <new-tyres-could-see-lap-records-broken/>
    <antti-vierula-keeps-drivers-fit/>
    <win-tickets-to-british-grand-prix/>
    <sophie-ogg-communications-head-new-season/>
    <christian-horner-14th-pre-season/>
    <nico-hulkenberg-testing-barcelona/>
    <andrew-westacott-interview/>
    <ted-kravitz-interview/>
    <tom-stallard-interview/>
    <ian-roberts-deputy-medical-delegate-interview/>
    <michelle-brinton-interview/>
    <lyndy-redding-chef-interview/>
    <daniel-ricciardo-interview/>
    <andy-cowell-mercedes-interview/>
    <ross-brawn-interview/>
    <halo-biggest-challenge-to-photographers/>
    <where-to-watch-live/>
    <otmar-szafnauer-interview/>
    <martin-brundle-interview/>
    <lewis-hamilton-centre-of-attention/>
    <nico-rosberg-interview/>
</jcr:root>
