<?xml version="1.0" encoding="UTF-8"?>
<jcr:root xmlns:cq="http://www.day.com/jcr/cq/1.0" xmlns:jcr="http://www.jcp.org/jcr/1.0"
    jcr:primaryType="cq:Page">
    <jcr:content/>
    <places-to-eat-in-edinburgh/>
    <whisky-with-humble-origins/>
    <win-two-night-break-edinburgh/>
    <five-warm-winter-puds-recipes/>
    <winter-warmers-whisky-recipes/>
    <warming-power-of-whisky/>
    <richard-burr-my-perfect-winters-day/>
    <matt-dawson-my-perfect-winters-day/>
    <seven-whisky-drinks-recipes/>
    <tina-hobley-perfect-winters-day/>
    <leith-story-of-a-scottish-renaissance/>
    <three-whiskies-perfect-for-winter/>
    <winter-cocktails-to-keep-you-warm/>
    <philip-mould-perfect-winters-day/>
    <application/>
    <dessert-recipes-with-alcohol/>
    <beginners-guide-to-gaelic/>
    <arabella-weir-perfect-winters-day/>
    <six-of-the-best-scottish-films/>
    <jon-culshaw-perfect-winters-day/>
    <tamzin-outhwaite-glides-into-festive-spirit/>
</jcr:root>
