<?xml version="1.0" encoding="UTF-8"?>
<jcr:root xmlns:cq="http://www.day.com/jcr/cq/1.0" xmlns:jcr="http://www.jcp.org/jcr/1.0"
    jcr:primaryType="cq:Page">
    <jcr:content/>
    <perth-city-breakguide/>
    <things-to-do-in-perth/>
    <perth-restaurants/>
    <perth-nightlife/>
    <perth-shopping/>
    <perth-itineraries/>
    <perth-free-thingstodo/>
    <perth-wildlife/>
    <perth-beaches/>
    <perth-and-westernaustraliawheretostay/>
    <perth-getting-there/>
    <Perth-10-of-the-best-free-things-to-do/>
    <The-cheapest-time-to-fly-to-Perth/>
    <Perth-readers-tips-recommendations-and-travel-advice/>
    <The-saddle-saga-limbering-up-in-Perth-Australia/>
    <Perth-A-girls-guide-to-the-best-attractions-this-city-has-to-offer/>
    <perth-tickets-direct-flights-london-food-restaurants/>
    <how-perth-became-cool/>
    <the-most-expensive-toilet-in-perth/>
    <perth-travel-guide/>
</jcr:root>
