<?xml version="1.0" encoding="UTF-8"?>
<jcr:root xmlns:cq="http://www.day.com/jcr/cq/1.0" xmlns:jcr="http://www.jcp.org/jcr/1.0"
    jcr:primaryType="cq:Page">
    <jcr:content/>
    <the-worlds-best-honeymoon-hotels-and-destinationsBACKUP/>
    <book-it-eight-family-friendly-hotels-in-europe/>
    <book-it-four-of-the-best-hotels-for-a-greek-island-holiday/>
    <book-it-four-hotels-for-a-last-minute-summer-holiday/>
    <_x0031_1-kinky-and-quirky-breaks-for-Valentines-Day/>
    <The-worlds-best-hotel-groups/>
    <Top-10-the-best-family-friendly-beach-hotels/>
    <outrageous-hotel-charges/>
    <hotel-hacks-tips-to-improve-your-stay/>
    <The-best-hotels-for-fashionistas/>
    <Alex-Polizzi-on-Wi-Fi-charges-chain-hotels-and-theft-by-guests/>
    <Fitness-bootcamps-how-to-get-bikini-ready-in-style/>
    <Hotel-pet-hates-from-towel-art-to-bath-butler-service/>
    <Luxury-hotels-with-artists-in-residence/>
    <The-worlds-costliest-room-service/>
    <Worlds-most-popular-new-hotels-named/>
    <Alex-Polizzi-the-Hotel-Inspector-checks-in/>
    <New-hotels-for-2012-in-London-Paris-and-New-York/>
    <Is-this-really-the-worlds-best-small-hotel/>
    <Best-hotels-in-the-world/>
    <_x0031_0-things-to-consider-before-booking-a-spa-break/>
    <Hotel-trends-for-2016/>
    <Gifts-for-hotel-lovers/>
    <Amazing-buildings-where-you-can-spend-the-night1/>
    <How-to-spend-Christmas-at-Claridges/>
    <The-worlds-best-hotels-according-to-Mr-and-Mrs-Smith/>
    <Last-minute-hotel-deals/>
    <The-best-hotel-themed-Valentines-day-ideas/>
    <Valentines-Day-ideas-exclusive-romantic-hotel-deals/>
    <Is-this-Britains-best-Valentines-afternoon-tea/>
    <night-manager-hotels-filming-locations/>
    <six-senses-wins-best-hotel-group-in-the-telegraph-travel-awards/>
    <hotel-offers-bedtime-stories/>
    <athens-hotels-with-rooftop-views-four-of-the-best/>
    <the-best-hotels-in-venice-italy/>
    <Caribbean-hotels-three-of-the-best/>
    <uk-hotels-with-vegetarian-restaurants/>
    <the-humble-hotels-of-world-cup-1966/>
    <gleneagles-hotel-group-to-launch-budget-chain-aimed-at-millenials/>
    <the-cheapest-places-to-stay-in-London/>
    <paris-hilton-opening-beach-luxury-hotels-dubai-new-york-las-vegas/>
    <rooms-by-the-water-from-lake-como-to-the-thames/>
    <super-chic-seaside-stays-not-just-for-summer/>
    <micro-hotels-the-worlds-coolest-budget-hotels/>
    <book-it-great-hotels-for-winter-sun-maldives-sri-lanka-kuala-lumpur-dominican-republic/>
    <opinions-are-divided-over-william-and-kate-canada-hotel-coast-high-country-inn-yukon/>
    <victoria-itv-drama-filming-locations-and-where-to-stay/>
    <book-it-four-fabulous-country-house-hotels-for-autumn/>
    <karl-lagerfeld-hotels-and-resorts-to-open-in-macau/>
    <book-it-four-hidden-hotels/>
    <celebrities-who-have-lived-in-hotels/>
    <inside-the-donald-trump-hotel-empire/>
    <worlds-most-romantic-hotels/>
    <the-worlds-best-honeymoon-hotels-and-destinations/>
    <the-best-hostels-in-the-world/>
    <christmas-gifts-for-hotel-lovers/>
    <in-room-hair-styling-matthew-curtis-rosewood/>
    <four-stylish-ski-hotels/>
    <a-to-z-of-hotels/>
    <hotel-trends-for-2017/>
    <the-worlds-best-boutique-hotels-according-to-mr-and-mrs-smith/>
    <winston-churchills-favourite-hotels/>
    <the-worlds-most-unusual-weird-hotels/>
    <hilton-hotels-launches-tapestry-collection-its-14th-hotel-brand/>
    <book-it-hotels-for-all-seasons/>
    <mar-a-lago-palm-beach-is-this-donald-trumps-favourite-hotel/>
    <marriott-to-introduce-communal-apartments-in-element-hotels/>
    <inside-the-worlds-first-five-star-luxury-hotel-for-cats/>
    <jessica-alba-becomes-a-rosewood-hotels-ambassador/>
    <w-hotels-is-this-the-worlds-coolest-hotel-brand/>
    <burj-al-arab-dubai-most-popular-hotel-on-social-media/>
    <michelin-starred-female-hotel-chefs-international-womens-day/>
    <brewdog-to-open-beer-hotel/>
    <fashion-designer-thierry-mugler-to-launch-boutique-hotel-brand/>
    <is-this-the-worlds-most-jaw-dropping-hotel-pool-marina-bay-sands/>
    <amazing-hotels-interview-with-monica-galetti/>
    <remote-hotel-at-sea-frying-pan-tower-lighthouse/>
    <uk-hotels-enjoy-a-post-brexit-boom/>
    <book-it-four-blissful-spa-hotels/>
    <book-it-four-secluded-island-hotels-for-a-romantic-getaway/>
    <jonny-mitchell-from-love-island-reveals-his-favourite-hotels/>
    <worlds-best-hotels-for-chocolate-lovers/>
    <best-northern-lights-hotels-where-to-watch-the-aurora-borealis/>
    <book-it-four-scenic-stays-in-amazing-european-destinations/>
    <book-it-four-hot-hotels-for-sun-seekers/>
    <the-worlds-best-hotels-with-boats/>
    <book-it-four-luxury-country-hotel-gems-for-a-truly-british-stay/>
    <e4-the-five-star-hotel-run-by-celebrities/>
    <book-it-four-country-hotel-gems-for-a-truly-british-stay/>
    <book-it-four-hotel-restaurants-in-europe-for-gastronomic-holiday/>
    <the-greatest-cities-for-an-autumn-break-and-the-best-hotels/>
    <book-it--four-hotels-for-fashion-week/>
    <the-worlds-most-instagrammable-hotel-staircases/>
    <pillow-talk-latest-hotel-news-trends-and-openings/>
    <book-it-for-hotels-for-an-autumn-holiday/>
    <book-it-four-stylish-seaside-hotels-for-a-british-beach-holiday/>
    <book-it-four-uk-hotels-for-a-spa-break/>
    <revealed-worst-best-hotel-chains-in-britain/>
    <book-it-four-tropical-island-hotels-bali-maldives/>
    <destinations-which-offer-the-best-value-hotel-rooms-per-square-m/>
    <home-grown-hotels-worlds-most-special-places-to-stay/>
    <book-it-four-hotels-in-england-for-christmas-shopping/>
    <where-will-the-Duke-and-Duchess-of-Sussex-honeymoon/>
    <telegraph-travel-awards-2017-hotel-operators/>
    <norway-s-fordypningsrommet-resort-is-cut-off-from-society/>
    <book-it-four-luxe-hotels-for-a-taste-of-glamour/>
    <book-it-four-european-spa-hotels/>
    <this-years-best-hotel-openings/>
    <the-best-hotel-spa-openings-this-year/>
    <the-best-new-hotels-for-2018-city-breaks/>
    <the-worlds-most-amazing-spa-breaks/>
    <why-all-men-should-be-considering-a-spa-hotel-this-year/>
    <family-spa-breaks-everything-you-need-to-know/>
    <hotel-trends-for-2018/>
    <the-best-romantic-hotels-in-london-with-experiences-for-couples/>
    <book-it-four-of-britains-most-luxurious-rural-retreat-hotels/>
    <why-sex-is-better-in-hotels-20-of-the-worlds-most-seductive-places-to-stay/>
    <book-it-four-chic-hotels-in-the-alps/>
    <themed-hotels-guilty-pleasures/>
    <the-irresistible-rise-of-women-only-hotels-and-resorts/>
    <from-the-archives-fanny-cradock-bon-viveur-hotels/>
    <book-it-four-chic-european-hotels-for-design-lovers/>
    <first-luxury-hotel-to-open-in-space-in-2022/>
    <book-it-four-sun-soaked-hotels-where-summer-comes-early/>
    <is-this-the-worlds-most-futuristic-looking-hotel/>
    <honeymoon-destinations-the-most-luxurious-hotels-for-newlyweds/>
    <the-jameson-retreat-review-rosewood-london/>
    <book-it-four-romantic-honeymoon-hotels/>
    <easyhotel-budget-hotel-group-launches-fake-tan-range/>
    <the-best-haciendas-in-mexico/>
    <book-it--four-united-states-hotels-for-living-the-american-dream/>
    <october-september-holidays-late-summer-sun-hotels/>
    <book-it-four-hotels-for-a-mediterranean-family-holiday/>
    <book-it-four-hotels-for-great-britain-beach-holiday/>
    <winter-sun-holidays-best-hotels/>
    <brewdog-opens-worlds-first-beer-hotel-in-columbus-ohio-united-states/>
    <book-it-four-greece-beach-hotels-for-late-summer-sun/>
    <where-will-princess-eugenie-go-on-honeymoon-hotel/>
    <book-it-four-peaceful-hotels-for-a-relaxing-holiday/>
    <book-it-four-design-hotels-for-fashion-weeks-london-paris-milan-new-york/>
    <book-it-four-chic-and-cheerful-hotels-for-a-european-city-break/>
    <book-it-four-fabulous-uk-spa-hotels/>
    <the-best-urban-hikes-walks-and-hotels/>
    <book-it-hotels-for-a-city-break-new-york-tokyo-singapore-dubai/>
    <book-it-four-family-friendly-hotels-for-the-school-holidays/>
    <hotel-robot-room-service/>
    <book-it-four-of-the-best-hotels-in-europe-for-ski-season/>
    <book-it-four-country-house-hotels-in-the-uk/>
    <book-it-four-hotels-for-a-christmas-holiday-in-england/>
    <introducing-the-self-driving-driving-hotel-room-that-could-revol/>
    <book-it-four-hotels-for-a-holiday-in-scandinavia/>
    <northern-lights-hotels-the-best-places-to-see-the-aurora-boreali/>
    <telegraph-travel-awards-hotel-groups/>
    <london-hotel-conceives-of-womb-room-to-help-guests-sleep/>
    <unchain-hotels/>
    <what-is-it-really-like-to-spend-a-night-inside-the-icehotel-/>
    <book-it-four-of-the-best-hotels-in-south-east-asia/>
    <xenia-taliotis-how-a-spa-brought-me-back-to-life-after-loss/>
    <hotel-trends-for-2019/>
    <inside-travel-jodie-kidd-spa-hotel-wellness-breaks/>
    <book-it-four-romantic-hotels-in-europe-for-valentines-day/>
    <cleansebot-the-pocket-size-robot-that-cleans-hotel-rooms/>
    <book-it-four-of-the-best-hotels-in-latin-america/>
    <book-it-four-of-the-best-hotels-in-britain-for-shopping/>
    <book-it-four-fabulous-hotels-around-the-world-for-a-beach-holiday/>
    <book-it-four-of-the-best-hotels-around-the-world-for-the-fashion-set/>
    <wetherspoons-to-open-hotel-and-museum-in-wolverhampton/>
    <book-it-the-best-holiday-destinations-and-hotels/>
    <dorchester-collection-hotel-boycott-sultan-of-brunei/>
    <book-it-four-fabulous-foodie-hotels-in-europe/>
    <book-it-spa-and-wellness-hotels/>
    <worlds-best-back-retreats-hotels/>
    <book-it-four-of-the-best-london-hotels/>
    <interview-with-rocco-forte-hotels-insider-secrets/>
    <book-it-four-of-the-best-pubs-with-rooms-in-britain/>
    <amazing-budget-hotels-asia-pacific/>
    <amazing-budget-hotels-africa-indian-ocean/>
    <best-spa-town-hotels/>
    <hotels-with-star-quality/>
    <spa-talk-latest-spa-hotel-treatments-news-trends-openings/>
    <hotels-that-feel-like-home/>
    <inside-travel-hotel-minis-ban/>
    <book-it-best-country-house-hotels-uk-for-downton-abbey-fans/>
    <how-to-get-a-free-hotel-upgrade/>
    <book-it-four-hotels-world-best-cities-fashion/>
    <book-it-four-europe-minibreak-hotels/>
    <what-makes-the-perfect-hotel-room/>
    <book-it-best-hotel-spas-wellness-europe/>
    <book-it-worlds-most-romantic-hotels-couples/>
    <book-it-wine-holidays-hotels-cruises/>
    <book-it-four-hotels-weekend-break-scotland/>
    <book-it-best-hotels-shopping-holidays-uk-ireland/>
    <ace-hotel-20-years-old/>
    <book-it-four-best-hotels-winter-sun/>
    <book-it-four-luxury-hotels-city-break-asia/>
    <the-worlds-best-budget-hotels-and-hostels-in-amazing-locations/>
    <book-it-four-hotels-new-years-eve-party/>
    <best-hotel-openings-decade/>
    <book-it-four-once-in-lifetime-holiday-hotels/>
    <best-new-hotel-openings-year/>
    <hotel-trends-for-2020/>
    <new-hotels-spa-openings/>
    <eco-instincts-booking-hotels/>
    <world-of-wellness-spa-trends-2020/>
    <mythbusting-for-spa-wellness-newbies/>
    <best-hotels-solo-travel-holidays-spa-breaks-ski-adventure-single/>
    <book-it-best-ski-hotels-europe/>
    <honeymoons-through-the-ages/>
    <honeymoon-trends-where-to-go/>
    <honeymoon-memories-hotels-changed-nepal/>
    <book-it-romantic-hotels-europe-valentines-day/>
    <honeymoons-all-seasons-where-when-go-hotels/>
    <book-it-half-term-holiday-family-friendly-hotels/>
    <fashion-crowd-favourite-hotels/>
    <worlds-most-remote-hotels/>
    <book-it-paradise-islands/>
    <fiona-duncan-hotels-shaped-my-life/>
    <fiona-duncan-things-learned-20-years-hotel-critic/>
    <organic-hotels/>
    <book-it-wellness-holiday-hotels/>
    <aman-launch-janu-new-hotel/>
    <book-it-uk-hotels-mothers-day/>
    <telegraph-travel-editors-favourite-hotels/>
    <rural-yorkshire-hotel-local-deliveries-coronavirus/>
    <holiday-at-home-turn-house-hotel/>
    <claridges-giving-beds-to-nhs-workers/>
    <hotels-editor-wish-list/>
    <citizenm-hotels-donate-ipads-coronavirus-patients/>
    <travel-ban-hotels-covid/>
    <the-pig-hotel-kitchen-gardens-help-nhs-workers-gorillas/>
    <best-hotel-deals-2020-2021-holidays/>
    <fiona-duncan-hotels-dreaming-of-after-coronavirus/>
    <coronavirus-end-hotel-breakfast-buffet/>
    <hotels-prepare-reopen-after-coronavirus-medical-tests-guests/>
    <uk-hotels-reopening-summer/>
    <anatomy-future-hotel-stay-after-coronavirus-lockdown/>
    <bill-bensley-interview-post-coronavirus-hospitality/>
    <new-independent-hotels-dealing-covid-pandemic/>
    <social-distancing-measures-hotels-in-pictures/>
    <best-hotels-reopen-europe-greece-spain-france-italy-quarantine-free/>
    <spas-open-uk-new-rules-coronavirus-covid-guidelines/>
    <nights-on-us-luxury-uk-hotels-unite-free-stays-icu-workers/>
    <hospitality-companies-call-for-end-to-quarantine/>
    <british-hotels-open-quarantine/>
    <the-surprisingly-interesting-world-of-hotel-carpets/>
    <future-business-travel-hotels-coronavirus/>
    <fiona-duncan-favourite-uk-hotels-after-lockdown/>
    <hotels-food-delivery-shops/>
    <hotels-sustainability-post-covid-world/>
    <room-mate-hotels-hosted-healthcare-staff-lockdown-return-to-norm/>
    <what-happens-hotel-guest-tests-positive-coronavirus/>
    <hotel-dining-social-distancing-trend/>
    <devastating-effect-coronavirus-lockdown-uk-hotels/>
    <how-hotels-create-sustainable-change-communities-beyond-lockdown/>
    <rise-in-hotels-and-jet-packages-for-the-post-pandemic-traveller/>
    <hotel-hit-squad-fiona-duncans-favourite-pig-hotel/>
    <new-hotel-openings-lockdown-2020/>
    <britain-channel-island-hotels/>
    <test4travel-campaign-rocco-forte-olga-polizzi-quarantine-london-hotels/>
    <how-to-book-eco-friendly-holiday-hotel/>
    <future-floating-hotels-anthenea/>
    <free-stays-at-luxury-uk-hotels-for-nhs-icu-nurses-nights-on-us-sell-out/>
    <booking-service-takes-stress-out-post-lockdown-holidays-nemo-travel-hotels/>
    <robin-hutson-comment-hotels-restaurants-government-curfew/>
    <book-it-best-uk-spa-hotels/>
    <trending-long-term-hotel-stays/>
    <social-distancing-hostels/>
    <eco-hotels-checklist/>
    <one-aldwych-london-dog-friendly/>
    <book-it-best-boutique-hotels-england/>
    <book-it-best-hotels-countryside-holidays-outdoors/>
    <worlds-best-long-stay-visas-and-hotels-for-remote-working/>
    <long-stay-hotel-deals-for-escaping-lockdown-abroad/>
    <hotels-helping-second-lockdown-gifts-offers/>
    <christmas-holiday-2020-best-hotels/>
    <business-stays-hotels-open-during-second-lockdown/>
    <book-it-four-hotels-britain-fit-for-queen/>
    <best-bucket-list-hotels-for-2021/>
    <best-black-friday-hotel-deals/>
    <book-it-christmas-shopping-hotels/>
    <best-hotels-winter-sun-quarantine-free/>
    <new-hotels-2021/>
    <spa-holidays-2021-wellness-hotels/>
    <book-it-best-waterside-hotels-uk/>
    <hotels-explainer/>
    <wellness-in-the-wild-five-incredible-nature-based-breaks-for-2021/>
    <habitas-hotel-tulum-namibia/>
    <honeymoon-destinations-and-hotels-for-2021-and-beyond/>
    <oscar-wilde-favourite-hotels-london-paris/>
    <four-best-countryside-hotels-england/>
    <book-it-best-hotels-england-minibreak/>
    <book-it-four-romantic-hotels-england-ireland/>
    <book-it-four-hotel-adventures-travel-restrictions-lifted/>
    <book-it-four-self-catering-stays-summer-england/>
    <book-it-dog-friendly-hotels-england/>
</jcr:root>
