<?xml version="1.0" encoding="UTF-8"?>
<jcr:root xmlns:cq="http://www.day.com/jcr/cq/1.0" xmlns:jcr="http://www.jcp.org/jcr/1.0"
    jcr:primaryType="cq:Page">
    <jcr:content/>
    <bangkok/>
    <khao-lak/>
    <natai-beach/>
    <phuket/>
    <hotels/>
    <krabi/>
    <phang-nga/>
    <chiang-mai/>
    <articles/>
    <koh-samui/>
    <galleries/>
    <application/>
    <chiang-rai/>
    <unforgettable-holidays/>
    <koh-phangan/>
    <hua-hin/>
    <_x0032_0-amazing-holidays-rediscover-thailand/>
    <thai-bay-beach-reopening-overtourism-forced-close/>
    <thailand-ultimate-christmas-escape-stay/>
    <board-first-low-cost-flight-britain-bangkok/>
    <dodged-hospital-quarantine-thailand-shut-tourists-worth-anxiety/>
    <land-smiles-thailand-may-have-face-masks-laws-anywhere-planet/>
</jcr:root>
