<?xml version="1.0" encoding="UTF-8"?>
<jcr:root xmlns:cq="http://www.day.com/jcr/cq/1.0" xmlns:jcr="http://www.jcp.org/jcr/1.0"
    jcr:primaryType="cq:Page">
    <jcr:content/>
    <experience-thai-culture/>
    <win-holiday-to-thailand/>
    <where-to-stay-in-style/>
    <off-the-beaten-track-for-adventure/>
    <multi-centre-holidays/>
    <cruising-and-sailing-holidays/>
    <things-to-do-in-bangkok/>
    <application/>
    <best-beaches-in-thailand/>
    <things-to-see-in-thailand/>
</jcr:root>
