<?xml version="1.0" encoding="UTF-8"?>
<jcr:root xmlns:cq="http://www.day.com/jcr/cq/1.0" xmlns:jcr="http://www.jcp.org/jcr/1.0"
    jcr:primaryType="cq:Page">
    <jcr:content/>
    <terms-and-conditions/>
    <win-a-christmas-hamper/>
    <thank-you-for-entering/>
    <application/>
    <boxing-day-leftovers-recipes/>
    <easy-christmas-dinner-tips/>
    <festive-trimmings/>
    <festive-traditions-origins/>
    <christmas-quiz/>
    <weekly-planner/>
    <_x0032_4-festive-treats/>
    <christmas-music-a-must/>
    <festive-drinks-to-enjoy/>
    <london-versus-los-angeles/>
    <festive-films-the-ones-to-watch/>
    <chris-knapman-special-festive-moment/>
    <susy-atkins-things-to-do-on-christmas-day/>
    <secrets-of-a-christmas-party-planner/>
    <greatest-christmas-gift/>
    <ben-ross-alpine-retreat/>
    <making-christmas-celebrations-memorable/>
    <boxing-day-football/>
    <party-snacks-for-intimate-gatherings/>
    <a-fantasy-christmas-feast-by-alex-james/>
    <alex-james-traditional-pub-crawl/>
    <claire-cohen-goes-christmas-ice-skating/>
    <bryony-gordon-dry-december/>
    <michael-deacons-guide-to-surviving-christmas/>
    <magic-of-christmas-and-suspension-of-cynicism/>
    <wines-from-around-the-world/>
    <wine-trends/>
    <gifts-for-wine-lovers/>
    <wine-hacks/>
    <new-years-eve-drinks/>
    <win-a-case-of-mixed-wine/>
    <food-and-red-wine-pairings/>
    <champagne-sparkling-wines-edit/>
    <food-and-white-wine-pairings/>
    <pre-and-post-dinner-drinks/>
    <wine-for-dinner/>
</jcr:root>
