<?xml version="1.0" encoding="UTF-8"?>
<jcr:root xmlns:cq="http://www.day.com/jcr/cq/1.0" xmlns:jcr="http://www.jcp.org/jcr/1.0"
    jcr:primaryType="cq:Page">
    <jcr:content/>
    <application/>
    <alternative-family-activities/>
    <best-castles-to-visit/>
    <outdoor-activities/>
    <best-family-beaches-in-wales/>
    <best-walking-trails/>
    <dog-friendly-attractions/>
    <win-a-family-holiday-at-fforest/>
    <welsh-seafood/>
    <win-a-holiday-in-wales-terms-conditions/>
    <win-a-family-holiday-thank-you/>
    <unique-accommodation/>
    <what-is-coasteering/>
    <castles-in-wales/>
    <how-to-paddleboard/>
    <cultural-attractions-in-conwy/>
    <best-drives-in-wales/>
    <win-a-seven-night-cottage-break-in-snowdonia/>
    <weekend-break-things-to-do/>
</jcr:root>
