<?xml version="1.0" encoding="UTF-8"?>
<jcr:root xmlns:cq="http://www.day.com/jcr/cq/1.0" xmlns:jcr="http://www.jcp.org/jcr/1.0"
    jcr:primaryType="cq:Page">
    <jcr:content/>
    <application/>
    <spring-summer-events/>
    <ten-things-you-didnt-know/>
    <museums-to-experience-the-occupation/>
    <win-a-two-night-break/>
    <artisan-gin/>
    <spectacular-scenery/>
    <literary-and-potato-peel-pie-society-real-life-places/>
    <six-best-campsites/>
    <slower-pace-of-life/>
    <alternative-things-to-do/>
    <island-hopping/>
    <literary-locations/>
    <foodie-destination/>
    <five-best-pubs/>
    <st-peter-port-best-restaurants/>
    <best-wildlife-to-see/>
    <st-peter-port-attractions/>
    <trip-to-sark/>
    <culinary-specialities/>
    <best-afternoon-tea/>
    <guided-walks/>
    <history-of-guernsey/>
    <stargazing-in-sark/>
    <heritage-festival-things-to-do/>
    <outdoor-activities/>
    <places-to-eat/>
    <historical-figures/>
    <channel-island-hopping/>
    <holiday-competition/>
    <best-festivals-2019/>
    <comp-test/>
    <best-outdoor-activities/>
    <walking-routes/>
    <inspiration-for-les-miserables/>
    <best-activities/>
    <insiders-guide/>
    <liberation-day/>
    <victor-hugo-hauteville-house/>
</jcr:root>
