<?xml version="1.0" encoding="UTF-8"?>
<jcr:root xmlns:sling="http://sling.apache.org/jcr/sling/1.0" xmlns:cq="http://www.day.com/jcr/cq/1.0" xmlns:jcr="http://www.jcp.org/jcr/1.0" xmlns:mix="http://www.jcp.org/jcr/mix/1.0" xmlns:nt="http://www.jcp.org/jcr/nt/1.0"
    jcr:primaryType="cq:Page">
    <jcr:content
        cq:designPath="/etc/designs/telegraph/core"
        cq:lastModified="{Date}2021-10-20T18:49:50.089Z"
        cq:lastModifiedBy="banerjeer"
        cq:tags="[structure:culture/culture-editors-choice,topics:organisations/facebook,structure:art,topics:things/social-media,topics:organisations/instagram,topics:organisations/twitter,structure:culture,storytype:comment]"
        cq:template="/apps/telegraph/core/commons/templates/articleTemplate2"
        jcr:isCheckedOut="{Boolean}true"
        jcr:mixinTypes="[mix:versionable]"
        jcr:primaryType="cq:PageContent"
        jcr:title="IGNOGRE IGNORE"
        jcr:uuid="5fcb030f-058b-4a0d-a8e4-5a8fcc2a32ca"
        sling:resourceType="telegraph/core/commons/renderers/articleRenderer2"
        articleType="comment"
        authoringUniqueId="dd16321d-30d1-11ec-aff8-06813a5dfefa"
        commentingOn="{Boolean}true"
        evergreen="{Boolean}false"
        headlineAndUrlAreLinked="{Boolean}true"
        holdStatus="{Boolean}false"
        pageId="Ax557FjGVZ6d"
        premiumContent="{Boolean}true"
        premiumStatusOverride="{Boolean}false">
        <content
            jcr:primaryType="nt:unstructured"
            sling:resourceType="telegraph/core/commons/components/article">
            <social
                jcr:primaryType="nt:unstructured"
                sling:resourceType="telegraph/core/commons/components/socialSharing"
                autoCloneDisabled="false"
                facebookShareEnable="true"
                iconOrdering="[Facebook,Twitter]"
                pluginJson="\{}"
                socialCounters="inherit"
                stickyDisabled="true"
                twitterShareEnable="true"/>
            <headline
                jcr:primaryType="nt:unstructured"
                sling:resourceType="telegraph/core/commons/components/headline"
                headline="IGNOGRE IGNORE"/>
            <standfirst
                jcr:primaryType="nt:unstructured"
                sling:resourceType="telegraph/core/commons/components/standfirst"/>
            <authorPath
                jcr:primaryType="nt:unstructured"
                sling:resourceType="telegraph/core/commons/components/byline"
                author="[/content/telegraph/authors/e/ek-eo/ella-whelan]"
                authors="[{&quot;author&quot;:&quot;/content/telegraph/authors/e/ek-eo/ella-whelan&quot;\,&quot;role&quot;:&quot;&quot;\,&quot;location&quot;:&quot;&quot;\,&quot;overrideRole&quot;:true\,&quot;overrideLocation&quot;:true}]"
                location="[\0]"
                overrideLocation="{Boolean}[true]"
                overrideRole="{Boolean}[true]"
                role="[\0]"/>
            <articleDate
                jcr:primaryType="nt:unstructured"
                sling:resourceType="telegraph/core/commons/components/articleDate"/>
            <paragraph
                jcr:primaryType="nt:unstructured"
                sling:resourceType="telegraph/core/commons/components/paragraph">
                <par
                    jcr:primaryType="nt:unstructured"
                    sling:resourceType="foundation/components/parsys"/>
            </paragraph>
            <tagContent
                jcr:primaryType="nt:unstructured"
                sling:resourceType="telegraph/core/commons/components/paragraph">
                <par
                    jcr:primaryType="nt:unstructured"
                    sling:resourceType="foundation/components/parsys">
                    <facebookLike
                        jcr:primaryType="nt:unstructured"
                        sling:resourceType="telegraph/core/commons/components/facebookLike"/>
                </par>
            </tagContent>
            <tagContentBottom
                jcr:primaryType="nt:unstructured"
                sling:resourceType="telegraph/core/commons/components/paragraph">
                <par
                    jcr:primaryType="nt:unstructured"
                    sling:resourceType="foundation/components/parsys">
                    <listOfTags
                        jcr:primaryType="nt:unstructured"
                        sling:resourceType="telegraph/core/commons/components/listOfTags"
                        heading="Related Topics"
                        showPageTags="true"
                        tagsDisplayed="20"/>
                </par>
            </tagContentBottom>
            <comment
                jcr:primaryType="nt:unstructured"
                sling:resourceType="telegraph/core/commons/components/comment"/>
            <liveStream
                jcr:primaryType="nt:unstructured"
                sling:resourceType="telegraph/core/commons/components/liveStream"/>
        </content>
        <articlehero
            jcr:primaryType="nt:unstructured"
            sling:resourceType="foundation/components/parsys">
            <leadAsset
                jcr:primaryType="nt:unstructured"
                sling:resourceType="telegraph/core/commons/components/leadAsset">
                <image
                    jcr:primaryType="nt:unstructured"
                    sling:resourceType="foundation/components/image"/>
            </leadAsset>
        </articlehero>
    </jcr:content>
</jcr:root>
