<?xml version="1.0" encoding="UTF-8"?>
<jcr:root xmlns:cq="http://www.day.com/jcr/cq/1.0" xmlns:jcr="http://www.jcp.org/jcr/1.0"
    jcr:primaryType="cq:Page">
    <jcr:content/>
    <articles/>
    <stockholm/>
    <malmo/>
    <gothenburg/>
    <hotels/>
    <galleries/>
    <application/>
    <sweden-tours/>
    <swedish-lapland/>
    <search-best-beer-sweden/>
    <white-nights-secret-perfect-summer-holiday-sweden/>
    <please-do-disturb-why-country-no-private-paths-hikers-paradise/>
</jcr:root>
