<?xml version="1.0" encoding="UTF-8"?>
<jcr:root xmlns:sling="http://sling.apache.org/jcr/sling/1.0" xmlns:cq="http://www.day.com/jcr/cq/1.0" xmlns:jcr="http://www.jcp.org/jcr/1.0" xmlns:mix="http://www.jcp.org/jcr/mix/1.0" xmlns:nt="http://www.jcp.org/jcr/nt/1.0"
    jcr:primaryType="cq:Page">
    <articles/>
    <naxos/>
    <mykonos/>
    <paros/>
    <santorini/>
    <hotels/>
    <application/>
    <sifnos/>
    <antiparos/>
    <syros/>
    <ios/>
    <serifos/>
    <jcr:content
        cq:designPath="/etc/designs/telegraph/core"
        cq:lastModified="{Date}2022-03-28T20:31:03.839Z"
        cq:lastModifiedBy="mulvihill"
        cq:lastReplicated="{Date}2022-03-28T20:31:08.491Z"
        cq:lastReplicatedBy="mulvihill"
        cq:lastReplicationAction="Activate"
        cq:tags="[structure:travel/tours,topics:places/europe,structure:travel/holidays,topics:places/greek-islands,structure:travel/hotels,topics:places/cyclades,structure:travel,topics:places/greece]"
        cq:template="/apps/telegraph/core/commons/templates/indexTemplate"
        jcr:isCheckedOut="{Boolean}true"
        jcr:mixinTypes="[mix:referenceable,mix:versionable]"
        jcr:primaryType="cq:PageContent"
        jcr:title="Cyclades"
        jcr:uuid="f22cf6ae-02a5-4945-9cf6-7fbe3f4e083d"
        sling:resourceType="telegraph/core/commons/renderers/indexRenderer"
        conceptIds="[lDv1QXQWDKk]"
        concepts="\{&quot;label&quot;:&quot;Cyclades (Greece) [Place]&quot;,&quot;id&quot;:&quot;lDv1QXQWDKk&quot;}"
        isADestination="{Boolean}true"
        migratedFromHubTemplate="{Boolean}true"
        pageHeading="Expert guide to the Cyclades"
        pageId="AlM39JDPMDhh"
        publicationDateOverride="{Date}2017-06-28T12:25:00.000+01:00"
        publicUrl="https://www.telegraph.co.uk/travel/destinations/europe/greece/cyclades/"
        tmgLastActivationDate="{Date}2022-03-28T21:31:08.500+01:00"
        transformedDate="{Date}2022-02-04T15:05:05.775Z"
        transformedSource="Hub">
        <par
            jcr:primaryType="nt:unstructured"
            sling:resourceType="foundation/components/parsys">
            <articlelist_1
                jcr:primaryType="nt:unstructured"
                sling:resourceType="telegraph/core/commons/components/articleList"
                excludeOperator="OR"
                excludeTags="[structure:travel/news,storytype:guide,structure:blacklist]"
                hideByline="none"
                hideStandfirst="{Boolean}false"
                includeOperator="AND"
                includeTags="[topics:places/cyclades,structure:travel]"
                layout="one-col"
                layoutCenterAligned="true"
                limit="{Long}1"
                offset="{Long}1"
                orderByDirection="desc"
                pageType="article"/>
            <articlelist_2
                jcr:primaryType="nt:unstructured"
                sling:resourceType="telegraph/core/commons/components/articleList"
                excludeOperator="OR"
                excludeTags="[structure:travel/news,storytype:guide,structure:blacklist]"
                hideByline="none"
                hideStandfirst="{Boolean}false"
                includeOperator="AND"
                includeTags="[topics:places/cyclades,structure:travel]"
                layout="four-col"
                layoutCenterAligned="false"
                limit="{Long}4"
                offset="{Long}2"
                orderByDirection="desc"
                pageType="article"/>
            <articlelist_3
                jcr:primaryType="nt:unstructured"
                sling:resourceType="telegraph/core/commons/components/articleList"
                excludeOperator="OR"
                excludeTags="[structure:travel/news,storytype:guide,structure:blacklist]"
                hideByline="none"
                hideStandfirst="{Boolean}false"
                includeOperator="AND"
                includeTags="[topics:places/cyclades,structure:travel]"
                layout="mpu"
                layoutCenterAligned="false"
                limit="{Long}4"
                offset="{Long}6"
                orderByDirection="desc"
                pageType="article"/>
            <articlelist_4
                jcr:primaryType="nt:unstructured"
                sling:resourceType="telegraph/core/commons/components/articleList"
                excludeOperator="OR"
                excludeTags="[structure:travel/news,storytype:guide,structure:blacklist]"
                hideByline="none"
                hideStandfirst="{Boolean}true"
                includeOperator="AND"
                includeTags="[topics:places/cyclades,structure:travel]"
                layout="four-col"
                layoutCenterAligned="false"
                limit="{Long}8"
                offset="{Long}10"
                orderByDirection="desc"
                pageType="article"/>
            <articlelist_5
                jcr:primaryType="nt:unstructured"
                sling:resourceType="telegraph/core/commons/components/articleList"
                excludeOperator="OR"
                excludeTags="[structure:travel/news,storytype:guide,structure:blacklist]"
                hideByline="none"
                hideStandfirst="{Boolean}true"
                includeOperator="AND"
                includeTags="[topics:places/cyclades,structure:travel]"
                layout="two-col"
                layoutCenterAligned="false"
                limit="{Long}2"
                offset="{Long}18"
                orderByDirection="desc"
                pageType="article"/>
            <commercialunit
                jcr:primaryType="nt:unstructured"
                sling:resourceType="telegraph/core/commons/components/commercialUnit"/>
            <articlelist_6
                jcr:primaryType="nt:unstructured"
                sling:resourceType="telegraph/core/commons/components/articleList"
                excludeOperator="OR"
                excludeTags="[structure:travel/news,storytype:guide,structure:blacklist]"
                hideByline="none"
                hideStandfirst="{Boolean}true"
                includeOperator="AND"
                includeTags="[topics:places/cyclades,structure:travel]"
                layout="four-col"
                layoutCenterAligned="false"
                limit="{Long}8"
                offset="{Long}20"
                orderByDirection="desc"
                pageType="article"/>
            <articlelist_7
                jcr:primaryType="nt:unstructured"
                sling:resourceType="telegraph/core/commons/components/articleList"
                excludeOperator="OR"
                excludeTags="[structure:travel/news,storytype:guide,structure:blacklist]"
                hideByline="none"
                hideStandfirst="{Boolean}true"
                includeOperator="AND"
                includeTags="[topics:places/cyclades,structure:travel]"
                layout="two-col"
                layoutCenterAligned="false"
                limit="{Long}2"
                offset="{Long}28"
                orderByDirection="desc"
                pageType="article"/>
            <articlelist_8
                jcr:primaryType="nt:unstructured"
                sling:resourceType="telegraph/core/commons/components/articleList"
                excludeOperator="OR"
                excludeTags="[structure:travel/news,storytype:guide,structure:blacklist]"
                hideByline="none"
                hideStandfirst="{Boolean}false"
                includeOperator="AND"
                includeTags="[topics:places/cyclades,structure:travel]"
                layout="mpu"
                layoutCenterAligned="false"
                limit="{Long}4"
                offset="{Long}30"
                orderByDirection="desc"
                pageType="article"/>
            <productteaserpack
                jcr:created="{Date}2022-03-28T20:30:36.881Z"
                jcr:createdBy="mulvihill"
                jcr:lastModified="{Date}2022-03-28T20:31:03.828Z"
                jcr:lastModifiedBy="mulvihill"
                jcr:primaryType="nt:unstructured"
                sling:resourceType="telegraph/core/travel/components/productTeaserPack"
                columns="4"
                link="/content/telegraph/travel/destinations/europe/greece/cyclades/hotels"
                linkLabel="View all hotels"
                linkTitle="Discover the best hotels in the Cyclades"
                place="\{&quot;label&quot;:&quot;Cyclades [Region: Cyclades, Country: Greece, Continent: Europe]&quot;,&quot;id&quot;:&quot;lDv1QXQWDKk&quot;}"
                placeIds="lDv1QXQWDKk"
                rows="1"
                type="travel-entity:hotel"/>
            <articlelistpaginatio
                jcr:primaryType="nt:unstructured"
                sling:resourceType="telegraph/core/commons/components/articleListPagination"
                excludeOperator="OR"
                excludeTags="[structure:travel/news,storytype:guide,structure:blacklist]"
                hideByline="none"
                hideStandfirst="{Boolean}false"
                includeOperator="AND"
                includeTags="[topics:places/cyclades,structure:travel]"
                layout=""
                layoutCenterAligned="false"
                limit="{Long}4"
                offset="{Long}30"
                orderByDirection="desc"
                pageType="article"/>
        </par>
    </jcr:content>
    <tinos/>
    <andros/>
    <milos/>
</jcr:root>
