<?xml version="1.0" encoding="UTF-8"?>
<jcr:root xmlns:sling="http://sling.apache.org/jcr/sling/1.0" xmlns:cq="http://www.day.com/jcr/cq/1.0" xmlns:jcr="http://www.jcp.org/jcr/1.0" xmlns:nt="http://www.jcp.org/jcr/nt/1.0"
    jcr:primaryType="cq:Page">
    <jcr:content
        cq:designPath="/etc/designs/telegraph/core"
        cq:lastModified="{Date}2018-02-09T12:31:45.582Z"
        cq:lastModifiedBy="jamesl"
        cq:lastReplicated="{Date}2019-04-02T13:12:19.867Z"
        cq:lastReplicatedBy="manhirek"
        cq:lastReplicationAction="Deactivate"
        cq:template="/apps/telegraph/core/commons/templates/articleTemplate"
        jcr:primaryType="cq:PageContent"
        jcr:title="avoid-outliving-pension-savings"
        sling:resourceType="telegraph/core/commons/renderers/articleRenderer"
        articleType="general"
        commentingOn="{Boolean}false"
        pageId="AqLf91fl1Pld"
        transformedDate="{Date}2022-03-07T11:25:58.358Z"
        transformedState="A2-TO-A3">
        <content
            jcr:primaryType="nt:unstructured"
            sling:resourceType="telegraph/core/commons/components/article">
            <social
                jcr:primaryType="nt:unstructured"
                sling:resourceType="telegraph/core/commons/components/socialSharing/v1/socialSharing"
                autoCloneDisabled="false"
                facebookShareEnable="true"
                iconOrdering="[Facebook,Twitter]"
                pluginJson="\{}"
                socialCounters="inherit"
                stickyDisabled="true"
                twitterShareEnable="true"/>
            <headline
                jcr:primaryType="nt:unstructured"
                sling:resourceType="telegraph/core/commons/components/headline/v1/headline"/>
            <standfirst
                jcr:primaryType="nt:unstructured"
                sling:resourceType="telegraph/core/commons/components/standfirst/v1/standfirst"/>
            <authorPath
                jcr:primaryType="nt:unstructured"
                sling:resourceType="telegraph/core/commons/components/byline/v1/byline"/>
            <articleDate
                jcr:primaryType="nt:unstructured"
                sling:resourceType="telegraph/core/commons/components/articleDate/v1/articleDate"/>
            <paragraph
                jcr:primaryType="nt:unstructured"
                sling:resourceType="telegraph/core/commons/components/paragraph">
                <par
                    jcr:primaryType="nt:unstructured"
                    sling:resourceType="foundation/components/parsys">
                    <inlineContent
                        jcr:primaryType="nt:unstructured"
                        sling:resourceType="telegraph/core/commons/components/inlineContent/v1/inlineContent"
                        dropCap="true"/>
                </par>
            </paragraph>
            <tagContent
                jcr:primaryType="nt:unstructured"
                sling:resourceType="telegraph/core/commons/components/paragraph">
                <par
                    jcr:primaryType="nt:unstructured"
                    sling:resourceType="foundation/components/parsys"/>
            </tagContent>
            <tagContentBottom
                jcr:primaryType="nt:unstructured"
                sling:resourceType="telegraph/core/commons/components/paragraph">
                <par
                    jcr:primaryType="nt:unstructured"
                    sling:resourceType="foundation/components/parsys">
                    <listOfTags
                        jcr:primaryType="nt:unstructured"
                        sling:resourceType="telegraph/core/commons/components/listOfTags/v1/listOfTags"
                        heading="Related Topics"
                        limit="20"
                        showPageTags="true"/>
                </par>
            </tagContentBottom>
            <comment
                jcr:primaryType="nt:unstructured"
                sling:resourceType="telegraph/core/commons/components/comment/v1/comment"/>
        </content>
        <articlehero
            jcr:primaryType="nt:unstructured"
            sling:resourceType="foundation/components/parsys">
            <leadAsset
                jcr:primaryType="nt:unstructured"
                sling:resourceType="telegraph/core/commons/components/leadAsset/v1/leadAsset"
                disableLazyLoad="{Boolean}false"
                layout="small">
                <image
                    jcr:primaryType="nt:unstructured"
                    sling:resourceType="foundation/components/image"/>
            </leadAsset>
        </articlehero>
    </jcr:content>
</jcr:root>
