<?xml version="1.0" encoding="UTF-8"?>
<jcr:root xmlns:cq="http://www.day.com/jcr/cq/1.0" xmlns:jcr="http://www.jcp.org/jcr/1.0"
    jcr:primaryType="cq:Page">
    <jcr:content/>
    <soneva-kiri-hotel/>
    <chiva-som-international-health-resort-hotel/>
    <elephant-hills-hotel/>
    <aava-resort-spa-hotel/>
    <raya-heritage-hotel/>
    <pimalai-resort-and-spa-hotel/>
    <sala-ayutthaya-hotel/>
    <koh-jum-beach-villas-hotel/>
    <baan-pomphet-hotel/>
    <sala-bang-pa-in-hotel/>
</jcr:root>
