<?xml version="1.0" encoding="UTF-8"?>
<jcr:root xmlns:cq="http://www.day.com/jcr/cq/1.0" xmlns:jcr="http://www.jcp.org/jcr/1.0" xmlns:rep="internal"
    jcr:mixinTypes="[rep:AccessControllable]"
    jcr:primaryType="cq:Page">
    <jcr:content/>
    <application/>
    <using-data-to-book-holidays/>
    <technology-for-customer-experiences/>
    <perfect-personalised-holidays/>
    <business-critical-services/>
    <apps-for-rental-arrangements/>
    <software-for-handling-and-managing-cash/>
    <cross-border-ecommerce/>
    <managing-money-for-online-smes/>
    <business-software-providers/>
    <open-innovation-platform/>
    <protecting-advertisers-from-digital-piracy/>
    <hmo-property-investors-returns/>
    <data-key-supply-chain-success/>
    <bill-management-app-wonderbill/>
</jcr:root>
