<?xml version="1.0" encoding="UTF-8"?>
<jcr:root xmlns:cq="http://www.day.com/jcr/cq/1.0" xmlns:jcr="http://www.jcp.org/jcr/1.0"
    jcr:primaryType="cq:Page">
    <jcr:content/>
    <harwich/>
    <hotels/>
    <stansted/>
    <articles/>
    <application/>
    <colchester/>
    <dedham-vale/>
    <hidden-secrets-englands-underrated-county/>
    <december-circuit-breaker-holiday-can-help-face-festive-frenzy/>
    <science-proves-digital-detox-utter-twaddle/>
    <osea-essex-private-island-blackwater-estuary-a-list-bolthole/>
</jcr:root>
