<?xml version="1.0" encoding="UTF-8"?>
<jcr:root xmlns:cq="http://www.day.com/jcr/cq/1.0" xmlns:jcr="http://www.jcp.org/jcr/1.0"
    jcr:primaryType="cq:Page">
    <jcr:content/>
    <top-seven-offers-york-day-1-august-18-2021/>
    <york-tips-itv-racing-18-august-2021/>
    <placepottips-day1-august-18/>
    <yorkshire-oaks-stakes-2021-tips-odds-betting-offer/>
    <placepottips-day-2-august-19/>
    <top-seven-offers-york-day-2-august-19-2021/>
    <york-tips-racing-19-august-2021/>
    <top-seven-offers-york-day-3-august-20-2021/>
    <york-tips-racing-20-august-2021/>
    <placepottips-day-3-august-20/>
    <william-hill-ebor-festival-day-3-bet-10-get-60-offer/>
    <top-seven-offers-york-day-4-august-21-2021/>
    <betfair-ebor-festival-day-4-bet-10-get-40-offer/>
    <paddy-power-ebor-festival-day-4-bet-10-get-40-offer/>
    <ebor-handicap-2021-tips-odds-betting-offer/>
    <york-tips-racing-21-august-2021/>
    <placepottips-day-4-august-21/>
</jcr:root>
