<?xml version="1.0" encoding="UTF-8"?>
<jcr:root xmlns:sling="http://sling.apache.org/jcr/sling/1.0" xmlns:cq="http://www.day.com/jcr/cq/1.0" xmlns:jcr="http://www.jcp.org/jcr/1.0" xmlns:mix="http://www.jcp.org/jcr/mix/1.0" xmlns:nt="http://www.jcp.org/jcr/nt/1.0"
    jcr:primaryType="cq:Page">
    <jcr:content
        cq:designPath="/etc/designs/telegraph/core"
        cq:lastModified="{Date}2016-02-24T10:33:19.543Z"
        cq:lastModifiedBy="danielr"
        cq:lastReplicated="{Date}2020-03-03T20:58:28.652Z"
        cq:lastReplicatedBy="telegraph"
        cq:lastReplicationAction="Activate"
        cq:template="/apps/telegraph/core/commons/templates/articleTemplate2"
        jcr:mixinTypes="[mix:referenceable]"
        jcr:primaryType="cq:PageContent"
        jcr:title="Guide to Money Transfer"
        jcr:uuid="fa5ea2a7-1408-4988-a176-6ff4eedfd0f2"
        sling:resourceType="telegraph/core/commons/renderers/articleRenderer2"
        articleStickyAdsEnabled="false"
        commentingOn="{Boolean}false"
        pageId="Am8z1y5nm9Vb"
        premiumContent="{Boolean}true"
        premiumContentOnFirstPublish="{Boolean}false"
        premiumStatusOverride="{Boolean}true"
        publicationDateOverride="{Date}2016-08-16T17:20:18.067+01:00"
        publicUrl="https://www.telegraph.co.uk/financial-services/currency-exchange/international-money-transfers/guide-to-money-transfer/"
        tmgLastActivationDate="{Date}2020-03-03T20:58:28.661Z">
        <content
            jcr:primaryType="nt:unstructured"
            sling:resourceType="telegraph/core/commons/components/article">
            <social
                jcr:primaryType="nt:unstructured"
                sling:resourceType="telegraph/core/commons/components/socialSharing"
                autoCloneDisabled="false"
                facebookShareEnable="true"
                iconOrdering="[Facebook,Twitter]"
                pluginJson="\{}"
                socialCounters="false"
                stickyDisabled="true"
                twitterShareEnable="true"/>
            <headline
                jcr:primaryType="nt:unstructured"
                sling:resourceType="telegraph/core/commons/components/headline"/>
            <standfirst
                jcr:primaryType="nt:unstructured"
                sling:resourceType="telegraph/core/commons/components/standfirst"/>
            <authorPath
                jcr:primaryType="nt:unstructured"
                sling:resourceType="telegraph/core/commons/components/byline"/>
            <articleDate
                jcr:primaryType="nt:unstructured"
                sling:resourceType="telegraph/core/commons/components/articleDate"/>
            <paragraph
                jcr:primaryType="nt:unstructured"
                sling:resourceType="telegraph/core/commons/components/paragraph">
                <par
                    jcr:primaryType="nt:unstructured"
                    sling:resourceType="foundation/components/parsys">
                    <articlebodytext0
                        jcr:primaryType="nt:unstructured"
                        sling:resourceType="telegraph/core/commons/components/articleBodyText"
                        articleBodyText=""/>
                    <inlineContent
                        cq:cssClass="version-1"
                        jcr:primaryType="nt:unstructured"
                        sling:resourceType="telegraph/core/commons/components/inlineContent"/>
                </par>
            </paragraph>
            <tagContent
                jcr:primaryType="nt:unstructured"
                sling:resourceType="telegraph/core/commons/components/paragraph">
                <par
                    jcr:primaryType="nt:unstructured"
                    sling:resourceType="foundation/components/parsys">
                    <facebookLike
                        jcr:primaryType="nt:unstructured"
                        sling:resourceType="telegraph/core/commons/components/facebookLike"/>
                    <listOfTags
                        jcr:primaryType="nt:unstructured"
                        sling:resourceType="telegraph/core/commons/components/listOfTags"
                        heading="READ MORE ABOUT:"
                        showPageTags="true"
                        tagsDisplayed="20"/>
                </par>
            </tagContent>
            <liveStream
                jcr:primaryType="nt:unstructured"
                sling:resourceType="telegraph/core/commons/components/liveStream"/>
        </content>
        <articlehero
            jcr:primaryType="nt:unstructured"
            sling:resourceType="foundation/components/parsys">
            <leadAsset
                jcr:primaryType="nt:unstructured"
                sling:resourceType="telegraph/core/commons/components/leadAsset">
                <image
                    jcr:primaryType="nt:unstructured"
                    sling:resourceType="foundation/components/image"/>
            </leadAsset>
        </articlehero>
    </jcr:content>
</jcr:root>
