<?xml version="1.0" encoding="UTF-8"?>
<jcr:root xmlns:cq="http://www.day.com/jcr/cq/1.0" xmlns:jcr="http://www.jcp.org/jcr/1.0"
    jcr:primaryType="cq:Page">
    <jcr:content/>
    <palace-merano-espace-henri-chenot/>
    <rosa-alpina-hotel/>
    <the-san-luis-hotel/>
    <das-wanda-hotel/>
    <hotel-preidlhof/>
    <niedermairhof-hotel/>
    <golden-rose-hotel/>
    <mitterstiller-hotel/>
    <miramonti-boutique-hotel/>
    <hotel-quelle-nature-spa-resort/>
    <la-vimea-hotel/>
    <hotel-imperial-art-hotel/>
    <buehelwirt-hotel/>
    <feuerstein-resort-hotel/>
    <adler-lodge-ritten-hotel/>
    <meisters-hotel-irma/>
    <purmontes-private-luxury-chalet-hotel/>
    <hotel-petrus/>
    <villa-arnica-hotel/>
</jcr:root>
