<?xml version="1.0" encoding="UTF-8"?>
<jcr:root xmlns:cq="http://www.day.com/jcr/cq/1.0" xmlns:jcr="http://www.jcp.org/jcr/1.0"
    jcr:primaryType="cq:Page">
    <jcr:content/>
    <application/>
    <take-the-quiz/>
    <things-to-do/>
    <something-for-everyone/>
    <why-visit/>
    <everything-you-need-to-know/>
    <top-activities/>
    <events-calendar-2017/>
    <live-like-a-local/>
    <luxury-experiences/>
    <where-to-stay/>
    <why-visit-barbados-in-2018/>
    <best-places-to-eat/>
    <best-paradise-properties/>
    <celebrities-with-roots-on-the-island/>
    <best-caribbean-island-for-luxury/>
    <flights-with-british-airways/>
    <sugar-and-rum-season-2018/>
    <history-of-the-island/>
    <best-cultural-events-2018/>
    <family-holiday-activities/>
</jcr:root>
