<?xml version="1.0" encoding="UTF-8"?>
<jcr:root xmlns:cq="http://www.day.com/jcr/cq/1.0" xmlns:jcr="http://www.jcp.org/jcr/1.0"
    jcr:primaryType="cq:Page">
    <jcr:content/>
    <couples-swept-away-hotel/>
    <catcha-falling-star-hotel/>
    <rockhouse-hotel/>
    <the-caves-hotel/>
    <the-cliff-hotel/>
    <sunset-at-the-palms-hotel/>
    <azul-beach-resort-negril-hotel/>
    <beaches-negril-resort-and-spa-hotel/>
    <the-royalton-negril-hotel/>
    <sandals-negril-hotel/>
    <skylark-negril-beach-resort-hotel/>
    <idle-awhile-the-beach-hotel/>
</jcr:root>
