<?xml version="1.0" encoding="UTF-8"?>
<jcr:root xmlns:cq="http://www.day.com/jcr/cq/1.0" xmlns:jcr="http://www.jcp.org/jcr/1.0"
    jcr:primaryType="cq:Page">
    <jcr:content/>
    <_x0033_6-hours-in-budapest/>
    <Budapest-cheapest-for-city-breaks-as-holiday-costs-fall/>
    <Budapest-the-Hay-Festival-heads-east-to-Hungary/>
    <Robert-Bathursts-Budapest/>
    <The-Grand-Budapest-Hotel-secrets-of-the-citys-concierges/>
    <Bizarre-hotel-concierge-requests-Four-Seasons-Hotel-Gresham-Palace-Budapest/>
    <The-Grand-Budapest-Hotel-reviewed-on-TripAdvisor/>
    <Budapest-the-cheapest-city-for-alcoholic-drinks/>
    <Just-Back-check-mate-in-Budapest/>
    <Migrant-crisis-advice-for-city-breaks-in-Budapest/>
    <Budapest-a-girls-guide-to-the-best-shops-hotels-and-restaurants/>
    <The-best-river-cruises-to-Budapest/>
    <just-back-travel-writing-competition-budapest-moving-memorials/>
    <best-cheap-hotels-in-budapest/>
    <best-boutique-hotels-in-budapest/>
    <a-crafty-take-on-budapest-and-the-danube/>
    <where-to-stay-in-budapest-hotels-by-district/>
    <best-romantic-hotels-in-budapest/>
    <aria-budapest-best-hotel-in-the-world/>
    <best-hotels-in-budapest-city-centre/>
    <the-best-hotels-near-budapest-airport/>
    <best-budapest-luxury-hotels/>
    <the-best-five-star-hotels-in-budapest/>
    <the-best-design-hotels-in-budapest/>
    <best-budapest-hostels/>
    <best-budapest-honeymoon-hotels/>
    <best-buda-hotels/>
    <best-hotels-in-pest/>
    <best-spa-hotels-budapest/>
    <best-budapest-hotels-with-pools/>
    <budapest-restaurants/>
    <things-to-do-in-budapest/>
    <budapest-travel-guide/>
    <budapest-hot-baths-autism/>
    <budapest-winter-break-what-to-do/>
    <the-best-nightlife-in-budapest/>
    <family-history-magyar/>
    <most-spectacular-eating-drinking-visiting-budapest/>
    <holiday-money-diaries--what-i-spent-on-a-weekend-in-budapest/>
    <postcard-budapest-reopens-lockdown/>
    <how-to-have-best-weekend-in-budapest/>
</jcr:root>
