<?xml version="1.0" encoding="UTF-8"?>
<jcr:root xmlns:cq="http://www.day.com/jcr/cq/1.0" xmlns:jcr="http://www.jcp.org/jcr/1.0" xmlns:rep="internal"
    jcr:mixinTypes="[rep:AccessControllable]"
    jcr:primaryType="cq:Page">
    <jcr:content/>
    <application/>
    <road-trip-ideas/>
    <palm-springs-attractions/>
    <huntington-beach-activities/>
    <north-lake-tahoe-ski-resorts/>
    <south-lake-tahoe-attractions/>
    <car-hire/>
    <yosemite-national-park/>
    <los-angeles-multi-centre-holidays/>
</jcr:root>
