<?xml version="1.0" encoding="UTF-8"?>
<jcr:root xmlns:cq="http://www.day.com/jcr/cq/1.0" xmlns:jcr="http://www.jcp.org/jcr/1.0"
    jcr:primaryType="cq:Page">
    <jcr:content/>
    <the-puli-hotel/>
    <the-peninsula-shanghai-hotel/>
    <mandarin-oriental-pudong-hotel/>
    <jing-an-shangri-la-hotel/>
    <the-langham-shanghai-xintiandi-hotel/>
    <four-seasons-shanghai-hotel-at-puxi/>
    <wanda-reign-on-the-bund-hotel/>
    <astor-house-hotel/>
    <okura-garden-hotel/>
    <four-seasons-hotel-shanghai-at-pudong/>
    <capella-shanghai-jian-ye-li-hotel/>
    <fairmont-peace-hotel/>
    <the-st-regis-shanghai-jingan-hotel/>
    <w-shanghai-the-bund-hotel/>
    <melia-shanghai-hongqiao-hotel/>
    <hyatt-on-the-bund-hotel/>
    <the-ritz-carlton-shanghai-hotel-pudong/>
    <amanyangyun-hotel/>
    <the-one-executive-suites-hotel/>
    <the-middle-house-hotel/>
    <bulgari-hotel-shanghai/>
    <the-shanghai-edition-hotel/>
</jcr:root>
