<?xml version="1.0" encoding="UTF-8"?>
<jcr:root xmlns:cq="http://www.day.com/jcr/cq/1.0" xmlns:jcr="http://www.jcp.org/jcr/1.0" xmlns:rep="internal"
    jcr:mixinTypes="[rep:AccessControllable]"
    jcr:primaryType="cq:Page">
    <jcr:content/>
    <application/>
    <hair/>
    <skin/>
    <nails/>
    <make-up/>
    <body/>
    <people/>
    <events/>
    <news/>
    <tips-tutorials/>
    <face/>
    <hair-nails/>
    <video/>
    <beautiful-skin/>
    <summer-scents/>
    <from-the-sea/>
    <foundation-tips/>
    <skincare-from-nature/>
    <trusted-skincare/>
    <skincare-tips/>
    <intelligent-skincare/>
    <smart-beauty-board/>
    <overnight-skincare/>
    <ageless-generation/>
    <spark/>
    <menopause-skincare/>
    <rep:policy/>
</jcr:root>
