<?xml version="1.0" encoding="UTF-8"?>
<jcr:root xmlns:cq="http://www.day.com/jcr/cq/1.0" xmlns:jcr="http://www.jcp.org/jcr/1.0" xmlns:rep="internal"
    jcr:mixinTypes="[rep:AccessControllable]"
    jcr:primaryType="cq:Page">
    <jcr:content/>
    <application/>
    <hotels/>
    <africa/>
    <antarctica/>
    <asia/>
    <caribbean/>
    <central-america/>
    <europe/>
    <middle-east/>
    <north-america/>
    <oceania/>
    <south-america/>
    <indian-ocean/>
    <best-fashion-shops-in-worlds-most-fashionable-cities/>
    <worldwide-tours/>
    <worldwide-cruises/>
    <worldwide-holidays/>
    <landing-pages/>
    <worldwide-river-cruises/>
    <worldwide-ocean-cruises/>
    <winter-breaks/>
    <three-winter-sun-destinations-just-came-back-menu/>
    <countries-ditching-budget-travellers-favour-super-rich/>
    <surprising-places-still-have-draconian-restrictions-place/>
    <learnt-rollerblading-length-country-day/>
    <_x0031_6-winter-sun-holidays-red-sea/>
    <europes-forgotten-city-has-suddenly-fallen-spotlight/>
    <planning-holiday-satisfying-real-thing/>
    <ditched-mum-george-clooney-wouldnt-do/>
    <plan-b-can-just-good-plan-comes-travel/>
    <midlife-adventure-safari-scotland-europe-active-holidays-2022/>
    <ambitious-travel-projects-never-happened/>
    <red-jacket-travel-attire-choice/>
    <testing-confusion-seeing-airlines-wrongly-turn-away-travellers/>
    <age-travel-bans-explorers-supposed-do-cant-explore/>
    <five-city-breaks-take-advantage-pre-departure-testing-loophole/>
    <chrexit-plans-have-scuppered-covid/>
    <four-fabulous-party-hotels-put-sparkle-2022/>
    <learnt-truth-wizz-air-flight-attendant-talent-show-style-recruitment/>
    <masks-planes-forever-ludicrous-travesty-would/>
    <worst-holiday-life-featuring-seasickness-hallucinations-determined/>
    <favourite-holiday-destinations-have-changed-2021/>
    <find-new-favourite-destination-10-holiday-swaps/>
    <favourite-holiday-destinations-have-changed-2021-part-2/>
    <favourite-holiday-destinations-changed-2021/>
    <favourite-holiday-destinations-have-changed-2021-part-3/>
    <choose-right-spa/>
    <brixton-berlin-visit-places-shaped-david-bowies-life/>
    <could-exciting-day-british-travellers-ever/>
    <australia-day-2022-interesting-facts-controversy-landmarks-activities/>
</jcr:root>
