<?xml version="1.0" encoding="UTF-8"?>
<jcr:root xmlns:cq="http://www.day.com/jcr/cq/1.0" xmlns:jcr="http://www.jcp.org/jcr/1.0" xmlns:rep="internal"
    jcr:mixinTypes="[rep:AccessControllable]"
    jcr:primaryType="cq:Page">
    <jcr:content/>
    <_x0032_016/>
    <application/>
    <thank-you-for-entering/>
    <_x0032_016-terms-and-conditions/>
    <win-six-month-subscription-to-telegraph-premium/>
    <thank-you-for-entering-the-competition/>
    <win-a-raleigh-electric-bike/>
    <terms-conditions/>
    <win-a-canyon-road-bike/>
    <win-one-five-gift-cards-white-company/>
    <win-a-200-gift-card-the-works/>
    <win-200-gift-voucher-american-golf/>
    <win-a-bespoke-makeover-with-bobbi-brown/>
    <win-year-supply-flowers-mothers-day/>
    <_x0031_0-bouquets-giveaway/>
    <win-200-gift-card-the-white-company/>
    <wininterfloraflowerseaster/>
    <win-200-spend-cecily-sale/>
    <win-two-tickets-cheltenham-jazz-festival/>
    <win-tickets-cheltenham-jazz-festival/>
    <win-vw-egolf-terms-conditions/>
    <win-ultimate-bbq-package-burts-chips/>
    <win-ultimate-beer-break-bath/>
    <WIN-Queens-Beast-UK-Five-Ounce-Silver-Proof-Coin/>
    <win-a-goodwood-fly-and-dine-experience/>
    <win-years-subscription-chewymoon/>
    <Win-cooking-lesson-with-Jack-Stein/>
    <win-ten-night-stay-with-noble-caledonia/>
    <win-your-dream-sofa/>
    <win-tickets-mickeys-90th/>
    <win-vip-event-experience-with-jumeirah/>
    <win-a-pair-of-tickets-and-case-of-dark-horse-wine/>
    <_x002d_win-an-exclusive-a-masterclass-session-with-sebby-holmes-at-his/>
    <win-an-exclusive-masterclass-session-with-sebby-holmes/>
    <Win-six-course-tasting-menu-OXO-Tower-Restaurant/>
    <win-luxury-male-perfume/>
    <win-pandora-gift-set/>
    <win-cocktail-experience/>
    <win-fishermans-friends-break-cornwall/>
    <win-tickets-to-cheltenham-jazz-festival/>
    <win-family-ticket-to-black-deer-festival/>
    <win-evening-food-beer-with-melissa-cole/>
    <Win-queen-victoria-2019-silver-proof-coin/>
    <partners-survey-terms-and-conditions/>
    <win-essential-mattress-casper/>
    <win-an-ipad/>
    <win-500-spend-oliver-bonas-christmas/>
    <gchq-centenary-competition-terms-conditions/>
    <win-dream-sofa-armchair-950/>
    <Win-Copas-Turkey-Tribute-Pale-Ale/>
    <win-500-spend-Oliver-Bonas-Mothers-Day/>
    <win-1000-worth-missoma-jewellery/>
    <win-armani-code-fragrances/>
    <pooch-mutt-competition/>
    <win-two-pairs-shoes-fitflop/>
    <emma-mattress-competition/>
    <win-one-pair-fitflop-walkstar/>
    <win-two-year-subscription-surfshark/>
    <win-emma-sleep-mattress-bundle/>
    <rep:policy/>
</jcr:root>
