<?xml version="1.0" encoding="UTF-8"?>
<jcr:root xmlns:cq="http://www.day.com/jcr/cq/1.0" xmlns:jcr="http://www.jcp.org/jcr/1.0"
    jcr:primaryType="cq:Page">
    <jcr:content/>
    <application/>
    <ascot-gold-cup-odds-betting-predictions/>
    <betting-offers-free-bets/>
    <betting-offers-free-bets-bet365/>
    <betting-offers-free-bets-betfred/>
    <japan-prince-of-waless-stakes-odds/>
    <prince-of-waless-stakes-odds-betting-predictions/>
    <betting-offers-free-bets-betfair/>
    <commonwealth-cup-odds-betting-predictions/>
    <betting-offers-free-bets-paddy-power/>
    <diamond-jubilee-stakes-odds-betting-predictions/>
    <betting-news-newmarket-newcastle-eyecatchers/>
    <betting-offers-free-bets-william-hill/>
    <betting-offers-free-bets-888sport/>
    <sceptical-kings-stand-odds-diamond-jubilee-stakes-odds/>
    <st-jamess-palace-stakes-odds-pinatubo-wichita/>
    <royal-ascot-betting-offers-free-bets-day-one/>
    <royal-ascot-placepot-tuesday-day-1-tips-analysis/>
    <royal-ascot-placepot-tips-wednesday-day-2/>
    <tote-superpools-what-is-it-how-does-it-work/>
    <royal-ascot-betting-offers-free-bets-day-two/>
    <royal-ascot-placepot-thursday-day-3-tips/>
    <royal-ascot-betting-offers-free-bets-day-three/>
    <royal-ascot-placepot-friday-day-4-tips/>
    <royal-ascot-betting-offers-free-bets-day-four/>
    <royal-ascot-placepot-saturday-day-5-tips/>
    <royal-ascot-betting-offers-free-bets-day-five/>
    <queen-anne-stakes-odds-betting-predictions/>
    <skybet-betting-offers-free-bets/>
    <_x0038_88sport-royal-ascot-palace-pier-offer/>
    <_x0038_88sport-battaash-royal-ascot-offer-2021/>
    <day-1-placepot-predictions-picks-june-15/>
    <top-offers-royal-ascot-day-1-june-15-21/>
    <day-2-placepot-predictions-picks-june-16/>
    <boylesports-royal-ascot-offer/>
    <top-offers-royal-ascot-day-2-june-16-21/>
    <_x0038_88sport-love-royal-ascot-offer-2021/>
    <day-3-placepot-predictions-picks-june-17/>
    <paddy-power-royal-ascot-day-3-free-bets-2021/>
    <top-offers-royal-ascot-day-3-june-17-2021/>
    <_x0038_88sport-stradivarius-royal-ascot-offer-2021/>
    <day-four-placepot-predictions-picks-june-18/>
    <top-offers-royal-ascot-day-4-june-18-2021/>
    <william-hill-royal-ascot-free-bets-2021/>
    <_x0038_88sport-mother-earth-royal-ascot-offer-2021/>
    <top-offers-royal-ascot-day-5-june-19-2021/>
    <saturday-placepot-predicitions-picks-june-19/>
    <paddy-power-royal-ascot-saturday-free-bets-offer-2021/>
    <virgin-bet-royal-ascot-free-bets-2021/>
</jcr:root>
