<?xml version="1.0" encoding="UTF-8"?>
<jcr:root xmlns:cq="http://www.day.com/jcr/cq/1.0" xmlns:jcr="http://www.jcp.org/jcr/1.0" xmlns:rep="internal"
    jcr:mixinTypes="[rep:AccessControllable]"
    jcr:primaryType="cq:Page">
    <jcr:content/>
    <sleep/>
    <doctors-diary/>
    <health-advice/>
    <fitness/>
    <mood-and-mind/>
    <graham-nortons-advice/>
    <spa-spy/>
    <summer-healthcare/>
    <active-retirement/>
    <morning-routines/>
    <pelvic-floor-dysfunction/>
    <managing-chronic-pain/>
    <future-health/>
    <sanitary-solutions/>
    <living-with-osteoarthritis/>
    <a2-milk/>
    <sound-sleeping/>
    <alzheimers-research/>
    <healthy-lifestyle-tips/>
    <rep:policy/>
    <spark/>
</jcr:root>
