<?xml version="1.0" encoding="UTF-8"?>
<jcr:root xmlns:cq="http://www.day.com/jcr/cq/1.0" xmlns:jcr="http://www.jcp.org/jcr/1.0"
    jcr:primaryType="cq:Page">
    <jcr:content/>
    <application/>
    <video/>
    <a-world-on-the-move-the-refugee-crisis/>
    <china-watch/>
    <the-face-of-americas-gun-problem/>
    <kurdistan-independence-referendum/>
    <metoo-shockwave/>
    <peoples-daily/>
    <peoples-daily-online/>
    <mars-nasa-perseverance-life-pictures-video/>
    <afghanistan-withdrawal-biden-war-was-it-worth-it/>
</jcr:root>
