<?xml version="1.0" encoding="UTF-8"?>
<jcr:root xmlns:cq="http://www.day.com/jcr/cq/1.0" xmlns:jcr="http://www.jcp.org/jcr/1.0"
    jcr:primaryType="cq:Page">
    <jcr:content/>
    <new-zealand-travelguide/>
    <new-zealand-itineraries/>
    <new-zealand-attractions/>
    <new-zealand-wheretogo/>
    <new-zealand-touroperators/>
    <new-zealand-gettingthere/>
    <New-Zealand-A-descent-into-Waitomos-lost-world/>
    <New-Zealand-a-love-affair-with-the-land-of-Hobbits/>
    <New-Zealand-Martinboroughs-world-beating-pinot-noir-wines/>
    <New-Zealands-Small-Five-safari/>
    <New-Zealands-hobbit-related-sites/>
    <New-Zealand-ahead-in-battle-to-be-the-worlds-best-country/>
    <New-Zealand-named-worlds-best-country-prime-minister-welcomes-Telegraph-award/>
    <On-the-Tolkien-trail-Middle-earth-You-neednt-fly-down-under-to-find-it/>
    <Prince-Harry-in-New-Zealand-what-he-should-be-doing/>
    <Stewart-Island-Why-you-shouldnt-forget-New-Zealands-third-island/>
    <The-grown-up-gappers-The-pit-stop-we-didnt-want-to-take/>
    <The-worlds-most-appealing-destination-from-space-Marlborough-in-New-Zealand/>
    <Top-of-the-Lake-why-Glenorchy-is-the-real-star/>
    <Twenty-destinations-for-2014-Stewart-Island-New-Zealand/>
    <Napier-New-Zealand-Tales-of-the-Unexpected/>
    <Napier-New-Zealand-an-Art-Deco-phoenix-risen-from-the-ashes/>
    <Milford-Sound-New-Zealand-how-to-visit-cruises-and-the-best-tours/>
    <John-Keys-Queenstown-My-Kind-of-Town/>
    <Cycling-in-New-Zealand-the-Timber-Trail-and-other-routes/>
    <Cricket-World-Cup-2015-booking-and-travel-guide/>
    <Billy-Boyds-Wellington-My-Kind-of-Town/>
    <Anthony-Horowitz-why-Auckland-is-worth-flying-25-hours-for/>
    <Airline-hosts-same-sex-wedding-in-New-Zealand/>
    <_x0032_0-destinations-for-2015-Nelson-and-Marlborough-New-Zealand/>
    <North-Island-New-Zealand-readers-tips-recommendations-and-travel-advice/>
    <Wellington-New-Zealand-readers-tips-recommendations-and-travel-advice/>
    <New-Zealand-readers-tips/>
    <Jenni-Murrays-Auckland/>
    <Miriam-Margoyless-Wellington/>
    <Monica-Galettis-Auckland-My-Kind-of-Town/>
    <Hokitika-New-Zealand-Ten-great-things-to-do/>
    <The-Hobbit-return-to-Middle-Earth/>
    <New-Zealand-volcano-good-for-tourists/>
    <New-Zealand-the-wild-solace-of-the-Hillary-Trail/>
    <A-cruise-to-New-Zealands-far-flung-islands-where-the-albatross-is-king/>
    <Cycling-in-New-Zealand-blood-sweat-and-gears-in-the-land-of-the-pioneers/>
    <New-Zealands-best-rail-journeys/>
    <New-Zealand-Bird-of-the-Year-contest-rocked-by-voting-scandal/>
    <british-and-irish-lions-to-tour-new-zealand/>
    <new-zealand-where-to-stay/>
    <tourists-driving-in-new-zealand-should-take-special-test-display-t-plates/>
    <new-zealand-a-land-for-all-seasons/>
    <film-director-james-cameron-stars-in-new-zealand-tourism-video/>
    <fantasy-new-zealand-film-locations-that-really-exist/>
    <air-new-zealand-novelty-inflight-safety-videos-compromise-passenger-safety-caa/>
    <real-life-new-zealand-filming-locations-that-starred-in-the-hobbit-middle-earth/>
    <top-reader-tops-for-visiting-new-zealand/>
    <perfectly-halved-lemons-wash-up-on-new-zealand-beach/>
    <new-zealand-earthquake-tourist-advice-is-it-safe-to-travel/>
    <why-you-should-visit-new-zealand/>
    <baldwin-street-steepest-roads-in-the-world/>
    <panning-for-gold-in-new-zealand/>
    <skydive-over-new-zealand-in-this-360-video/>
    <alan-davies-interview-wellington-travel-advice-my-kind-of-town/>
    <new-zealand-offers-cash-reward-for-sightings-of-extinct-bird/>
    <new-zealand-is-running-out-of-hotel-rooms/>
    <new-zealand-lions-tour-why-go/>
    <new-zealands-most-remote-and-beautiful-places-to-stay/>
    <new-zealand-events/>
    <new-zealand-by-via-ferrata/>
    <auckland-airport-jet-fuel-shortage/>
    <incredible-video-queenstown-worlds-most-scenic-airport/>
    <stargazing-in-new-zealand/>
    <discovering-the-four-prongs-of-wellness-split-apple-retreat-south-island/>
    <new-zealand-missed-forgotten-left-off-maps/>
    <new-zealand-south-island-road-trip-jenny-agutter/>
    <marlborough-new-zealand-wine-travel-guide/>
    <plant-yourself-in-the-wilds-of-new-zealand/>
    <ultimate-new-zealand/>
    <pod-hopping-new-zealand-south-island-purepod-hotel/>
    <new-zealand-best-tours/>
    <new-zealand-birdlife/>
    <new-zealand-budget-travel-guide/>
    <otago-new-zealand-wine-travel-guide/>
    <why-this-is-the-greatest-country-on-earth/>
    <new-zealand-perfect-holiday-itinerary/>
    <stillness-silence-total-isolation-search-new-zealand-remote-luxury-lodges/>
    <coronavirus-new-zealand-lockdown/>
    <coronavirus-new-zealand-borders-stay-shut-until-next-year/>
    <where-to-find-new-zealand-europe/>
    <postcard-from-new-zealand/>
</jcr:root>
