<?xml version="1.0" encoding="UTF-8"?>
<jcr:root xmlns:cq="http://www.day.com/jcr/cq/1.0" xmlns:jcr="http://www.jcp.org/jcr/1.0"
    jcr:primaryType="cq:Page">
    <jcr:content/>
    <la-cour-des-consuls-hotel-and-spa/>
    <anjali-guest-house-hotel/>
    <la-petite-auberge-de-saint-sernin-hostel/>
    <le-grand-balcon-hotel/>
    <le-boutique-hotel-garonne/>
    <grand-hotel-de-lopera/>
    <hotel-pullman-toulouse-centre/>
    <hotel-des-arts/>
    <hotel-de-brienne/>
    <hotel-royal-wilson/>
    <best-western-hotel-athenee/>
    <privilege-hotel-mermoz/>
    <privilege-appart-hotel-clement-ader/>
    <mercure-toulouse-centre-saint-georges-hotel/>
    <novotel-toulouse-centre-wilson-hotel/>
    <courtyard-toulouse-airport-hotel/>
    <hotel-ibis-styles-toulouse-blagnac-aeroport/>
    <hotel-pullman-toulouse-airport/>
    <radisson-blu-hotel-toulouse-airport/>
    <novotel-toulouse-purpan-aeroport-hotel/>
    <villa-du-taur-hotel/>
    <mama-shelter-toulouse-hotel/>
</jcr:root>
