<?xml version="1.0" encoding="UTF-8"?>
<jcr:root xmlns:cq="http://www.day.com/jcr/cq/1.0" xmlns:jcr="http://www.jcp.org/jcr/1.0"
    jcr:primaryType="cq:Page">
    <jcr:content/>
    <tokyo/>
    <kyoto/>
    <articles/>
    <galleries/>
    <hotels/>
    <application/>
    <japan-tours/>
    <osaka/>
    <hakone/>
    <travel-to-japan-covid-restrictions-visa-vaccine-tourism-news/>
    <japan-open-tourists-sort-welcome-will-receive/>
    <last-piece-global-travel-jigsaw-has-fallen-place-why-should/>
    <japan-open-tourism-20-reasons-visit-now/>
    <why-japans-latest-bullet-train-puts-britains-rail-network-shame/>
    <best-japanese-islands-visit/>
</jcr:root>
