<?xml version="1.0" encoding="UTF-8"?>
<jcr:root xmlns:sling="http://sling.apache.org/jcr/sling/1.0" xmlns:cq="http://www.day.com/jcr/cq/1.0" xmlns:jcr="http://www.jcp.org/jcr/1.0" xmlns:mix="http://www.jcp.org/jcr/mix/1.0" xmlns:nt="http://www.jcp.org/jcr/nt/1.0"
    jcr:primaryType="cq:Page">
    <jcr:content
        cq:designPath="/etc/designs/telegraph/core"
        cq:lastModified="{Date}2016-11-09T15:27:55.027Z"
        cq:lastModifiedBy="condonm"
        cq:scaffolding="/etc/scaffolding/telegraph/hotelReview"
        cq:tags="[storytype:review,travel-entity:hotel]"
        cq:template="/apps/telegraph/core/travel/templates/hotelReviewTemplate"
        jcr:description="Read the Corran Resort &amp; Spa, Carmarthenshire, Wales hotel review on Telegraph Travel. See great photos, full ratings, facilities, expert advice and book the best hotel deals."
        jcr:mixinTypes="[mix:referenceable]"
        jcr:primaryType="cq:PageContent"
        jcr:title="Corran Resort &amp; Spa"
        jcr:uuid="5b2ddb17-c87d-46aa-9225-57286d254af6"
        sling:resourceType="telegraph/core/travel/renderers/hotelReviewRenderer"
        articleType="general"
        conceptIds="[m3W7stjfzvJ]"
        concepts="[{&quot;id&quot;:&quot;m3W7stjfzvJ&quot;\,&quot;label&quot;:&quot;Corran Resort \\u0026 Spa (Wales)&quot;}]"
        externalAdsDisabled="{Boolean}true"
        imageProminence="default"
        pageId="Am3XBg9TvtKk"
        pageTitle="Corran Resort &amp; Spa Hotel Review, Carmarthernshire, Wales | Travel"
        sponsoredPageInheritanceMode="inherit_from_parent">
        <model
            jcr:primaryType="nt:unstructured"
            sling:resourceType="telegraph/core/commons/components/socialSharing"/>
        <product
            jcr:primaryType="nt:unstructured"
            id="m3W7stjfzvJ"
            label="Corran Resort &amp; Spa (Wales)"
            subtitle="To follow">
            <social
                jcr:primaryType="nt:unstructured"
                sling:resourceType="telegraph/core/commons/components/socialSharing"
                autoCloneDisabled="false"
                facebookShareEnable="true"
                iconOrdering="[Facebook,Twitter]"
                pluginJson="\{}"
                socialCounters="inherit"
                stickyDisabled="true"
                twitterShareEnable="true"/>
            <review jcr:primaryType="nt:unstructured">
                <authorPath
                    jcr:lastModified="{Date}2016-11-09T15:20:32.980Z"
                    jcr:lastModifiedBy="condonm"
                    jcr:primaryType="nt:unstructured"
                    sling:resourceType="telegraph/core/commons/components/byline"
                    author="[/content/telegraph/authors/h/ha-he/helen-coffey]"
                    authors="[{&quot;author&quot;:&quot;/content/telegraph/authors/h/ha-he/helen-coffey&quot;\,&quot;role&quot;:&quot;&quot;\,&quot;overrideRole&quot;:[]\,&quot;location&quot;:&quot;&quot;\,&quot;overrideLocation&quot;:[]}]"
                    location="[ ]"
                    oldAuthor="[/content/telegraph/travel/team/helen-coffey]"
                    oldAuthor2021="[/content/telegraph/authors/helen-coffey]"
                    oldAuthors="[{&quot;author&quot;:&quot;/content/telegraph/travel/team/helen-coffey&quot;\,&quot;role&quot;:&quot;&quot;\,&quot;overrideRole&quot;:[]\,&quot;location&quot;:&quot;&quot;\,&quot;overrideLocation&quot;:[]}]"
                    oldAuthors2021="[{&quot;author&quot;:&quot;/content/telegraph/authors/helen-coffey&quot;\,&quot;role&quot;:&quot;&quot;\,&quot;overrideRole&quot;:[]\,&quot;location&quot;:&quot;&quot;\,&quot;overrideLocation&quot;:[]}]"
                    overrideLocation="{Boolean}[false]"
                    overrideRole="{Boolean}[false]"
                    path="/content/telegraph/authors/h/ha-he/helen-coffey"
                    role="[ ]"/>
                <description jcr:primaryType="nt:unstructured"/>
                <reviews jcr:primaryType="nt:unstructured">
                    <location
                        jcr:primaryType="nt:unstructured"
                        sling:resourceType="telegraph/core/commons/components/reviewRating">
                        <relatedContent jcr:primaryType="nt:unstructured">
                            <par
                                jcr:primaryType="nt:unstructured"
                                sling:resourceType="telegraph/core/commons/components/paragraph">
                                <hotelmap
                                    jcr:primaryType="nt:unstructured"
                                    sling:resourceType="telegraph/core/commons/components/hotelMap"
                                    useApiCoordinates="true"
                                    zoom="16"/>
                            </par>
                        </relatedContent>
                    </location>
                    <style
                        jcr:primaryType="nt:unstructured"
                        sling:resourceType="telegraph/core/commons/components/reviewRating"/>
                    <service
                        jcr:primaryType="nt:unstructured"
                        sling:resourceType="telegraph/core/commons/components/reviewRating">
                        <relatedContent jcr:primaryType="nt:unstructured">
                            <par
                                jcr:primaryType="nt:unstructured"
                                sling:resourceType="telegraph/core/commons/components/paragraph">
                                <facility
                                    jcr:primaryType="nt:unstructured"
                                    sling:resourceType="telegraph/core/commons/components/facility"/>
                            </par>
                        </relatedContent>
                    </service>
                    <spa
                        jcr:primaryType="nt:unstructured"
                        sling:resourceType="telegraph/core/commons/components/reviewRating"/>
                    <rooms
                        jcr:primaryType="nt:unstructured"
                        sling:resourceType="telegraph/core/commons/components/reviewRating"/>
                    <food
                        jcr:primaryType="nt:unstructured"
                        sling:resourceType="telegraph/core/commons/components/reviewRating"/>
                    <value
                        jcr:primaryType="nt:unstructured"
                        sling:resourceType="telegraph/core/commons/components/reviewRating"/>
                    <disability
                        jcr:primaryType="nt:unstructured"
                        sling:resourceType="telegraph/core/commons/components/reviewRating"/>
                    <family
                        jcr:primaryType="nt:unstructured"
                        sling:resourceType="telegraph/core/commons/components/reviewRating"/>
                </reviews>
            </review>
            <tabs
                jcr:primaryType="nt:unstructured"
                bookHidden="true"
                defaultTab="review"
                exclusiveHidden="true"/>
        </product>
        <content jcr:primaryType="nt:unstructured">
            <paragraph
                jcr:primaryType="nt:unstructured"
                sling:resourceType="telegraph/core/commons/components/paragraph">
                <par
                    jcr:primaryType="nt:unstructured"
                    sling:resourceType="foundation/components/parsys">
                    <travelproductlisting
                        jcr:created="{Date}2016-11-09T15:20:57.466Z"
                        jcr:createdBy="condonm"
                        jcr:lastModified="{Date}2016-11-09T15:21:40.685Z"
                        jcr:lastModifiedBy="condonm"
                        jcr:primaryType="nt:unstructured"
                        sling:resourceType="telegraph/core/commons/components/travelProductListing"
                        classification="\{&quot;label&quot;:&quot;Wales (United Kingdom)&quot;,&quot;id&quot;:&quot;kJv4VN29dhG&quot;}"
                        classificationIds="[kJv4VN29dhG]"
                        columns="3"
                        link="/content/telegraph/travel/destinations/europe/united-kingdom/wales/hotels"
                        linkLabel="View all"
                        linkTitle="The best hotels in Wales"
                        rows="1"
                        type="[travel-entity:hotel]"/>
                </par>
            </paragraph>
            <leadAsset
                jcr:lastModified="{Date}2016-11-09T15:27:54.993Z"
                jcr:lastModifiedBy="condonm"
                jcr:primaryType="nt:unstructured"
                sling:resourceType="telegraph/core/commons/components/travelLeadAsset"
                imageAlt="Corran Resort &amp; Spa, Carmarthenshire, Wales">
                <image
                    jcr:lastModified="{Date}2016-11-09T15:27:54.993Z"
                    jcr:lastModifiedBy="condonm"
                    jcr:primaryType="nt:unstructured"
                    sling:resourceType="foundation/components/image"
                    fileReference="/content/dam/Travel/hotels/europe/united-kingdom/wales/corran-resort-and-spa-carmarthenshire-l.jpg"/>
                <cardImage
                    jcr:lastModified="{Date}2016-11-09T15:27:54.993Z"
                    jcr:lastModifiedBy="condonm"
                    jcr:primaryType="nt:unstructured"
                    fileReference="/content/dam/Travel/hotels/europe/united-kingdom/wales/corran-resort-and-spa-carmarthenshire-p.jpg"/>
            </leadAsset>
        </content>
        <sponsorsLogoImage
            jcr:lastModified="{Date}2016-11-09T13:53:20.579Z"
            jcr:lastModifiedBy="condonm"
            jcr:primaryType="nt:unstructured"/>
        <reskinImage
            jcr:lastModified="{Date}2016-11-09T13:53:20.579Z"
            jcr:lastModifiedBy="condonm"
            jcr:primaryType="nt:unstructured"
            sling:resourceType="foundation/components/image"/>
        <sparkSlot1
            jcr:primaryType="nt:unstructured"
            inheritanceMode="inherit_from_parent"/>
        <sparkSlot2
            jcr:primaryType="nt:unstructured"
            inheritanceMode="inherit_from_parent"/>
        <sparkSlot3
            jcr:primaryType="nt:unstructured"
            inheritanceMode="inherit_from_parent"/>
        <sparkSlot4
            jcr:primaryType="nt:unstructured"
            inheritanceMode="inherit_from_parent"/>
        <image
            jcr:lastModified="{Date}2016-11-09T13:53:20.579Z"
            jcr:lastModifiedBy="condonm"
            jcr:primaryType="nt:unstructured"
            imageRotate="0"/>
        <productGallery jcr:primaryType="nt:unstructured"/>
    </jcr:content>
</jcr:root>
