<?xml version="1.0" encoding="UTF-8"?>
<jcr:root xmlns:cq="http://www.day.com/jcr/cq/1.0" xmlns:jcr="http://www.jcp.org/jcr/1.0" xmlns:rep="internal"
    jcr:mixinTypes="[rep:AccessControllable]"
    jcr:primaryType="cq:Page">
    <cosy-interiors/>
    <jcr:content/>
    <application/>
    <interiors-how-metal-is-taking-over-our-homes/>
    <top-50-interior-design-websites/>
    <interiors-adding-character-to-a-former-silk-factory/>
    <abigail-ahern-how-to-make-your-home-unique/>
    <interiors-the-stateliest-commune-in-england/>
    <interiors-the-london-flat-littered-with-passing-fancies/>
    <interiors-inside-pearl-lowes-vintage-inspired-somerset-home/>
    <interiors-seven-magnificent-garden-updates/>
    <interiors-the-parisian-apartment-of-a-creative-couple/>
    <interiors-seven-steps-to-a-tranquil-bedroom/>
    <interiors-a-colourful-family-home-in-london/>
    <interiors-a-victorian-terrace-with-industrial-chic-style/>
    <the-20-best-interiors-blogs/>
    <interiors-beach-huts-with-vintage-charm/>
    <curtain-up-john-lewis-unveils-new-14-million-home-department/>
    <the-women-putting-the-she-into-shed/>
    <bruce-oldflield-im-not-a-fashion-person/>
    <antique-shopping-in-paris-go-with-your-gut/>
    <autumn-home-updates/>
    <childrens-bedrooms-how-to-make-them-look-amazing/>
    <interiors-rupert-sanderson-home/>
    <my-space--inside-sara-crowe-s-home/>
    <london-design-festival-2015/>
    <emma-hill-tourist-door/>
    <the-50-best-interiors-shops/>
    <my-space--inside-antoni-antoni-burakowski-s-home/>
    <interiors-essentials-for-the-modern-home/>
    <inside-alexander-martins-home/>
    <pastel-home-accessories/>
    <my-space-sera-hersham-loftus/>
    <designer-do-it-yourself-furniture/>
    <is-this-the-uks-coolest-office/>
    <cabin-porn-for-the-outdoor-types/>
    <my-space-mariateresa-setaro/>
    <best-interiors-buys-for-autumn/>
    <autumn-interiors-unwrapped/>
    <my-space-sally-storey/>
    <chrissie-rucker-the-white-company-interiors-design-decor-style-white-21/>
    <the-white-company-and-cheaper-alternatives/>
    <inside-marina-abramovics-home/>
    <five-best-clocks/>
    <interiors-scandi-meets-boho/>
    <myspace-joanna-berryman/>
    <annabel-kassar-home-london/>
    <_x0031_0-best-lights/>
    <scandi-chic-hits-the-high-street/>
    <my-space-linzi-stoppard/>
    <the-world-of-martin-morales/>
    <making-the-most-of-margate/>
    <cassandra-ellis-south-london-home/>
    <wallpaper-editor-modernist-home/>
    <my-space-sachin-bagga/>
    <tiny-houses/>
    <best-kitchen-lighting/>
    <best-rugs/>
    <design-team-family-home-london/>
    <inside-lou-rotas-home/>
    <alison-cork/>
    <sculptor-sophie-ryders-cotswolds-cottage/>
    <home/>
    <the-return-of-the-quilt/>
    <architect-updates-weathered-house-to-create-a-bolthole-for-her-family/>
    <peak-district-home-david-mellor-design/>
    <Best-of-British/>
    <shropshire-home-interiors-christmas-decoration/>
    <video/>
    <furniture-reupholstery/>
    <cosy-winter/>
    <easy-access-bathrooms/>
    <win-dream-sofa/>
    <living-room-design-ideas/>
    <fox-and-ivy-for-tesco/>
    <spark/>
</jcr:root>
