<?xml version="1.0" encoding="UTF-8"?>
<jcr:root xmlns:cq="http://www.day.com/jcr/cq/1.0" xmlns:jcr="http://www.jcp.org/jcr/1.0"
    jcr:primaryType="cq:Page">
    <jcr:content/>
    <application/>
    <win-a-stay-in-an-english-heritage-holiday-cottage/>
    <thank-you-for-entering/>
    <bolsover-castle-events/>
    <dover-castle-day-out/>
    <find-your-nearest-attraction/>
    <best-things-to-see/>
    <visit-kenilworth-castle/>
    <mysteries-of-the-monument/>
    <short-break-terms-and-conditions/>
    <audley-end-things-to-do/>
    <visit-wrest-park-gardens/>
    <days-out-with-dogs/>
    <visit-hadrians-wall/>
    <visit-battle-abbey/>
    <travelling-without-a-car/>
</jcr:root>
