<?xml version="1.0" encoding="UTF-8"?>
<jcr:root xmlns:sling="http://sling.apache.org/jcr/sling/1.0" xmlns:cq="http://www.day.com/jcr/cq/1.0" xmlns:jcr="http://www.jcp.org/jcr/1.0" xmlns:mix="http://www.jcp.org/jcr/mix/1.0" xmlns:nt="http://www.jcp.org/jcr/nt/1.0"
    jcr:primaryType="cq:Page">
    <hotels/>
    <articles/>
    <cascais/>
    <sintra/>
    <application/>
    <lisbon-city-breaks/>
    <jcr:content
        cq:designPath="/etc/designs/telegraph/core"
        cq:lastModified="{Date}2022-03-17T18:10:39.681Z"
        cq:lastModifiedBy="mulvihill"
        cq:lastReplicated="{Date}2022-03-17T18:11:25.959Z"
        cq:lastReplicatedBy="mulvihill"
        cq:lastReplicationAction="Activate"
        cq:tags="[topics:places/portugal,structure:travel/tours,topics:places/europe,structure:travel/holidays,structure:travel/hotels,structure:analytics/travel-destination-guide-hubs,structure:travel,topics:places/lisbon,structure:travel/city-breaks]"
        cq:template="/apps/telegraph/core/commons/templates/indexTemplate"
        jcr:description="Travelling to Lisbon? Our all-encompassing Lisbon travel guide includes tips on where to stay and the top things to do."
        jcr:isCheckedOut="{Boolean}true"
        jcr:mixinTypes="[mix:referenceable,mix:versionable]"
        jcr:primaryType="cq:PageContent"
        jcr:title="Lisbon"
        jcr:uuid="67610326-1b05-426c-af51-43f688dbc337"
        sling:resourceType="telegraph/core/commons/renderers/indexRenderer"
        conceptIds="[kJv4VN8G6Zq]"
        concepts="\{&quot;label&quot;:&quot;Lisbon (Portugal) [Place]&quot;,&quot;id&quot;:&quot;kJv4VN8G6Zq&quot;}"
        enableSocialFollow="{Boolean}false"
        facebookFollowLinkLabel="Follow on Facebook"
        instagramFollowLinkLabel="Follow on Instagram"
        isADestination="{Boolean}true"
        linkedinFollowLinkLabel="Follow on LinkedIn"
        migratedFromHubTemplate="{Boolean}true"
        pageHeading="Lisbon"
        pageId="AlM39J9d29b3"
        pageTitle="Lisbon | Telegraph Travel"
        pinterestFollowLinkLabel="Follow on Pinterest"
        publicationDateOverride="{Date}2017-04-13T13:46:00.000+01:00"
        publicUrl="https://www.telegraph.co.uk/travel/destinations/europe/portugal/lisbon/"
        tmgLastActivationDate="{Date}2022-03-17T18:11:25.972Z"
        transformedDate="{Date}2022-02-04T15:05:03.181Z"
        transformedSource="Hub"
        twitterFollowLinkLabel="Follow on Twitter">
        <par
            jcr:primaryType="nt:unstructured"
            sling:resourceType="foundation/components/parsys">
            <articlelistcurated
                jcr:created="{Date}2022-02-26T15:18:59.141Z"
                jcr:createdBy="mulvihill"
                jcr:lastModified="{Date}2022-02-26T15:22:10.457Z"
                jcr:lastModifiedBy="mulvihill"
                jcr:primaryType="nt:unstructured"
                sling:resourceType="telegraph/core/commons/components/articleListCurated"
                hideByline="none"
                hideDates="{Boolean}true"
                layout="hero">
                <curatedParsys
                    jcr:primaryType="nt:unstructured"
                    sling:resourceType="foundation/components/parsys">
                    <articlelistcard_796569995
                        jcr:created="{Date}2022-02-26T15:19:19.996Z"
                        jcr:createdBy="mulvihill"
                        jcr:lastModified="{Date}2022-02-26T15:19:50.079Z"
                        jcr:lastModifiedBy="mulvihill"
                        jcr:primaryType="nt:unstructured"
                        sling:resourceType="telegraph/core/commons/components/articleListCard"
                        pagePath="/content/telegraph/travel/destinations/europe/portugal/lisbon/articles/lisbon-travel-guide/">
                        <image
                            jcr:lastModified="{Date}2022-02-26T15:19:50.079Z"
                            jcr:lastModifiedBy="mulvihill"
                            jcr:primaryType="nt:unstructured"/>
                    </articlelistcard_796569995>
                    <articlelistcard_1402259848
                        jcr:created="{Date}2022-02-26T15:19:25.601Z"
                        jcr:createdBy="mulvihill"
                        jcr:lastModified="{Date}2022-02-26T15:20:15.847Z"
                        jcr:lastModifiedBy="mulvihill"
                        jcr:primaryType="nt:unstructured"
                        sling:resourceType="telegraph/core/commons/components/articleListCard"
                        pagePath="/content/telegraph/travel/destinations/europe/portugal/lisbon/articles/lisbon-restaurants/">
                        <image
                            jcr:lastModified="{Date}2022-02-26T15:20:15.847Z"
                            jcr:lastModifiedBy="mulvihill"
                            jcr:primaryType="nt:unstructured"/>
                    </articlelistcard_1402259848>
                    <articlelistcard_1101196051
                        jcr:created="{Date}2022-02-26T15:19:23.704Z"
                        jcr:createdBy="mulvihill"
                        jcr:lastModified="{Date}2022-02-26T15:20:37.853Z"
                        jcr:lastModifiedBy="mulvihill"
                        jcr:primaryType="nt:unstructured"
                        sling:resourceType="telegraph/core/commons/components/articleListCard"
                        pagePath="/content/telegraph/travel/destinations/europe/portugal/lisbon/articles/lisbon-attractions/">
                        <image
                            jcr:lastModified="{Date}2022-02-26T15:20:37.853Z"
                            jcr:lastModifiedBy="mulvihill"
                            jcr:primaryType="nt:unstructured"/>
                    </articlelistcard_1101196051>
                    <articlelistcard_824631442
                        jcr:created="{Date}2022-02-26T15:19:21.822Z"
                        jcr:createdBy="mulvihill"
                        jcr:lastModified="{Date}2022-02-26T15:20:55.029Z"
                        jcr:lastModifiedBy="mulvihill"
                        jcr:primaryType="nt:unstructured"
                        sling:resourceType="telegraph/core/commons/components/articleListCard"
                        pagePath="/content/telegraph/travel/destinations/europe/portugal/lisbon/articles/lisbon-shopping">
                        <image
                            jcr:lastModified="{Date}2022-02-26T15:20:55.029Z"
                            jcr:lastModifiedBy="mulvihill"
                            jcr:primaryType="nt:unstructured"/>
                    </articlelistcard_824631442>
                    <articlelistcard_2107745282
                        jcr:created="{Date}2022-02-26T15:19:18.296Z"
                        jcr:createdBy="mulvihill"
                        jcr:lastModified="{Date}2022-02-26T15:21:20.757Z"
                        jcr:lastModifiedBy="mulvihill"
                        jcr:primaryType="nt:unstructured"
                        sling:resourceType="telegraph/core/commons/components/articleListCard"
                        pagePath="/content/telegraph/travel/destinations/europe/portugal/lisbon/articles/lisbon-nightlife">
                        <image
                            jcr:lastModified="{Date}2022-02-26T15:21:20.757Z"
                            jcr:lastModifiedBy="mulvihill"
                            jcr:primaryType="nt:unstructured"/>
                    </articlelistcard_2107745282>
                    <articlelistcard
                        jcr:created="{Date}2022-02-26T15:19:12.495Z"
                        jcr:createdBy="mulvihill"
                        jcr:lastModified="{Date}2022-02-26T15:21:54.177Z"
                        jcr:lastModifiedBy="mulvihill"
                        jcr:primaryType="nt:unstructured"
                        sling:resourceType="telegraph/core/commons/components/articleListCard"
                        cardHeadline="The best hotels in Lisbon"
                        pagePath="/content/telegraph/travel/destinations/europe/portugal/lisbon/hotels/">
                        <image
                            jcr:lastModified="{Date}2022-02-26T15:21:54.177Z"
                            jcr:lastModifiedBy="mulvihill"
                            jcr:primaryType="nt:unstructured"/>
                    </articlelistcard>
                </curatedParsys>
            </articlelistcurated>
            <articlelist_1
                jcr:primaryType="nt:unstructured"
                sling:resourceType="telegraph/core/commons/components/articleList"
                excludeOperator="OR"
                excludeTags="[structure:travel/news,storytype:guide,structure:blacklist]"
                hideByline="none"
                hideStandfirst="{Boolean}false"
                includeOperator="AND"
                includeTags="[structure:travel,topics:places/lisbon]"
                layout="one-col"
                layoutCenterAligned="true"
                limit="{Long}1"
                offset="{Long}1"
                orderByDirection="desc"
                pageType="article"/>
            <articlelist_2
                jcr:primaryType="nt:unstructured"
                sling:resourceType="telegraph/core/commons/components/articleList"
                excludeOperator="OR"
                excludeTags="[structure:travel/news,storytype:guide,structure:blacklist]"
                hideByline="none"
                hideStandfirst="{Boolean}false"
                includeOperator="AND"
                includeTags="[structure:travel,topics:places/lisbon]"
                layout="four-col"
                layoutCenterAligned="false"
                limit="{Long}4"
                offset="{Long}2"
                orderByDirection="desc"
                pageType="article"/>
            <articlelistcurated_443953417
                jcr:created="{Date}2022-02-26T15:23:21.959Z"
                jcr:createdBy="mulvihill"
                jcr:lastModified="{Date}2022-02-26T15:25:30.901Z"
                jcr:lastModifiedBy="mulvihill"
                jcr:primaryType="nt:unstructured"
                sling:resourceType="telegraph/core/commons/components/articleListCurated"
                hideByline="none"
                hideDates="{Boolean}true"
                layout="six-col"
                title="Where to stay in Lisbon">
                <curatedParsys
                    jcr:primaryType="nt:unstructured"
                    sling:resourceType="foundation/components/parsys">
                    <articlelistcard_1611020354
                        jcr:created="{Date}2022-02-26T15:24:27.332Z"
                        jcr:createdBy="mulvihill"
                        jcr:lastModified="{Date}2022-02-26T15:24:47.800Z"
                        jcr:lastModifiedBy="mulvihill"
                        jcr:primaryType="nt:unstructured"
                        sling:resourceType="telegraph/core/commons/components/articleListCard"
                        pagePath="/content/telegraph/travel/destinations/europe/portugal/lisbon/articles/the-best-boutique-hotels-in-lisbon/">
                        <image
                            jcr:lastModified="{Date}2022-02-26T15:24:47.800Z"
                            jcr:lastModifiedBy="mulvihill"
                            jcr:primaryType="nt:unstructured"/>
                    </articlelistcard_1611020354>
                    <articlelistcard_1748761598
                        jcr:created="{Date}2022-02-26T15:24:29.352Z"
                        jcr:createdBy="mulvihill"
                        jcr:lastModified="{Date}2022-02-26T15:25:11.738Z"
                        jcr:lastModifiedBy="mulvihill"
                        jcr:primaryType="nt:unstructured"
                        sling:resourceType="telegraph/core/commons/components/articleListCard"
                        pagePath="/content/telegraph/travel/destinations/europe/portugal/lisbon/articles/where-to-stay-in-lisbon-hotels-by-district/">
                        <image
                            jcr:lastModified="{Date}2022-02-26T15:25:11.738Z"
                            jcr:lastModifiedBy="mulvihill"
                            jcr:primaryType="nt:unstructured"/>
                    </articlelistcard_1748761598>
                    <articlelistcard_1584892795
                        jcr:created="{Date}2022-02-26T15:24:25.596Z"
                        jcr:createdBy="mulvihill"
                        jcr:lastModified="{Date}2022-02-26T15:25:48.863Z"
                        jcr:lastModifiedBy="mulvihill"
                        jcr:primaryType="nt:unstructured"
                        sling:resourceType="telegraph/core/commons/components/articleListCard"
                        pagePath="/content/telegraph/travel/destinations/europe/portugal/lisbon/articles/the-best-lisbon-hotels-with-pools/">
                        <image
                            jcr:lastModified="{Date}2022-02-26T15:25:48.863Z"
                            jcr:lastModifiedBy="mulvihill"
                            jcr:primaryType="nt:unstructured"/>
                    </articlelistcard_1584892795>
                    <articlelistcard_1385079334
                        jcr:created="{Date}2022-02-26T15:24:23.544Z"
                        jcr:createdBy="mulvihill"
                        jcr:lastModified="{Date}2022-02-26T15:26:18.836Z"
                        jcr:lastModifiedBy="mulvihill"
                        jcr:primaryType="nt:unstructured"
                        sling:resourceType="telegraph/core/commons/components/articleListCard"
                        pagePath="/content/telegraph/travel/destinations/europe/portugal/lisbon/articles/the-best-luxury-hotels-in-lisbon/">
                        <image
                            jcr:lastModified="{Date}2022-02-26T15:26:18.836Z"
                            jcr:lastModifiedBy="mulvihill"
                            jcr:primaryType="nt:unstructured"/>
                    </articlelistcard_1385079334>
                    <articlelistcard_1099999065
                        jcr:created="{Date}2022-02-26T15:24:21.382Z"
                        jcr:createdBy="mulvihill"
                        jcr:lastModified="{Date}2022-02-26T15:26:37.139Z"
                        jcr:lastModifiedBy="mulvihill"
                        jcr:primaryType="nt:unstructured"
                        sling:resourceType="telegraph/core/commons/components/articleListCard"
                        pagePath="/content/telegraph/travel/destinations/europe/portugal/lisbon/articles/the-best-five-star-hotels-in-lisbon/">
                        <image
                            jcr:lastModified="{Date}2022-02-26T15:26:37.139Z"
                            jcr:lastModifiedBy="mulvihill"
                            jcr:primaryType="nt:unstructured"/>
                    </articlelistcard_1099999065>
                    <articlelistcard
                        jcr:created="{Date}2022-02-26T15:24:12.581Z"
                        jcr:createdBy="mulvihill"
                        jcr:lastModified="{Date}2022-02-26T15:27:01.536Z"
                        jcr:lastModifiedBy="mulvihill"
                        jcr:primaryType="nt:unstructured"
                        sling:resourceType="telegraph/core/commons/components/articleListCard"
                        pagePath="/content/telegraph/travel/destinations/europe/portugal/lisbon/articles/best-lisbon-spa-hotels/">
                        <image
                            jcr:lastModified="{Date}2022-02-26T15:27:01.536Z"
                            jcr:lastModifiedBy="mulvihill"
                            jcr:primaryType="nt:unstructured"/>
                    </articlelistcard>
                </curatedParsys>
            </articlelistcurated_443953417>
            <articlelist_3
                jcr:primaryType="nt:unstructured"
                sling:resourceType="telegraph/core/commons/components/articleList"
                excludeOperator="OR"
                excludeTags="[structure:travel/news,storytype:guide,structure:blacklist]"
                hideByline="none"
                hideStandfirst="{Boolean}false"
                includeOperator="AND"
                includeTags="[structure:travel,topics:places/lisbon]"
                layout="mpu"
                layoutCenterAligned="false"
                limit="{Long}4"
                offset="{Long}6"
                orderByDirection="desc"
                pageType="article"/>
            <articlelist_4
                jcr:primaryType="nt:unstructured"
                sling:resourceType="telegraph/core/commons/components/articleList"
                excludeOperator="OR"
                excludeTags="[structure:travel/news,storytype:guide,structure:blacklist]"
                hideByline="none"
                hideStandfirst="{Boolean}true"
                includeOperator="AND"
                includeTags="[structure:travel,topics:places/lisbon]"
                layout="four-col"
                layoutCenterAligned="false"
                limit="{Long}8"
                offset="{Long}10"
                orderByDirection="desc"
                pageType="article"/>
            <articlelist_5
                jcr:primaryType="nt:unstructured"
                sling:resourceType="telegraph/core/commons/components/articleList"
                excludeOperator="OR"
                excludeTags="[structure:travel/news,storytype:guide,structure:blacklist]"
                hideByline="none"
                hideStandfirst="{Boolean}true"
                includeOperator="AND"
                includeTags="[structure:travel,topics:places/lisbon]"
                layout="two-col"
                layoutCenterAligned="false"
                limit="{Long}2"
                offset="{Long}18"
                orderByDirection="desc"
                pageType="article"/>
            <commercialunit
                jcr:primaryType="nt:unstructured"
                sling:resourceType="telegraph/core/commons/components/commercialUnit"/>
            <articlelist_6
                jcr:primaryType="nt:unstructured"
                sling:resourceType="telegraph/core/commons/components/articleList"
                excludeOperator="OR"
                excludeTags="[structure:travel/news,storytype:guide,structure:blacklist]"
                hideByline="none"
                hideStandfirst="{Boolean}true"
                includeOperator="AND"
                includeTags="[structure:travel,topics:places/lisbon]"
                layout="four-col"
                layoutCenterAligned="false"
                limit="{Long}8"
                offset="{Long}20"
                orderByDirection="desc"
                pageType="article"/>
            <articlelist_7
                jcr:primaryType="nt:unstructured"
                sling:resourceType="telegraph/core/commons/components/articleList"
                excludeOperator="OR"
                excludeTags="[structure:travel/news,storytype:guide,structure:blacklist]"
                hideByline="none"
                hideStandfirst="{Boolean}true"
                includeOperator="AND"
                includeTags="[structure:travel,topics:places/lisbon]"
                layout="two-col"
                layoutCenterAligned="false"
                limit="{Long}2"
                offset="{Long}28"
                orderByDirection="desc"
                pageType="article"/>
            <productteaserpack
                jcr:created="{Date}2022-02-26T15:23:14.928Z"
                jcr:createdBy="mulvihill"
                jcr:lastModified="{Date}2022-03-17T18:10:39.664Z"
                jcr:lastModifiedBy="mulvihill"
                jcr:primaryType="nt:unstructured"
                sling:resourceType="telegraph/core/travel/components/productTeaserPack"
                columns="4"
                link="/content/telegraph/travel/destinations/europe/portugal/lisbon/hotels"
                linkLabel="View all hotels"
                linkTitle="More hotels in Lisbon"
                place="\{&quot;label&quot;:&quot;Lisbon [State: Lisbon, Country: Portugal, Continent: Europe]&quot;,&quot;id&quot;:&quot;kJv4VN8G6Zq&quot;}"
                placeIds="kJv4VN8G6Zq"
                rows="1"
                type="travel-entity:hotel"/>
            <articlelist_8
                jcr:primaryType="nt:unstructured"
                sling:resourceType="telegraph/core/commons/components/articleList"
                excludeOperator="OR"
                excludeTags="[structure:travel/news,storytype:guide,structure:blacklist]"
                hideByline="none"
                hideStandfirst="{Boolean}false"
                includeOperator="AND"
                includeTags="[structure:travel,topics:places/lisbon]"
                layout="mpu"
                layoutCenterAligned="false"
                limit="{Long}4"
                offset="{Long}30"
                orderByDirection="desc"
                pageType="article"/>
            <articlelistpaginatio
                jcr:primaryType="nt:unstructured"
                sling:resourceType="telegraph/core/commons/components/articleListPagination"
                excludeOperator="OR"
                excludeTags="[structure:travel/news,storytype:guide,structure:blacklist]"
                hideByline="none"
                hideStandfirst="{Boolean}false"
                includeOperator="AND"
                includeTags="[structure:travel,topics:places/lisbon]"
                layout=""
                layoutCenterAligned="false"
                limit="{Long}4"
                offset="{Long}30"
                orderByDirection="desc"
                pageType="article"/>
        </par>
    </jcr:content>
    <ericeira/>
    <perfect-city-break-summer-miles-golden-beaches-explore/>
</jcr:root>
