<?xml version="1.0" encoding="UTF-8"?>
<jcr:root xmlns:cq="http://www.day.com/jcr/cq/1.0" xmlns:jcr="http://www.jcp.org/jcr/1.0"
    jcr:primaryType="cq:Page">
    <jcr:content/>
    <no-christmas-celebrations-last-three-christians-syrian-village/>
    <covid-news-coronavirus-omicron-cases-europe-booster-jabs-restrictions/>
    <silvio-berlusconi-85-tipped-one-final-tilt-italys-top-job/>
    <jeffrey-epstein-victim-asks-ex-staff-knew-disclosed-ghislaine/>
    <cnn-fires-chris-cuomo-helping-ex-governor-brother-accused-sexual/>
    <russias-richest-man-opens-mammoth-modern-art-centre-despite/>
    <macron-fire-sidelining-human-rights-saudi-visit/>
    <eric-zemmour-supporters-gather-paris-campaign-launch/>
    <berlins-djs-seek-unesco-heritage-status-techno-culture/>
    <belgian-police-fire-water-cannon-tear-gas-crowds-protest-covid/>
    <prosecutors-refuse-rule-charges-against-high-school-four-pupils/>
    <politicians-across-spectrum-pay-tribute-former-us-presidential/>
</jcr:root>
