<?xml version="1.0" encoding="UTF-8"?>
<jcr:root xmlns:cq="http://www.day.com/jcr/cq/1.0" xmlns:jcr="http://www.jcp.org/jcr/1.0"
    jcr:primaryType="cq:Page">
    <jcr:content/>
    <rio-de-janeiro-citybreakguide/>
    <rio-de-janeiro-attractions/>
    <rio-de-janeiro-beaches/>
    <rio-de-janeiro-freethingstodo/>
    <rio-de-janeiro-restaurants/>
    <rio-de-janeiro-nightlife/>
    <rio-de-janeiro-shopping/>
    <_x0033_6-hours-in-rio-dejaneiro/>
    <rio-de-janeiro-gettingthere/>
    <rio-de-janeiro-events/>
    <Rio-de-Janeiro-tourism-officials-say-violence-has-returned/>
    <Rio-de-Janeiro-hotels-and-bandbs-taking-bookings-for-2016-Olympics/>
    <Rio-de-Janeiro-beach-theft-rises/>
    <Rio-de-Janeiro-awarded-UNESCO-World-Heritage-status/>
    <Rio-de-Janeiros-best-cheap-restaurants/>
    <Rio-carnival-downsizing-and-another-cancelled-as-Brazil-feels-the-pinch/>
    <Rio-Carnival-2014-details-and-guide/>
    <Rio-selfie-an-accident-says-Briton/>
    <Rio-de-Janeiro-Brazil-day-trips-and-escapes-from-the-city/>
    <Brazil-green-is-the-colour-on-the-road-to-Rio-de-Janeiro/>
    <Brazil-by-motorbike-all-roads-lead-to-Rio/>
    <Brazil-On-the-beach-volleyball-courts-of-Rio/>
    <_x0032_016-Olympic-Games-Rio-de-Janeiros-reputation-is-at-risk/>
    <_x0032_016-Olympics-Its-a-long-road-for-Rio/>
    <Rio-de-Janeiro-a-girls-guide-to-the-best-shops-hotels-and-restaurants/>
    <Just-Back-favela-stay-in-Rio-de-Janeiro/>
    <Christ-the-Redeemer-repairs-could-make-it-darker/>
    <Rio-Olympics-2016-tickets-flights-hotels-guide/>
    <Rio-Carnival-Where-to-find-the-best-street-parties/>
    <rio-2016-olympics-100-fascinating-facts-about-rio-de-janeiro/>
    <everything-you-need-to-know-about-rio/>
    <rio-flight-prices-increase-ahead-of-olympic-games/>
    <rio-proposes-new-tourist-tax-to-reimburse-mugging-victims/>
    <rio-de-janeiros-oscar-niemeyer-designed-hotel-nacional-reopens/>
    <dozens-injured-at-rio-carnival-after-float-crashes/>
    <rio-carnival-2017-in-pictures/>
    <best-hotels-rio-de-janeiro-and-districts/>
    <best-luxury-hotels-in-rio-de-janeiro/>
    <best-cheap-hotels-in-rio-de-janeiro/>
    <the-best-five-star-hotels-in-rio-de-janeiro/>
    <the-best-hotels-near-ipanema/>
    <anger-and-hope-collide-as-rio-carnival-laments-a-city-in-crisis/>
    <rio-carnival-chaos-gangs/>
    <rio-de-janeiro-travel-guide/>
    <best-bars-in-rio-de-janeiro/>
    <rio-carnival-the-power-of-partying/>
    <best-romantic-hotels-rio-de-janeiro/>
    <best-hostels-rio-de-janeiro-hotels/>
    <best-boutique-hotels-rio-de-janeiro/>
    <travel-on-trial-helicopter-ride-rio/>
    <best-spa-hotels-in-rio-de-janeiro/>
    <best-family-friendly-hotels-in-rio-de-janeiro/>
</jcr:root>
