<?xml version="1.0" encoding="UTF-8"?>
<jcr:root xmlns:cq="http://www.day.com/jcr/cq/1.0" xmlns:jcr="http://www.jcp.org/jcr/1.0" xmlns:rep="internal"
    jcr:mixinTypes="[rep:AccessControllable]"
    jcr:primaryType="cq:Page">
    <jcr:content/>
    <application/>
    <techbuyer/>
    <anglia-home-furnishings/>
    <sambro-toy-manufacturer/>
    <shirlaws-business-coaching/>
    <smarkets-betting-company/>
    <spark44-marketing-agency/>
    <big-prawn-seafood-company/>
    <sanitary-solution-fab-little-bag/>
    <closs-and-hamblin-haberdashery/>
    <showcase-furniture/>
    <goodman-masson-london/>
    <sks-business-services/>
    <natta-building-company/>
    <shoplight-lighting/>
    <appsbroker-consulting/>
    <zip-world-wales/>
    <hotter-footwear-uk/>
    <digitavia-conferencing/>
    <university-of-surrey/>
    <staffordshire-university/>
    <the-creative-engagement-group/>
    <matchstick-men/>
    <plymouth-university/>
    <gipsy-hill-brewery/>
    <aflex-hose/>
    <medical-research-network/>
    <american-express-financial-tools/>
    <firstword-media/>
    <marlin-hawk/>
    <blackgang-chine/>
    <bluestone-wales-resorts/>
    <university-of-central-lancashire/>
    <arden-university/>
    <eq-global/>
    <clipper-teas/>
    <robert-half/>
    <nao-group/>
    <kortical/>
    <plumbs-home-furnishings/>
    <savernake-knives/>
    <audley-villages/>
    <jecs-offshore/>
    <nightingale-hammerson-care-homes/>
    <duckhams-oil/>
    <london-south-bank-university/>
    <phoenix-interior-design/>
    <pearson-college-london/>
    <simple-landlords-insurance/>
    <ey-supporting-entrepreneurs/>
    <aj-products-uk/>
    <together-money/>
    <robert-welch-designs/>
    <scottish-power/>
    <gladstone-software/>
    <munnypot/>
    <chatraise-lifestyle-fundraising/>
    <atlas-blockchain-technology/>
    <aspinline/>
    <rb-healthcare/>
    <lenovo/>
    <staffino-uk/>
    <sage-group/>
    <massive-analytic-limited/>
    <truphone/>
    <whatbook/>
    <opus-trust/>
    <its-gone-viral/>
    <swoop/>
    <house-of-kaizen/>
    <edit-suits/>
    <craven-solutions/>
    <opinsta/>
    <western-union/>
    <london-academy-of-trading/>
    <yreceipts/>
    <kensington-college-of-business/>
    <benefits-of-switching-to-lpg/>
    <like-literally/>
    <kolibri-drinks/>
    <gravity-fitness/>
    <locaria/>
    <digital-marketers-leveraging-emerging-technologies/>
    <fire-prevention-for-businesses/>
    <mobile-app-development-company/>
    <customer-review-site-uk/>
    <make-it-wild/>
    <moltex-energy/>
    <rep:policy/>
</jcr:root>
