<?xml version="1.0" encoding="UTF-8"?>
<jcr:root xmlns:cq="http://www.day.com/jcr/cq/1.0" xmlns:jcr="http://www.jcp.org/jcr/1.0"
    jcr:primaryType="cq:Page">
    <jcr:content/>
    <the-eltermere-hotel/>
    <moss-grove-organic/>
    <the-summer-hill-country-house/>
    <sharrow-bay/>
    <rothay-garden/>
    <the-swan-hotel-and-spa/>
    <wasdale-head-inn-hotel/>
    <howe-keld-hotel/>
    <the-old-dungeon-ghyll-hotel/>
    <kirkstile-inn-hotel/>
    <the-drunken-duck-inn-and-restaurant-hotel/>
    <the-langstrath-country-inn-hotel/>
    <the-sun-hotel/>
    <cuckoo-brow-inn/>
    <the-cranleigh-boutique-hotel/>
    <the-bridge-hotel/>
    <the-daffodil-hotel-spa-by-the-lake/>
    <the-samling-hotel/>
    <the-mortal-man/>
    <cedar-manor-hotel-and-restaurant/>
    <the-punch-bowl-inn-hotel/>
    <brimstone-at-langdale-hotel/>
    <holbeck-ghyll-hotel/>
    <gilpin-hotel-and-lake-house/>
    <forest-side-hotel/>
    <the-wild-boar-hotel/>
    <waterhead-hotel/>
    <low-wood-bay-resort-hotel/>
    <linthwaite-house-hotel/>
    <the-windermere-suites-hotel/>
    <applegarth-villa-hotel/>
    <l-enclume-hotel/>
    <the-woolpack-inn-hotel/>
    <storrs-hall-hotel/>
    <lakeside-hotel-and-spa/>
    <the-langdale-hotel/>
    <the-masons-arms-hotel/>
    <nanny-brow-hotel/>
    <lancrigg-hotel/>
    <the-leathes-head-hotel/>
    <the-ryebeck-hotel/>
    <hare-and-hounds-hotel/>
    <armathwaite-hall-hotel-and-spa/>
    <grizedale-lodge-hotel/>
    <randy-pike-hotel/>
    <the-pheasant-hotel/>
    <north-lakes-hotel-and-spa/>
    <the-wordsworth-hotel-and-spa/>
    <hillthwaite-house-hotel/>
    <the-villa-levens-hotel/>
    <the-hideaway-at-windermere-hotel/>
    <rosemount-guest-house-hotel/>
    <windermere-boutique-hotel/>
    <the-knoll-hotel/>
    <the-queens-head-hotel/>
    <raise-view-grasmere-hotel/>
    <another-place-the-lake-hotel/>
    <the-malabar-hotel/>
    <haweswater-hotel/>
    <macdonald-leeming-house-hotel/>
    <beech-hill-hotel-and-spa-hotel/>
    <the-ro-hotel/>
    <langdale-chase-hotel/>
    <the-cottage-in-the-wood-hotel/>
    <fox-and-hounds-inn-hotel/>
    <overwater-hall-hotel/>
    <cragwood-country-house-hotel/>
    <inn-on-the-square-hotel/>
    <rothay-manor-hotel/>
    <lyth-valley-country-inn-hotel/>
    <the-inn-on-the-lake-hotel/>
    <newby-bridge-hotel/>
    <tweedies-bar-and-lodge-hotel/>
    <lindeth-fell-country-house-hotel/>
    <lindeth-howe-hotel/>
    <lodore-falls-hotel-and-spa/>
    <the-borrowdale-hotel/>
    <howtown-hotel/>
    <the-yan-at-broadrayne-hotel/>
    <the-royal-oak-hotel/>
    <victorian-house-hotel-grasmere/>
    <the-coniston-inn-hotel/>
    <the-belsfield-hotel/>
</jcr:root>
