<?xml version="1.0" encoding="UTF-8"?>
<jcr:root xmlns:cq="http://www.day.com/jcr/cq/1.0" xmlns:jcr="http://www.jcp.org/jcr/1.0"
    jcr:primaryType="cq:Page">
    <jcr:content/>
    <godolphin-arms-hotel/>
    <driftwood-hotel/>
    <Trewornan-Manor-hotel/>
    <the-nare-hotel/>
    <the-old-coastguard-hotel/>
    <the-lugger-hotel/>
    <tregulland-hotel/>
    <polurrian-on-the-lizard-hotel/>
    <st-moritz-hotel/>
    <mullion-cove-hotel/>
    <the-rosevine-hotel/>
    <the-beach-at-bude-hotel/>
    <coombeshead-farm-hotel/>
    <trerose-manor-hotel/>
    <kota-restaurant-with-rooms-hotel/>
    <the-llawnroc-hotel/>
    <the-gannet-inn-hotel/>
    <carbis-bay-hotel-and-estate/>
    <botelet-hotel/>
    <haveners-hotel/>
    <st-tudy-inn-hotel/>
    <the-driftwood-spars-hotel/>
    <port-gaverne-restaurant-and-hotel/>
    <nearwater-hotel/>
    <seavista-hotel/>
    <westcroft-guesthouse-hotel/>
    <the-halzephron-inn-hotel/>
    <pebble-house-hotel/>
    <the-port-william-hotel/>
    <kudhva-hotel/>
    <the-slipway-hotel/>
    <una-st-ives-hotel/>
    <stargazy-inn-hotel/>
    <fowey-harbour-hotel/>
    <talland-bay-hotel/>
    <the-pig-at-harlyn-bay-hotel/>
</jcr:root>
