<?xml version="1.0" encoding="UTF-8"?>
<jcr:root xmlns:cq="http://www.day.com/jcr/cq/1.0" xmlns:jcr="http://www.jcp.org/jcr/1.0"
    jcr:primaryType="cq:Page">
    <jcr:content/>
    <shy-artist-chris-shaw-humans-of-new-york/>
    <wassily-kandinsky-who-was-he/>
    <how-frida-kahlos-bright-beautiful-garden-inspired-her/>
    <the-secret-life-of-john-singer-sargent/>
    <rubens-was-he-the-most-important-artist-of-all-time/>
    <turner-prize-winner-even-im-baffled-says-tate-boss/>
    <jackson-pollock-artist-tribute/>
    <mondrian-studio-life-in-squares/>
    <inside-the-dark-heart-of-pop-art-andy-warhol/>
    <michael-peppiatt-remembers-francis-bacon/>
    <charlotte-johnson-boris-genius-mother/>
    <inside-ai-weiweis-berlin-bunker/>
    <van-dyck-makes-the-past-tangible/>
    <the-world-of-mat-collishaw/>
    <william-kentridge/>
    <ai-weiwei-anish-kapoor-refugee-walk/>
    <edmund-de-waal-on-his-sheffield-pottery-studio/>
    <jake-auerbach-remembers-going-to-the-pub-with-his-father-frank/>
    <emma-paolozzi-working-alongside-her-artist-father-eduardo/>
    <robert-irwin-bad-paintings-interview/>
    <sylvette-david-picasso-muse-sitting-for-him/>
    <the-world-of-rob-ryan/>
    <jean-etienne-liotard-royal-bedroom/>
    <Sandy-Rower-remembers-visiting-his-grandfather/>
    <andy-white-beatles-drummer-ringo-starr-dies/>
    <how-lust-shaped-the-art-of-auguste-rodin/>
    <gilbert-and-george-interview-new-exhibition/>
    <jamie-hewlett-life-in-objects/>
    <turner-prize-2015-how-modern-art-finally-lost-its-nerve/>
    <mona-lisa-discovery-scientist-claims-secret-second-portrait-of-r/>
    <lin-jammett-remembers-an-artistic-childhood-with-his-mother-elis/>
    <lin-jammett-remembers-an-artistic-childhood-with-his-mother-elis0/>
    <dial-this-number-and-you-can-speak-to-shia-labeouf-right-now/>
    <sculptor-phyllida-barlow-gets-cbe-for-services-to-art/>
    <how-claude-monets-passion-for-plants-became-his-crowning-achieve/>
    <chantal-joffe-i-dont-find-men-very-interesting-to-look-at/>
    <how-james-joyces-ulysses-inspired-good--and-bad--art/>
    <dog-jumps-over-skateboard/>
    <shock-art-needs-to-grow-up/>
    <why-we-must-learn-to-love-brutalist-architecture/>
    <norman-parkinson-the-photographer-who-made-fashion-glam/>
    <skadlsd/>
    <laura-poitras-interview-the-woman-who-keeps-the-secrets/>
    <yoko-ono-taken-to-new-york-hospital-with-flu-like-illness/>
    <allen-jones-in-the-studio/>
    <giorgione-sparked-a-revolution-in-venetian-painting-but-who-was/>
    <ralph-heimans-in-the-studio/>
    <subodh-gupta-in-the-studio/>
    <model-cara-delevingne-is-perfect-muse-says-artist-jonathan-yeo/>
    <a-thirst-for-art-the-ancient-greece-symposium/>
    <a-thirst-for-art-bes-the-egyptian-god-of-boozing/>
    <bob-and-roberta-smith-in-the-studio/>
    <a-thirst-for-art-bacchus-and-ariadne/>
    <the-glorious-english-landsapes-of-eric-ravilious/>
    <bbb/>
    <patrick-hughes-the-pop-art-pioneer-whos-gone-viral/>
    <rubber-duck-artist-goes-quackers-and-accuses-brazilian-protester/>
    <keith-tyson-in-the-studio/>
    <vv/>
    <spencer-finch-in-the-studio/>
    <zaha-hadid-a-truly-fearsome-architect/>
    <a-thirst-for-art-drunken-silenus-supported-by-satyrs/>
    <a-thirst-for-art-skittle-players-outside-an-inn/>
    <pablo-picasso-women-are-either-goddesses-or-doormats/>
    <susan-hiller-in-the-studio/>
    <robert-crumb-in-the-studio/>
    <hhhhh/>
    <keith-coventry-in-the-studio/>
    <are-these-the-worst-restorations-in-history-5-shocking-attempts/>
    <jonathan-yeo-in-the-studio/>
    <a-thirst-for-art-gin-lane/>
    <the-man-who-paints-the-good-the-bad-and-the-ugly-of-modern-calif/>
    <flushed-with-success-guggenheim-makes-point-about-wealth-in-us-w/>
    <mary-kelly-in-the-studio/>
    <a-thirst-for-art-corner-of-a-caf-concert/>
    <david-hockney-interview-your-face-belongs-to-other-people/>
    <pablo-bronstein-in-the-studio/>
    <a-thirst-for-art-a-restoration-by-elizabeth-price/>
    <amazing-giant-sculptures-made-from-tin-cans---this-is-canstructi/>
    <stanley-spencers-teenage-sketchbook-discovered/>
    <carl-fredrik-reuterswrd-sculptor-of-knotted-revolver-peace-symbo/>
    <sean-lynch-in-the-studio/>
    <surreal-facts-salvador-dali/>
    <wilhelm-sasnal-in-the-studio/>
    <george-rr-martin-enchanted-by-santa-fe-art-group-meow-wolfs-alte/>
    <alex-katz-picasso-was-a-cheat/>
    <francis-bacon-in-the-studio/>
    <artist-creates-miniature-pencil-sculptures/>
    <dora-maurer-in-the-studio/>
    <rachel-howard-in-the-studio/>
    <cornelia-parker-in-the-studio/>
    <is-walter-de-maria-the-pinnacle-of-american-art/>
    <yinka-shonibare-in-the-studio/>
    <mary-heilmann-in-the-studio/>
    <howard-hodgkin-in-the-studio/>
    <richard-wilson-in-the-studio/>
    <christo-unveils-a-modern-miracle-for-16-days-they-will-walk-on-w/>
    <jeff-gillette-in-the-studio/>
    <antony-gormley-in-the-studio/>
    <antony-gormley-im-not-sure-anything-i-do-is-very-useful-to-the-h/>
    <why-have-first-world-war-soldiers-been-appearing-around-the-coun/>
    <henry-fraser-in-the-studio/>
    <ron-arad-in-the-studio/>
    <martin-creed-in-the-studio/>
    <how-lucian-freud-and-a-grudge-kept-his-rival-from-a-fortune/>
    <david-bowies-personal-art-collection-to-be-unveiled-and-auctione/>
    <gavin-turk-in-the-studio/>
    <how-dadas-rock-stars-changed-art-forever/>
    <banksys-most-iconic-works-of-art--what-happened-to-them-next/>
    <de-kooning-painting-worth-50000-found-on-second-hand-website/>
    <test0/>
    <nicholas-serota-the-man-who-made-us-love-modern-art/>
    <pollock-was-not-a-good-drunk-secrets-of-the-abstract-expressioni/>
    <paula-rego-its-horrible-to-be-so-old-and-still-so-afraid/>
    <mat-collishaw-artists-block-is-for-amateurs/>
    <befriended-by-a-king-arrested-then-forced-to-fight-artist-dia-az/>
    <andy-warhols-awkward-1956-rejection-letter-from-moma/>
    <sculptor-claude-lalanne-remembers-ray-charles-great-person-around/>
    <michael-andrewsthe-elusive-figure-post-war-british-art/>
    <bizarre-court-case-turned-upside-life-caribbean-based-artist/>
    <do-calligraphy-master-reveals-secrets-on-trend-craft/>
    <david-hockney-interview-always-made-things-bit-harder/>
    <melanie-andrews-school-london/>
    <time-save-vanessa-bell-beasts-bloomsbury/>
    <gallery-test/>
    <beyonce-do-not-publish/>
    <pumpkin-sculpture-worth-600000-damaged-selfie-goes-wrong/>
    <man-inspired-pete-townshend-smash-guitars-gustav-metzger-pioneer/>
    <klimt-arts-greatest-womaniser/>
    <turner-prize-winning-artist-howard-hodgkin-dies-aged-84/>
    <howard-hodgkins-art-makes-us-glad-alive/>
    <howard-hodgkin-matisse-moved-tears/>
    <sothebys-bold-right-explore-wonder-smaller-scale/>
    <gentrification-destroying-cultural-life-cities-needs-done/>
    <paula-rego-son-discuss-unravelling-artists-tortured-life-film/>
    <can-sir-nicholas-serota-save-arts-council-england-fromthe-bean/>
    <englands-answer-jackson-pollock-gillian-ayres-greatest-living/>
    <looking-back-life-sculptor-henry-moore-daughter-mary/>
    <colm-toibin-giacometti-breathed-life-bronze/>
    <eric-gills-vile-perversions-have-ruined-reputation-and-family/>
    <phyllida-barlow-struggling-sell-art-50-years-lives-slum/>
    <really-quite-uncharted-territory-inside-mat-collishaws-creepy/>
    <happens-give-12-classic-artworks-faceapp-smile/>
    <katsushika-hokusai-starving-artist-became-prince-tides/>
    <lasting-taste-life-still-sweet-wayne-thiebaud-96/>
    <century-death-still-obsessed-egon-schiele/>
    <arts-council-want-measure-culture-might-end-killing/>
    <technicolor-light-mind-blowing-parties-howard-hodgkins-india/>
    <mortality-orgies-trip-theatre-weekend-salvador-dali/>
    <do-not-use/>
    <brothel-called-yob-artist-harland-miller-unconventional-route/>
    <charles-saatchis-great-masterpieces-vincent-van-goghs-starry/>
    <banksy-chosen-turner-constable-nations-favourite/>
    <philip-gustons-daughter-growing-giant-american-art/>
    <charles-saatchis-great-masterpieces-illness-insanity-inspired/>
    <danish-painter-tal-r-ghosts-art-obscenity-think-sex-quite-banal/>
    <charles-saatchis-great-masterpieces-painter-inspired-da-vinci/>
    <shocked-lived-long-jean-michel-basquiats-teenage-lover-tragic/>
    <charles-saatchis-great-masterpieces-hitler-couldnt-resist-vermeers/>
    <modern-art-needs-rediscover-rebellious-spirit/>
    <charles-saatchis-great-masterpieces-sackcloth-syphilis-birth/>
    <may-morris-unsung-heroine-arts-crafts-movement/>
    <artists-inspired-creepy-sex-dolls-pictures/>
    <jackie-kennedy-john-yoko-jonas-mekas-looks-back-life-pictures/>
    <superflex-interviewalastair-sooke-meets-turbine-halls-new-stars/>
    <charles-saatchis-great-masterpieces-berlins-bohemians-degenerative/>
    <basquiat-knew/>
    <david-hockney-not-terribly-highly-skilled-painter-expert-says/>
    <charles-saatchis-great-masterpieces-sinner-caravaggio-broughtsaint/>
    <first-rule-print-club-have-fun/>
    <charles-saatchis-great-masterpieces-degas-accidentally-ruined/>
    <shocking-controversial-pieces-modern-art/>
    <charles-saatchis-great-masterpieces-botticellis-luxurious-garden/>
    <lorenzo-quinn-creating-years-talked-about-artwork-jamming-adam/>
    <charles-saatchis-great-masterpieces-renoir-andfriends-longsummer/>
    <fall-art-auction-season-kicks-new-york/>
    <true-story-nazi-art-dealer-collection-works-will-forever-tainted/>
    <charles-saatchis-great-masterpieces-klimts-erotic-dream-still/>
    <english-poet-drove-modigliani-wild/>
    <charles-saatchis-great-masterpieces-rousseau-captured-jungle/>
    <historic-moment-wait-da-vincis-salvator-mundi-smashed-records/>
    <leonardo-da-vincis-salvator-mundi-extraordinary-journey-artists/>
    <salvator-mundi-mystery-orb-worlds-expensive-painting-real-leonardo/>
    <_x0034_50-million-reasons-leonardo-da-vincis-salvator-mundi-isnt-masterpiece/>
    <charles-saatchis-great-masterpieces-bruegels-dutch-proverbs/>
    <lubiana-himids-2017-turner-prize-victory-specious-cop-out/>
    <balthuss-work-may-carry-paedophilic-content-doesnt-mean-painting/>
    <meet-visual-artist-works-total-darkness/>
    <arts-should-do-embrace-diversity-says-former-tate-chief/>
    <dale-chihuly-interview-man-saw-greatness-glass/>
    <thieves-vanished-rio-carnival-crowds-the-10-audacious-art-heists/>
    <wim-wenders-edward-hopper-went-movies/>
    <ragnar-kjartansson-interview-like-joke-people-hate-art/>
    <banksy-confirms-responsible-new-mural-hull/>
    <manchester-gallerys-nymphs-fiasco-need-stop-arts-new-puritans/>
    <election-artist-cornelia-parker-country-almighty-mess/>
    <artist-explorer-collector-mark-dion-gives-jessie-burton-author/>
    <obama-portrait-painterkehinde-wileys-past-work-depicted-black/>
    <charles-saatchis-great-masterpieces-matisse-made-flatness-fabulous/>
    <rachel-howard-interview-thought-damien-hirst-just-cocky-northerner/>
    <brixton-put-smile-young-van-goghs-face/>
    <crucifixion-pablo-picasso-crisis-inspired-year-wonders/>
    <charles-saatchis-great-masterpieces-dress-andfigure-weretoo/>
    <tate/>
    <personal-attack-tate-director-maria-balshaw-shows-women-power/>
    <charles-saatchis-great-masterpieces-giorgio-de-chiricos-dreamscapes/>
    <fascinatingly-strange-paintings-forgotten-artist-suzanne-cooper/>
    <fgfdg/>
    <charles-saatchis-great-masterpieces-family-scene-act-rebellion/>
    <diaries-reveal-henry-moore-made-tate-rule-barbara-hepworth/>
    <henry-moore-quite-happy-rubbish-rivals-did-barbara-hepworth/>
    <damien-hirsts-latest-spot-paintings-exactly-like-peoples-story/>
    <design/>
    <tracey-emin-sexually-assaulted-famous-female-artist/>
    <gillian-ayres-wacky-intense-art-teacher-like-no/>
    <oil-paints-ipad-disabled-artist-using-technology-prolong-career/>
    <royal-academy-250-inside-sir-david-chipperfields-new-56-million/>
    <story-behind-rodins-monument-secret-mistress/>
    <charles-saatchis-great-masterpiecesjan-van-eycksproject-mostblatant/>
    <rodin-art-ancient-greece-british-museum-review-sculpture-superstars/>
    <turner-prize-shortlist-political-date/>
    <charles-saatchis-great-masterpieces-toulouse-lautrec-conjured/>
    <naked-ape-authordesmond-morris-leads-adouble-life-surrealisms/>
    <charles-saatchis-great-masterpieces-george-groszs-furious-vitriolic/>
    <asterix-freedom-fighter-conquered-world/>
    <refreshing-new-view-artistedward-bawden-man-shared-home/>
    <submitted-picture-tony-hart-good-company-did-david-shrigley/>
    <british-architect-will-alsop-dies-aged-70-following-short-illness/>
    <david-hockney-auction-record-broken-twice-paintings-fetch-almost/>
    <william-boyd-genius-antony-gormley/>
    <rapper-diddy-pays-21m-kerry-james-marshall-painting-amid-record/>
    <turner-constable-frazier-ali-art-fight-tate-britain/>
    <prudish-aussie-supermarket-halts-spencer-tunick-nude-shoot/>
    <robyn-denny-rebellious-sixties-artist-eye-abstract-disappeared/>
    <christo-artists-greatest-works-pictures/>
    <meet-artist-making-millions-sculptures-can-barely-see/>
    <peter-blake-interview-liquid-brain-running-nose/>
    <rembrandt-west-brom-happened-football-team-hired-artist-in-residence/>
    <gala-dali-painters-demon-bride-wicked-misunderstood/>
    <gainsborough-rediscovering-radical-sideof-britains-greatest/>
    <christian-marclays-clock-story-behind-art-worlds-viral-video/>
    <rediscovering-mantegna-bellini-renaissance-arts-odd-couple/>
    <do-spot-next-damien-hirst/>
    <deadpan-wit-self-deprecation-alastair-sooke-david-shrigley-frieze/>
    <d/>
    <worst-painting-history-story-behind-dogs-playing-poker/>
    <did-andy-warhol-fall-grace-1980s/>
    <internets-haunted-paintingthe-bizarre-story-behind-hands-resist/>
    <rachel-maclean-interview-fear-women-make-jokes-going-start-laughing/>
    <arts-quiet-american-richard-pousette-dart-forgotten-man-abstract/>
    <michelangelos-lost-bronzes-arent-just-thrilling-discovery/>
    <hockney/>
    <david-hockneys-70-million-record-shows-still-value-art-tells/>
    <forget-tolstoy-turners-war-peace-dazzled/>
    <norman-ackroyd-interview-acid-free-etching-like-alcohol-free/>
    <best-worst-exhibitions-2018-did-artists-become-bland-boring/>
    <artspeak-impenetrable-art-trying-explain/>
    <jeff-koons-interview-studio-arts-greatest-showman/>
    <jay-maisel-photographer-won-43m-property-jackpot/>
    <bath-mrs-bonnard-painters-difficult-marriage-inspired-spellbinding/>
    <never-mind-game-thrones-andy-warhol-ate-burger-stole-super-bowl/>
    <mohammed-sami-making-art-baghdad-used-paint-machine-gun-beside/>
    <work-meals-sex-untold-story-picassos-early-years/>
    <obsessed-selfies-overshare-rembrandt-first-original-instagrammer/>
    <karl-ove-knausgaard-fell-love-haunting-art-edvard-munch/>
    <meet-mimma-rotella-erotically-advanced-artist-italy/>
    <love-books-holy-van-gogh-lost-shakespeare-dickens/>
    <behind-nan-goldins-war-drugs/>
    <artist-sean-scully-trying-beat-matisse-cant-stand-warhol-hate/>
    <chantal-joffe-interview-spend-30-years-working-life-everything/>
    <keith-haring-wolf-sheeps-clothing-art-world/>
    <robots-can-now-paint-portraits-write-symphonies-good/>
    <lincoln-townley-interview-soho-lots-friends-prostitutes-had/>
    <eliot-hodgkin-artist-found-beauty-brussels-sprout/>
    <leonardo-da-vinci-met-death-dissected-corpses-embryos-hearts/>
    <photographer-stephen-shore-interview-instagram-andy-warhol-america/>
    <luchita-hurtado-interview-98-year-old-art-world-sensation-love/>
    <overpriced-obvious-ubiquitous-point-banksy/>
    <laszlo-moholy-nagy-godfather-conceptual-art/>
    <painting-saved-frank-bowlings-life/>
    <d-day-painters-eyes-remembering-albert-richards-youngest-war/>
    <last-days-lino-humble-floor-covering-ruled-british-art-world/>
    <_x0032_019-bp-portrait-award-announced-amid-sponsorship-controversy/>
    <peter-max-fraud-fakery-tragic-fall-pop-art-superstar/>
    <bridget-riley-nature-inspired-op-art-masterpieces-growing-no/>
    <helen-schjerfbeck-tragic-lovelorn-genius-finlands-favourite/>
    <olafur-eliasson-interview-idea-can-happiest-person-world-dreadful/>
    <fff/>
    <art-world-britain-like-sick-patient-still-active-unaware-mortal/>
    <asdas/>
    <ubiquitous-zimmerlinde-overbearing-weeds-lucian-freuds-paintings/>
    <designer-es-devlin-working-beyonce-elitism-new-mind-palace/>
    <paul-gauguin-went-wild-brittany/>
    <cimabue-artist-behind-newly-discovered-masterpiece/>
    <rembrandt-alive-today-would-cinematographer/>
    <banksy-isnt-genius-hack-fans-butt-joke/>
    <banksy-isnt-genius-hack-fans-butt-joke1/>
    <man-taught-david-hockney-let-hair/>
    <james-turrells-volcanic-masterpiece-trip-inside-crater-kanye/>
    <michelangelos-cheese-lucian-freuds-nose-secrets-artists-letters/>
    <privates-parade-brief-wondrous-life-codpiece/>
    <simon-callow-michelangelo-heroic-toiler-human-race/>
    <ff/>
    <art-goes-ape-congo-chimp-conquered-art-world/>
    <gaby-woods-decade-books-paperback-survived-stories-vanished/>
    <alastair-sookes-art-decade-old-masters-drew-crowds-art-got-woke/>
    <a/>
    <john-baldessari-great-satirist-modern-art-establishment-deserved/>
    <soaring-talent-tullio-crali-futurist-painter-defied-nazis/>
    <pauline-boty-forgotten-artist-gave-christine-keeler-story/>
    <grayson-perry-laughter-joy-profound-pseudo-political-woke-b/>
    <tracy-chevalier-unsung-heroine-british-textiles-taught-shell/>
    <hedda-sterne-forgotten-girl-photograph-rejected-fame-fortune/>
    <clunky-computers-tiktok-video-art-took-world/>
    <linder-interview-pornography-used-beautiful-now-like-spotify/>
    <washington-trump-do-us-presidents-sit-portraits/>
    <many-insane-people-nothing-say-warhols-superstars-life-factory/>
    <test-composite/>
    <sonia-boyce-first-black-woman-represent-britain-venice-biennale/>
    <artist-james-turrell-wisdom-kanye-west-volcano-has-cost-two/>
    <michelangelo-birkenhead-ron-gittins-turned-dingy-flat-two-storey/>
    <fffefe/>
    <dnp-billy-connolly/>
    <billy-connolly-art-revealing-like-flasher-park/>
    <sarah-lucas-interviewi-finally-feel-like-getting-old-now-go/>
    <cecil-beaton-asked-write-biography-three-days-died/>
    <learn-make-art-self-isolation-lockdown-tips-artists-beginners/>
    <murder-dolls-house/>
    <museum-guards-day/>
    <banksys-generous-heartfelt-work-yet/>
    <rooms-view-windows-have-long-inspired-spectacular-art/>
    <bambi-gay-icon-artists-depicting-chris-whitty/>
    <damien-hirst-interviewdeath-snapchat-democratization-art/>
    <mad-girl-has-science-solved-riddle-vermeers-masterpiece/>
    <damien-hirst-interview-got-e-a-level-art-just-wanted-throw-paint/>
    <banksys-latest-artwork-peddles-mawkish-fantasy-nhs/>
    <dali-dinner-great-artists-can-pep-cooking/>
    <watch-david-hockneys-exclusive-video-art-telegraph-magazine/>
    <anish-kapoor-interview-can-bit-paint-canvas-worth-50million/>
    <surprising-object-secret-key-lowrys-paintings/>
    <bought-old-address-book-ebay-realised-belonged-picassos-weeping/>
    <raphael-artistic-god-purveyor-kitsch/>
    <neil-buchanan-art-attack-china-can-nurture-childrens-creativity/>
    <royal-academy-president-rebecca-salter-dont-understand-men-feel/>
    <twitter-has-corrupted-liberal-media-cartoonist-steve-bells/>
    <rembrandt-hunter-meet-dutch-dealer-shaking-art-world/>
    <inside-chinas-sinister-battle-quash-hong-kongs-artists/>
    <hh/>
    <mystery-sir-winston-churchills-paintings-finally-solved/>
    <sell-michelangelo-royal-academy-will-cross-line/>
    <art-galleries-shouldnt-afraid-evil-symbols-public-dont-need/>
    <art-fund-director-jenny-waldman-future-museums-financial-model/>
    <jmw-turner-duncan-grant-secret-networks-hid-obscene-work-censors/>
    <keep-calm-carry-die-did-cult-art-project-inspire-governments/>
    <blue-chips-londons-art-elite-coping-covid/>
    <tracey-emin-diagnosis-mother-died-cancer-didnt-think-have/>
    <painting-childhood-chantal-joffe-has-captured-mine/>
    <tracey-emin-mother-died-cancer/>
    <helmut-newtons-work-isnt-misogynistic-kind-sexy-risk-taking/>
    <whole-business-model-crashed-dulwich-picture-gallery-faces-lockdown/>
    <restrictions-have-pretty-disastrous-next-great-art-galleries/>
    <culture-fix-jazz-henri-matisse/>
    <public-art-dumbed-made-ugly-right-thinking-elite/>
    <maggi-hamblings-career-proves-brits-prefer-colourful-eccentrics/>
    <history-shows-us-naked-truth-british-public-art-always-assailed/>
    <wont-british-museum-return-benin-bronzes/>
    <hunter-s-thompson-rude-ralph-steadmans-life-ink/>
    <did-joseph-wright-derby-value-sentiment-science/>
    <alien-artefact-sculptural-homage-has-mystery-utahs-monolith/>
    <survival-can-tate-galleries-survive-era-mass-covid-fear/>
    <galleries-safe-visitors-need-feel-can-royal-academy-survive/>
    <tate-britains-racist-mural-nothing-sort-have-lost-sense-nuance/>
    <museums-need-focus-artistic-quality-not-twitter-pleasing-identity/>
    <art-teaches-empathy-no-wonder-cancel-culture-coincided-year/>
    <adding-colonialism-disclaimer-rorkes-drift-insult-free-educated/>
    <even-queen-has-lost-curator-britains-art-world-giving-expertise/>
    <make-notes-time-artists-jonathan-yeo-cornelia-parker-find-inspiration/>
    <art-insurrection-us-capitols-paintings-tell-us-pro-trump-mob/>
    <champagne-bacon-bar-giant-british-art/>
    <dealing-death-leonora-carrington-tarot-cards-british-surrealist/>
    <photographer-gatecrasher-new-wave-pioneer-large-life-ruth-orkin/>
    <record-botticelli-sale-shows-super-rich-superficial-ever/>
    <meghan-pre-raphaelite-art-history-behind-sussexes-pregnancy/>
    <could-become-art-detective-identify-lost-van-dyck/>
    <sir-nicholas-kenyon-arts-can-lead-way-stimulating-recovery/>
    <next-art-boom-drawing-experts-fight-back-reborn-party-scene/>
    <inside-story-extraordinary-art-heist-christ-church-oxford/>
    <neither-beeples-60-million-jpg-nor-nft-art-craze-should-taken/>
    <british-art-campaign-trying-halt-snuffing-culture/>
    <beeple-baffling-rise-digital-arts-69m-superstar/>
    <mike-leigh-cartoonist-taught-capture-humanity/>
    <arts-can-help-us-understand-lives-lockdown/>
    <bought-antony-gormley-do-actually/>
    <great-art-not-therapeutic-better/>
    <banknote/>
    <like-jigsaw-puzzle-new-50-alan-turing-banknote-made/>
    <deaccessioning-museums-selling-valuable-treasures/>
    <satan-shoes-rubber-chicken-bongs-meet-mysterious-art-collective/>
    <irans-secret-billion-dollar-art-collection/>
    <banning-offensive-words-scrabble-sinister-counterproductive/>
    <leonardo-hunky-male-meghan-tv-never-gets-great-artists-right/>
    <great-art-can-help-travel-time/>
    <laughable-laudable-george-w-bushs-strange-artistic-second-act/>
    <goya-created-horror-have-thank-hollywoods-nightmares/>
    <science-museum-must-resist-patronising-nonsense-climate-change/>
    <couturier-graeme-black-swapped-high-end-fashion-paintings-yorkshire/>
    <meme-masterpiece-inside-art-worlds-ludicrous-nft-gold-rush/>
    <green-helmets-flushed-cheeks-second-world-war-colour/>
    <turner-prize-has-become-anti-artistic-politicised-basket-case/>
    <maria-balshaw-head-tate-galleries-audience-hasnt-changed-enough/>
    <represent-kind-evil-artist-matthew-barney-four-years-filming/>
    <photographic-pioneer-went-war-ghana-swinging-london/>
    <inflatable-clowns-art-post-welcome-future-sculpture/>
    <museums-bent-decolonisation-expense-showing-us-beauty/>
    <necrophiliacs-dancing-bears-meet-wild-artists-society-dilettanti/>
    <england-vs-catholicism-art-theft-doom-mary-queen-scots/>
    <holbeins-greatest-talent-wasnt-accuracy-mockery/>
    <horses-skulls-flaming-tar-weird-world-british-local-rituals/>
    <andrew-marr-interview-painting-feel-complete-no-bbc-line-follow/>
    <art-prizes-dead-today-gold-stars-everyone/>
    <royal-academy-has-abandoned-free-speech-placate-mob-history/>
    <jess-de-wahls-cancelled-royal-academy-wrong-day-one/>
    <todays-craven-arts-world-free-speech-shown-contempt-one-exception/>
    <propaganda-made-fun-meet-poster-artist-cheered-post-war-britain/>
    <michelangelo-goes-viral-museums-gambling-tiktok/>
    <sophie-taeuber-arp-escape-nazis-led-terrible-tragedy/>
    <public-art-must-involve-people-not-thrust-upon/>
    <david-ross-642m-man-owning-ed-stone-bought-hockney-painting/>
    <mao-just-bit-hipster-liberals-fell-love-genocidal-dictator/>
    <robin-monotti-anti-lockdown-architect-helped-eric-clapton-find/>
    <will-taliban-destroy-afghanistans-priceless-treasures/>
    <art-schools-hotbeds-fanatical-activism-wrong/>
    <helen-frankenthaler-watercolour-ate-art-world/>
    <can-help-find-christine-keeler-portrait/>
    <thanks-aoc-protest-art-patronising-schmaltz-tired/>
    <little-pony-national-gallery-stop-infantile-nonsense/>
    <looting-dummy-headline/>
    <looted-art-experts-looking-wrong-places/>
    <traumatised-flesh-crimson-lipstick-meet-british-arts-bad-girls/>
    <love-letter-one-britains-best-kept-secrets/>
    <hurvin-anderson-people-came-better-life-not-sure-found/>
    <ansel-adams-let-hair/>
    <boriss-brushwork-tells-us-fine-art-painting-holiday/>
    <constables-apocalypse-can-teach-us-mysteries-late-style/>
    <chris-levine-photographing-queen-left-just-lay-floor/>
    <marilyn-stafford-photographer-captured-edith-piaf-albert-einstein/>
    <anti-woke-rebellion-has-begun-arts-have-bigger-problem/>
    <walt-disneys-passion-rococo-art-inspired-greatest-films/>
    <georg-baselitz-interview-wanted-make-nasty-pictures-still/>
    <ai-weiwei-early-years-america-new-york-destroyed-illusions/>
    <spacemen-apes-nfts-turning-art-dangerous-joke/>
    <hitler-row-andrew-graham-dixon-said-cambridge-union/>
    <badiucao-chinese-banksy-not-going-change-show-even-rains-knives/>
    <revolutions-royal-romances-turbulent-history-faberge-eggs/>
    <grateful-small-mercies-least-years-turner-prize-winners-artists/>
    <alison-jackson-interview-work-shows-slimy-deceitful-medium-photography/>
    <racist-disgusting-lucrative-inside-hateful-empty-world-nft-art/>
    <vera-lynn-really-like-behind-closed-doors/>
    <purge-museums-goose-stepping-politicians-waging-war-arts-poland/>
    <outsider-art-mental-illness/>
    <making-grown-up-films-ditching-white-wine-woman-arts-should/>
    <like-not-banksy-rules-art-worlds-political-roost/>
    <cold-war-mission-get-francis-bacon-moscow/>
    <saul-leiter-found-dreamland-doorstep/>
    <ai-weiwei-obvious-covid-not-natural-disease-something-leaked/>
</jcr:root>
