<?xml version="1.0" encoding="UTF-8"?>
<jcr:root xmlns:sling="http://sling.apache.org/jcr/sling/1.0" xmlns:cq="http://www.day.com/jcr/cq/1.0" xmlns:jcr="http://www.jcp.org/jcr/1.0" xmlns:mix="http://www.jcp.org/jcr/mix/1.0" xmlns:nt="http://www.jcp.org/jcr/nt/1.0"
    jcr:primaryType="cq:Page">
    <jcr:content
        cq:designPath="/etc/designs/telegraph/core"
        cq:lastModified="{Date}2021-12-21T22:51:19.355Z"
        cq:lastModifiedBy="hoskingj"
        cq:tags="[structure:politics,structure:news,structure:news/uk-news]"
        cq:template="/apps/telegraph/core/commons/templates/articleTemplate"
        jcr:isCheckedOut="{Boolean}true"
        jcr:mixinTypes="[mix:versionable]"
        jcr:primaryType="cq:PageContent"
        jcr:title="COPY OF *TEMPLATE DO NOT DELETE* -- Politics latest news: xxx"
        jcr:uuid="dc73b989-6c81-4cd3-b263-74985dbbeec7"
        sling:resourceType="telegraph/core/commons/renderers/articleRenderer"
        articleType="live"
        authoringUniqueId="83056e20-62b0-11ec-8c59-06813a5dfefa"
        commentingOn="{Boolean}true"
        evergreen="{Boolean}false"
        headlineAndUrlAreLinked="{Boolean}true"
        holdStatus="{Boolean}false"
        isLive="{Boolean}true"
        liveStreamEnabled="{Boolean}true"
        originalStoryId="eab1a42c-753c-11eb-b644-06813a5dfefa"
        pageId="AyQfW0fk0Kj6"
        premiumContent="{Boolean}true"
        premiumStatusOverride="{Boolean}false"
        refreshInterval="{Long}30"
        transformedDate="{Date}2022-03-07T11:26:04.104Z"
        transformedState="A2-TO-A3">
        <content
            jcr:primaryType="nt:unstructured"
            sling:resourceType="telegraph/core/commons/components/article">
            <social
                jcr:primaryType="nt:unstructured"
                sling:resourceType="telegraph/core/commons/components/socialSharing/v1/socialSharing"
                autoCloneDisabled="false"
                facebookShareEnable="true"
                iconOrdering="[Facebook,Twitter]"
                pluginJson="\{}"
                socialCounters="inherit"
                stickyDisabled="true"
                twitterShareEnable="true"/>
            <headline
                jcr:primaryType="nt:unstructured"
                sling:resourceType="telegraph/core/commons/components/headline/v1/headline"
                headline="COPY OF *TEMPLATE DO NOT DELETE* -- Politics latest news: xxx"/>
            <standfirst
                jcr:primaryType="nt:unstructured"
                sling:resourceType="telegraph/core/commons/components/standfirst/v1/standfirst"/>
            <authorPath
                jcr:primaryType="nt:unstructured"
                sling:resourceType="telegraph/core/commons/components/byline/v1/byline"/>
            <articleDate
                jcr:primaryType="nt:unstructured"
                sling:resourceType="telegraph/core/commons/components/articleDate/v1/articleDate"/>
            <paragraph
                jcr:primaryType="nt:unstructured"
                sling:resourceType="telegraph/core/commons/components/paragraph">
                <par
                    jcr:primaryType="nt:unstructured"
                    sling:resourceType="foundation/components/parsys">
                    <component
                        jcr:primaryType="nt:unstructured"
                        sling:resourceType="telegraph/core/commons/components/articleBodyText/v1/articleBodyText"
                        articleBodyText="&lt;ul>&#xa;&#x9;&lt;li>&amp;nbsp;&lt;/li>&#xa;&#x9;&lt;li>&amp;nbsp;&lt;/li>&#xa;&#x9;&lt;li>&amp;nbsp;&lt;/li>&#xa;&#x9;&lt;li>&amp;nbsp;&lt;/li>&#xa;&#x9;&lt;li>&amp;nbsp;&lt;/li>&#xa;&lt;/ul>&#xa;&lt;p>x&lt;/p>&#xa;&lt;p>x&lt;/p>&#xa;&lt;p>x&lt;/p>&#xa;&lt;p>x&lt;/p>&#xa;&lt;p>&lt;strong>​​Follow the latest updates below.&lt;/strong>&lt;/p>"
                        dropCap="true"/>
                </par>
            </paragraph>
            <tagContent
                jcr:primaryType="nt:unstructured"
                sling:resourceType="telegraph/core/commons/components/paragraph">
                <par
                    jcr:primaryType="nt:unstructured"
                    sling:resourceType="foundation/components/parsys"/>
            </tagContent>
            <tagContentBottom
                jcr:primaryType="nt:unstructured"
                sling:resourceType="telegraph/core/commons/components/paragraph">
                <par
                    jcr:primaryType="nt:unstructured"
                    sling:resourceType="foundation/components/parsys">
                    <listOfTags
                        jcr:primaryType="nt:unstructured"
                        sling:resourceType="telegraph/core/commons/components/listOfTags/v1/listOfTags"
                        heading="Related Topics"
                        limit="20"
                        showPageTags="true"/>
                </par>
            </tagContentBottom>
            <comment
                jcr:primaryType="nt:unstructured"
                sling:resourceType="telegraph/core/commons/components/comment/v1/comment"/>
        </content>
        <articlehero
            jcr:primaryType="nt:unstructured"
            sling:resourceType="foundation/components/parsys">
            <leadAsset
                jcr:primaryType="nt:unstructured"
                sling:resourceType="telegraph/core/commons/components/leadAsset/v1/leadAsset"
                disableLazyLoad="{Boolean}false"
                layout="small">
                <image
                    jcr:primaryType="nt:unstructured"
                    sling:resourceType="foundation/components/image"/>
            </leadAsset>
        </articlehero>
    </jcr:content>
</jcr:root>
