<?xml version="1.0" encoding="UTF-8"?>
<jcr:root xmlns:cq="http://www.day.com/jcr/cq/1.0" xmlns:jcr="http://www.jcp.org/jcr/1.0"
    jcr:primaryType="cq:Page">
    <jcr:content/>
    <ski-holiday-costs-downhill-slope-prices-20pc-cheaper-last-year/>
    <highway-code-revisions-make-rear-end-crashes-likely-warns-aa/>
    <dont-use-john-simpson-never-seen-afghanistan-desperate-today/>
    <paris-no-longer-city-culture-city-despair/>
    <saturday-morning-uk-news-briefing-todays-top-headlines-telegraph2/>
    <emma-raducanu-creeped-stalker-visits/>
    <storm-malik-met-office-warns-danger-life-today-80mph-gusts-blow/>
    <problems-stem-useless-civil-service-prefer-blame-ministers/>
    <pms-rule-breaking-has-become-pressing-moral-question-battle/>
    <jk-rowlings-second-rate-critics-should-thanking-not-trying-cancel/>
    <problem-gambling-higher-serving-raf-personnel/>
    <prioritising-animals-humans-evacuation-afghanistan-disgusting/>
    <time-ticks-away-antique-clocks-specialist-repairers-dwindle/>
    <deadly-victorian-diseases-rise/>
    <deaths-people-whose-medical-care-disrupted-quadrupled-first/>
    <discovery-will-teleport-beijing-olympics-athletes-uk-studio/>
    <china-may-using-interpol-target-dissidents-political-opponents/>
    <saint-jacinda-has-made-controlling-covid-iron-fisted-moral-mission/>
    <sad-ending-cabbage-kidnapped-collie-saved-dognappers/>
    <covid-times-dostoevsky-resonating-readers/>
    <american-actor-restoring-downton-shabby-uncovers-castles-grisly/>
    <britain-ramps-firepower-deter-russian-invasion/>
    <equalities-watchdog-warns-genuine-public-concern-trans-rights/>
    <far-flung-free-health-insurance-scheme-cards-uk-travellers/>
    <putin-wrong-thinks-aggression-ukraine-will-make-nato-pull-back/>
    <children-aged-seven-taught-not-racially-innocent/>
    <x/>
    <greece-renews-calls-elgin-marbles-return-now-perfect-replicas/>
    <storm-malik-corrie-weather-roads-travel-latest/>
</jcr:root>
