<?xml version="1.0" encoding="UTF-8"?>
<jcr:root xmlns:sling="http://sling.apache.org/jcr/sling/1.0" xmlns:cq="http://www.day.com/jcr/cq/1.0" xmlns:jcr="http://www.jcp.org/jcr/1.0" xmlns:mix="http://www.jcp.org/jcr/mix/1.0" xmlns:nt="http://www.jcp.org/jcr/nt/1.0"
    jcr:primaryType="cq:Page">
    <articles/>
    <hotels/>
    <braunton/>
    <clovelly/>
    <tavistock/>
    <welcombe/>
    <dartmoor/>
    <salcombe/>
    <exeter/>
    <torquay/>
    <sidmouth/>
    <totnes/>
    <galleries/>
    <application/>
    <plymouth/>
    <dartmouth/>
    <exmouth/>
    <jcr:content
        cq:designPath="/etc/designs/telegraph/core"
        cq:lastModified="{Date}2022-03-16T20:28:44.967Z"
        cq:lastModifiedBy="mulvihill"
        cq:lastReplicated="{Date}2022-03-16T20:28:56.421Z"
        cq:lastReplicatedBy="mulvihill"
        cq:lastReplicationAction="Activate"
        cq:tags="[structure:travel/festivals-and-events,topics:places/europe,structure:travel/nightlife,structure:travel/holidays,topics:places/united-kingdom,structure:travel/hotels,topics:places/devon,topics:places/england,structure:travel/tours,structure:travel/restaurants,structure:travel/attractions,structure:travel,structure:travel/city-breaks,structure:travel/beach-holidays]"
        cq:template="/apps/telegraph/core/commons/templates/indexTemplate"
        jcr:isCheckedOut="{Boolean}true"
        jcr:mixinTypes="[mix:referenceable,mix:versionable]"
        jcr:primaryType="cq:PageContent"
        jcr:title="Devon"
        jcr:uuid="cc593edb-4ed6-4264-9b47-22545badb890"
        sling:resourceType="telegraph/core/commons/renderers/indexRenderer"
        conceptIds="[kJv4VN2bVyS]"
        concepts="\{&quot;label&quot;:&quot;Devon (England) [Place]&quot;,&quot;id&quot;:&quot;kJv4VN2bVyS&quot;}"
        isADestination="{Boolean}true"
        migratedFromHubTemplate="{Boolean}true"
        pageHeading="Devon"
        pageId="AlM39MzrBWxg"
        pageTitle="Devon | Telegraph Travel"
        publicationDateOverride="{Date}2017-06-28T12:39:00.000+01:00"
        publicUrl="https://www.telegraph.co.uk/travel/destinations/europe/united-kingdom/england/devon/"
        tmgLastActivationDate="{Date}2022-03-16T20:28:56.550Z"
        transformedDate="{Date}2022-02-04T15:05:11.221Z"
        transformedSource="Hub">
        <par
            jcr:primaryType="nt:unstructured"
            sling:resourceType="foundation/components/parsys">
            <articlelistcurated
                jcr:created="{Date}2022-02-24T16:00:38.974Z"
                jcr:createdBy="spaughtona"
                jcr:lastModified="{Date}2022-02-24T16:00:48.759Z"
                jcr:lastModifiedBy="spaughtona"
                jcr:primaryType="nt:unstructured"
                sling:resourceType="telegraph/core/commons/components/articleListCurated"
                hideByline="none"
                hideDates="{Boolean}true"
                layout="hero">
                <curatedParsys
                    jcr:primaryType="nt:unstructured"
                    sling:resourceType="foundation/components/parsys">
                    <articlelistcard_2054160396
                        jcr:created="{Date}2022-02-24T16:01:05.258Z"
                        jcr:createdBy="spaughtona"
                        jcr:lastModified="{Date}2022-02-24T16:03:00.408Z"
                        jcr:lastModifiedBy="spaughtona"
                        jcr:primaryType="nt:unstructured"
                        sling:resourceType="telegraph/core/commons/components/articleListCard"
                        droppedPagePath="WaitingForDrop"
                        pagePath="/content/telegraph/travel/destinations/europe/united-kingdom/england/devon/articles/devon-insider-guide"/>
                    <articlelistcard_2084168187
                        jcr:created="{Date}2022-02-24T16:01:08.010Z"
                        jcr:createdBy="spaughtona"
                        jcr:lastModified="{Date}2022-02-24T16:06:09.039Z"
                        jcr:lastModifiedBy="spaughtona"
                        jcr:primaryType="nt:unstructured"
                        sling:resourceType="telegraph/core/commons/components/articleListCard"
                        droppedPagePath="WaitingForDrop"
                        pagePath="/content/telegraph/travel/destinations/europe/united-kingdom/england/devon/articles/devon-restaurants"/>
                    <articlelistcard_1713992316
                        jcr:created="{Date}2022-02-24T16:01:11.019Z"
                        jcr:createdBy="spaughtona"
                        jcr:lastModified="{Date}2022-02-24T16:06:39.081Z"
                        jcr:lastModifiedBy="spaughtona"
                        jcr:primaryType="nt:unstructured"
                        sling:resourceType="telegraph/core/commons/components/articleListCard"
                        droppedPagePath="WaitingForDrop"
                        pagePath="/content/telegraph/travel/destinations/europe/united-kingdom/england/devon/articles/things-to-do-in-devon"/>
                    <articlelistcard_682338320
                        jcr:created="{Date}2022-02-24T16:01:15.420Z"
                        jcr:createdBy="spaughtona"
                        jcr:lastModified="{Date}2022-02-24T16:07:02.617Z"
                        jcr:lastModifiedBy="spaughtona"
                        jcr:primaryType="nt:unstructured"
                        sling:resourceType="telegraph/core/commons/components/articleListCard"
                        droppedPagePath="WaitingForDrop"
                        pagePath="/content/telegraph/travel/destinations/europe/united-kingdom/england/devon/articles/devon-beaches"/>
                    <articlelistcard_821348060
                        jcr:created="{Date}2022-02-24T16:01:17.859Z"
                        jcr:createdBy="spaughtona"
                        jcr:lastModified="{Date}2022-02-24T16:07:40.253Z"
                        jcr:lastModifiedBy="spaughtona"
                        jcr:primaryType="nt:unstructured"
                        sling:resourceType="telegraph/core/commons/components/articleListCard"
                        droppedPagePath="WaitingForDrop"
                        pagePath="/content/telegraph/travel/destinations/europe/united-kingdom/england/devon/articles/devon-nightlife"/>
                    <articlelistcard_1978664322
                        jcr:created="{Date}2022-02-24T16:01:20.208Z"
                        jcr:createdBy="spaughtona"
                        jcr:lastModified="{Date}2022-02-24T16:19:32.230Z"
                        jcr:lastModifiedBy="spaughtona"
                        jcr:primaryType="nt:unstructured"
                        sling:resourceType="telegraph/core/commons/components/articleListCard"
                        droppedPagePath="WaitingForDrop"
                        pagePath="/content/telegraph/travel/destinations/europe/united-kingdom/england/devon/articles/devon-cream-tea"/>
                    <articlelistcard
                        jcr:created="{Date}2022-02-24T16:01:01.939Z"
                        jcr:createdBy="spaughtona"
                        jcr:lastModified="{Date}2022-02-24T16:20:50.592Z"
                        jcr:lastModifiedBy="spaughtona"
                        jcr:primaryType="nt:unstructured"
                        sling:resourceType="telegraph/core/commons/components/articleListCard"
                        cardHeadline="The best hotels in Devon"
                        pagePath="/content/telegraph/travel/destinations/europe/united-kingdom/england/devon/hotels/">
                        <image
                            jcr:lastModified="{Date}2022-02-24T16:20:50.592Z"
                            jcr:lastModifiedBy="spaughtona"
                            jcr:primaryType="nt:unstructured"/>
                    </articlelistcard>
                </curatedParsys>
            </articlelistcurated>
            <articlelist_2
                jcr:primaryType="nt:unstructured"
                sling:resourceType="telegraph/core/commons/components/articleList"
                excludeOperator="OR"
                excludeTags="[structure:travel/news,storytype:guide,structure:blacklist]"
                hideByline="none"
                hideStandfirst="{Boolean}false"
                includeOperator="AND"
                includeTags="[topics:places/devon,structure:travel]"
                layout="four-col"
                layoutCenterAligned="false"
                limit="{Long}4"
                offset="{Long}2"
                orderByDirection="desc"
                pageType="article"/>
            <articlelistcurated_788687887
                jcr:created="{Date}2022-02-24T16:21:15.658Z"
                jcr:createdBy="spaughtona"
                jcr:lastModified="{Date}2022-02-24T16:21:37.857Z"
                jcr:lastModifiedBy="spaughtona"
                jcr:primaryType="nt:unstructured"
                sling:resourceType="telegraph/core/commons/components/articleListCurated"
                hideByline="none"
                hideDates="{Boolean}true"
                layout="six-col"
                title="Where to stay in Devon">
                <curatedParsys
                    jcr:primaryType="nt:unstructured"
                    sling:resourceType="foundation/components/parsys">
                    <articlelistcard_870033603
                        jcr:created="{Date}2022-02-24T16:22:02.281Z"
                        jcr:createdBy="spaughtona"
                        jcr:lastModified="{Date}2022-02-24T16:27:49.475Z"
                        jcr:lastModifiedBy="spaughtona"
                        jcr:primaryType="nt:unstructured"
                        sling:resourceType="telegraph/core/commons/components/articleListCard"
                        droppedPagePath="WaitingForDrop"
                        pagePath="/content/telegraph/travel/destinations/europe/united-kingdom/england/devon/articles/best-luxury-hotels-devon"/>
                    <articlelistcard_1492986533
                        jcr:created="{Date}2022-02-24T16:22:05.350Z"
                        jcr:createdBy="spaughtona"
                        jcr:lastModified="{Date}2022-02-24T16:29:16.370Z"
                        jcr:lastModifiedBy="spaughtona"
                        jcr:primaryType="nt:unstructured"
                        sling:resourceType="telegraph/core/commons/components/articleListCard"
                        droppedPagePath="WaitingForDrop"
                        pagePath="/content/telegraph/travel/destinations/europe/united-kingdom/england/devon/articles/the-best-spa-hotels-in-devon"/>
                    <articlelistcard_666575524
                        jcr:created="{Date}2022-02-24T16:22:08.084Z"
                        jcr:createdBy="spaughtona"
                        jcr:lastModified="{Date}2022-02-24T16:29:47.978Z"
                        jcr:lastModifiedBy="spaughtona"
                        jcr:primaryType="nt:unstructured"
                        sling:resourceType="telegraph/core/commons/components/articleListCard"
                        droppedPagePath="WaitingForDrop"
                        pagePath="/content/telegraph/travel/destinations/europe/united-kingdom/england/devon/articles/best-boutique-hotels-in-devon"/>
                    <articlelistcard_81302072
                        jcr:created="{Date}2022-02-24T16:22:09.735Z"
                        jcr:createdBy="spaughtona"
                        jcr:lastModified="{Date}2022-02-24T16:30:20.064Z"
                        jcr:lastModifiedBy="spaughtona"
                        jcr:primaryType="nt:unstructured"
                        sling:resourceType="telegraph/core/commons/components/articleListCard"
                        droppedPagePath="WaitingForDrop"
                        pagePath="/content/telegraph/travel/destinations/europe/united-kingdom/england/devon/articles/best-family-friendly-devon-hotels"/>
                    <articlelistcard_905626005
                        jcr:created="{Date}2022-02-24T16:22:11.925Z"
                        jcr:createdBy="spaughtona"
                        jcr:lastModified="{Date}2022-02-24T16:30:37.446Z"
                        jcr:lastModifiedBy="spaughtona"
                        jcr:primaryType="nt:unstructured"
                        sling:resourceType="telegraph/core/commons/components/articleListCard"
                        droppedPagePath="WaitingForDrop"
                        pagePath="/content/telegraph/travel/destinations/europe/united-kingdom/england/devon/articles/best-hotels-in-north-devon"/>
                    <articlelistcard
                        jcr:created="{Date}2022-02-24T16:21:59.192Z"
                        jcr:createdBy="spaughtona"
                        jcr:lastModified="{Date}2022-02-24T16:31:09.582Z"
                        jcr:lastModifiedBy="spaughtona"
                        jcr:primaryType="nt:unstructured"
                        sling:resourceType="telegraph/core/commons/components/articleListCard"
                        droppedPagePath="WaitingForDrop"
                        pagePath="/content/telegraph/travel/destinations/europe/united-kingdom/england/devon/articles/best-romantic-hotels-in-devon"/>
                </curatedParsys>
            </articlelistcurated_788687887>
            <articlelist_3
                jcr:primaryType="nt:unstructured"
                sling:resourceType="telegraph/core/commons/components/articleList"
                excludeOperator="OR"
                excludeTags="[structure:travel/news,storytype:guide,structure:blacklist]"
                hideByline="none"
                hideStandfirst="{Boolean}false"
                includeOperator="AND"
                includeTags="[topics:places/devon,structure:travel]"
                layout="mpu"
                layoutCenterAligned="false"
                limit="{Long}4"
                offset="{Long}6"
                orderByDirection="desc"
                pageType="article"/>
            <articlelist_4
                jcr:primaryType="nt:unstructured"
                sling:resourceType="telegraph/core/commons/components/articleList"
                excludeOperator="OR"
                excludeTags="[structure:travel/news,storytype:guide,structure:blacklist]"
                hideByline="none"
                hideStandfirst="{Boolean}true"
                includeOperator="AND"
                includeTags="[topics:places/devon,structure:travel]"
                layout="four-col"
                layoutCenterAligned="false"
                limit="{Long}8"
                offset="{Long}10"
                orderByDirection="desc"
                pageType="article"/>
            <articlelist_5
                jcr:primaryType="nt:unstructured"
                sling:resourceType="telegraph/core/commons/components/articleList"
                excludeOperator="OR"
                excludeTags="[structure:travel/news,storytype:guide,structure:blacklist]"
                hideByline="none"
                hideStandfirst="{Boolean}true"
                includeOperator="AND"
                includeTags="[topics:places/devon,structure:travel]"
                layout="two-col"
                layoutCenterAligned="false"
                limit="{Long}2"
                offset="{Long}18"
                orderByDirection="desc"
                pageType="article"/>
            <commercialunit
                jcr:primaryType="nt:unstructured"
                sling:resourceType="telegraph/core/commons/components/commercialUnit"/>
            <articlelist_6
                jcr:primaryType="nt:unstructured"
                sling:resourceType="telegraph/core/commons/components/articleList"
                excludeOperator="OR"
                excludeTags="[structure:travel/news,storytype:guide,structure:blacklist]"
                hideByline="none"
                hideStandfirst="{Boolean}true"
                includeOperator="AND"
                includeTags="[topics:places/devon,structure:travel]"
                layout="four-col"
                layoutCenterAligned="false"
                limit="{Long}8"
                offset="{Long}20"
                orderByDirection="desc"
                pageType="article"/>
            <articlelist_7
                jcr:primaryType="nt:unstructured"
                sling:resourceType="telegraph/core/commons/components/articleList"
                excludeOperator="OR"
                excludeTags="[structure:travel/news,storytype:guide,structure:blacklist]"
                hideByline="none"
                hideStandfirst="{Boolean}true"
                includeOperator="AND"
                includeTags="[topics:places/devon,structure:travel]"
                layout="two-col"
                layoutCenterAligned="false"
                limit="{Long}2"
                offset="{Long}28"
                orderByDirection="desc"
                pageType="article"/>
            <productteaserpack
                jcr:created="{Date}2022-02-24T15:56:25.990Z"
                jcr:createdBy="spaughtona"
                jcr:lastModified="{Date}2022-03-16T20:28:44.951Z"
                jcr:lastModifiedBy="mulvihill"
                jcr:primaryType="nt:unstructured"
                sling:resourceType="telegraph/core/travel/components/productTeaserPack"
                columns="4"
                link="/content/telegraph/travel/destinations/europe/united-kingdom/england/devon/hotels"
                linkLabel="View all hotels"
                linkTitle="More hotels in Devon"
                place="\{&quot;label&quot;:&quot;Devon [State: Devon, Country: England, bloc: United Kingdom, Continent: Europe]&quot;,&quot;id&quot;:&quot;kJv4VN2bVyS&quot;}"
                placeIds="kJv4VN2bVyS"
                rows="1"
                type="travel-entity:hotel"/>
            <articlelist_8
                jcr:primaryType="nt:unstructured"
                sling:resourceType="telegraph/core/commons/components/articleList"
                excludeOperator="OR"
                excludeTags="[structure:travel/news,storytype:guide,structure:blacklist]"
                hideByline="none"
                hideStandfirst="{Boolean}false"
                includeOperator="AND"
                includeTags="[topics:places/devon,structure:travel]"
                layout="mpu"
                layoutCenterAligned="false"
                limit="{Long}4"
                offset="{Long}30"
                orderByDirection="desc"
                pageType="article"/>
            <articlelistpaginatio
                jcr:primaryType="nt:unstructured"
                sling:resourceType="telegraph/core/commons/components/articleListPagination"
                excludeOperator="OR"
                excludeTags="[structure:travel/news,storytype:guide,structure:blacklist]"
                hideByline="none"
                hideStandfirst="{Boolean}false"
                includeOperator="AND"
                includeTags="[topics:places/devon,structure:travel]"
                layout=""
                layoutCenterAligned="false"
                limit="{Long}4"
                offset="{Long}30"
                orderByDirection="desc"
                pageType="article"/>
        </par>
    </jcr:content>
    <test/>
    <traditional-fishing-hotel-devon-given-new-lease-life/>
    <devon-manor-should-every-wine-lovers-list/>
    <devon-englands-greatest-county-verge-ruined/>
</jcr:root>
