<?xml version="1.0" encoding="UTF-8"?>
<jcr:root xmlns:cq="http://www.day.com/jcr/cq/1.0" xmlns:jcr="http://www.jcp.org/jcr/1.0"
    jcr:primaryType="cq:Page">
    <jcr:content/>
    <peace-lodge-hotel/>
    <nayara-springs-hotel/>
    <pacuare-lodge-hotel/>
    <hotel-alta-las-palomas/>
    <banana-azul-hotel/>
    <tortuga-lodge-and-gardens-hotel/>
    <crocs-casino-resort-hotel/>
    <luna-lodge-hotel/>
    <the-westin-golf-resort-spa-playa-conchal-hotel/>
    <andaz-peninsula-papagayo-resort-hotel/>
    <finca-bellavista-hotel/>
    <kura-design-villas-hotel/>
    <hotel-casa-chameleon/>
    <rio-perdido-hotel/>
    <lagunavista-hotel/>
    <oxygen-jungle-villas-hotel/>
    <lapa-rios-lodge-hotel/>
    <the-tulemar-resort-hotel/>
    <el-mangroove-hotel/>
    <la-paloma-lodge-hotel/>
    <occidental-papagayo-hotel/>
    <the-springs-resort-and-spa-at-arenal-hotel/>
    <casa-chameleon-at-las-catalinas-hotel/>
    <latitude-10-resort-hotel/>
    <finca-rosa-blanca-hotel/>
    <casa-conde-beach-front-hotel/>
    <villa-blanca-cloud-forest-hotel-and-nature-reserve/>
    <nayara-resort-spa-and-gardens-hotel/>
    <pranamar-villas-hotel/>
    <florblanca-hotel/>
    <kinkara-hotel/>
    <hotel-aguas-claras/>
    <origins-lodge-hotel/>
    <nantipa-hotel/>
    <hotel-makanda-by-the-sea-hotel/>
    <amor-arenal-hotel/>
    <kasiiya-hotel/>
    <four-seasons-resort-costa-rica-hotel/>
    <igloo-beach-lodge-hotel/>
    <el-silencio-lodge-spa-hotel/>
    <arenas-del-mar-hotel/>
</jcr:root>
