<?xml version="1.0" encoding="UTF-8"?>
<jcr:root xmlns:cq="http://www.day.com/jcr/cq/1.0" xmlns:jcr="http://www.jcp.org/jcr/1.0"
    jcr:primaryType="cq:Page">
    <jcr:content/>
    <france-city-breakguide/>
    <france-summer-holidaysguide/>
    <france-summer-holidaysguidebeachresorts/>
    <france-summer-holidaysguideself-cateringandvillas/>
    <france-summer-holidaysguideculture/>
    <france-summer-holidaysguidefoodandwine/>
    <france-summer-holidaysguideactivity/>
    <france-summer-holidaysguidecruising/>
    <France-On-the-trail-of-Joan-of-Arc/>
    <Anglo-French-relations-could-do-with-a-lift-one-that-works/>
    <Les-Miserables-Victor-Hugos-France/>
    <Ferries-to-France-Great-escapes-across-the-Channel/>
    <First-World-War-centenary-sights-and-events-in-France-and-Belgium/>
    <What-do-the-French-really-think-of-us/>
    <Entente-not-so-cordiale/>
    <France-Will-le-burger-kill-the-baguette-Mais-non/>
    <How-do-I-renew-a-French-SIM-card/>
    <Michelin-restaurant-guide-an-alternative-scoring-system/>
    <Rugby-in-France-in-league-against-the-unionists/>
    <How-the-British-invented-France/>
    <The-offal-truth-about-French-cuisine/>
    <Bullfighting-when-blood-sport-spoils-a-good-party/>
    <Logis-de-France-hotels-get-a-makeover/>
    <Frances-forgotten-monarchy/>
    <Do-French-manners-put-the-British-to-shame/>
    <The-Great-War-coach-tour-battlefield-tourism/>
    <French-wine-a-cheats-guide-to-holiday-drinking/>
    <Booking-French-rail-tickets-in-advance/>
    <Why-are-the-French-so-obsessed-with-our-Royal-Family/>
    <Sinful-tax-rise-proposed-for-French-hotels/>
    <Tour-de-France-2014-cycling-holidays-in-France/>
    <The-real-problem-with-French-food-Its-boring/>
    <Books-about-France-holiday-reading-guide/>
    <France-the-worlds-best-country-for-a-cycling-holiday/>
    <Vive-le-tourisme-France-is-still-the-worlds-most-popular-country/>
    <What-British-b-and-b-owners-can-learn-from-the-French/>
    <When-it-comes-to-prehistoric-megaliths-ignore-the-experts/>
    <Why-autumn-in-France-is-heaven-for-food-lovers/>
    <Why-France-is-better-than-Britain/>
    <Henri-de-Toulouse-Lautrec-on-the-trail-of-the-French-artist/>
    <Foie-gras-whats-all-the-fuss-about/>
    <Marquis-de-Sade-sites-on-the-trail-of-the-writer-and-rogue/>
    <The-best-and-worst-of-France-in-2014/>
    <Why-we-should-all-visit-France-in-2015/>
    <France-the-birthplace-of-binge-drinking/>
    <Tips-for-the-French-learn-how-to-drive-and-be-less-pretentious/>
    <What-makes-a-great-tour-guide-and-why-the-French-need-to-lighten-up/>
    <Le-Rosbif-Writes-where-best-to-see-spring-in-France/>
    <Joan-of-Arc-always-handy-when-the-English-need-a-slapping/>
    <Flight-ferry-or-train-which-is-the-best-way-to-get-to-France/>
    <The-fetes-of-our-nations-bullfighting-or-tombola/>
    <French-motorway-tolls-can-I-pay-in-advance/>
    <Napoleon-five-places-associated-with-the-French-leader/>
    <napoleon-legacy-in-france-and-europe/>
    <Lafayette-and-the-Franco-American-love-fest/>
    <The-top-10-cruise-holidays-in-France/>
    <_x0031_7-reasons-why-France-is-so-popular/>
    <Calais-ferry-disruption-advice-and-alternative-ferry-routes/>
    <Luton-Airport-cuisine-not-quite-as-bad-as-French/>
    <Ignore-the-wine-snobs-rose-is-the-greatest/>
    <We-need-a-driving-lesson-from-the-French/>
    <France-flights-cancelled-due-to-strike/>
    <Oradour-sur-Glane-mute-testimony-to-dark-deeds/>
    <Oradour-sur-Glane-France-moments-of-Nazi-massacre-frozen-in-time/>
    <France-A-glorious-spring-walk-in-Cevennes/>
    <Why-I-hate-skiing-and-the-Eiffel-Tower/>
    <Cycling-holidays-France-to-Switzerland/>
    <In-search-of-St-Valentine-and-why-Preston-is-no-venue-for-romance/>
    <Ferries-to-France-cheap-fares-and-route-details/>
    <France-family-holiday-sandcastles-picnics-and-perfect-waves/>
    <Driving-in-France-what-do-I-need/>
    <Are-walking-routes-in-France-well-marked/>
    <What-equipment-do-I-need-to-drive-in-France/>
    <France-Astounding-Louvre-branch-to-open-in-Lens/>
    <Eurostar-extends-services-to-south-of-France/>
    <How-Eurostar-revolutionised-travel-to-France/>
    <At-Air-France-customers-are-just-a-nuisance/>
    <Cycling-in-France-the-easy-way/>
    <Cycling-through-France/>
    <France-how-the-Auvergne-made-me-a-hiker/>
    <Walking-holidays-in-France-The-best-companies-for-French-hiking-tours/>
    <Frances-best-walking-tours/>
    <Tour-de-France-2013-cycling-holidays-in-France/>
    <france-by-bike-great-cycling-holidays/>
    <Cycling-holidays-in-northern-France-minus-the-hills/>
    <Cycling-in-France-the-best-regions-and-a-guide-to-travelling-with-your-bike/>
    <Just-Back-cycling-through-France/>
    <Just-Back-brandy-tasting-in-France/>
    <Just-Back-whale-watching-in-France/>
    <France-river-cruise-the-feminine-wiles-of-the-Loire/>
    <What-are-the-rules-for-using-satnavs-in-France/>
    <Can-you-recommend-a-French-seaside-resort/>
    <Paying-by-card-at-French-petrol-stations/>
    <River-cruises-My-French-learning-curve/>
    <A-great-base-for-exploring-the-Auvergne/>
    <France-river-cruise-guide/>
    <France-wine-cruise-a-journey-full-of-joie-de-vivre/>
    <Dordogne-and-Garonne-river-cruise-guide/>
    <Cruise-A-tale-of-three-rivers-in-France/>
    <France-summer-holidays-guide/>
    <Visiting-the-Thiepval-Memorial/>
    <The-south-of-France-with-children/>
    <How-to-travel-to-Bergerac-France-from-northern-England/>
    <Picardys-highlights/>
    <France-advice-how-to-mix-with-the-locals/>
    <Finding-free-Wi-Fi-in-France/>
    <Avoiding-mosquitoes-in-France/>
    <Dog-friendly-hotels-in-France/>
    <best-family-friendly-hotels-france/>
    <Estaminets-the-best-thing-about-First-World-War-tourism/>
    <My-New-Years-resolution-Say-no-to-French-pretentiousness/>
    <The-top-10-villa-holidays-in-France/>
    <The-top-10-activity-holidays-in-France/>
    <The-top-10-cultural-holidays-in-France/>
    <The-top-10-food-and-drink-holidays-in-France/>
    <The-best-and-worst-of-France-in-2015/>
    <Christmas-in-France-nine-things-that-might-surprise-you/>
    <Euro-2016-matches-travel-guides-to-the-host-cities-in-France/>
    <Flight-prices-jump-more-than-1000-during-Euro-2016/>
    <Wine-holidays-in-France-The-best-wine-for-Christmas-dinner/>
    <How-the-Channel-Tunnel-helped-us-bury-the-hatchet-with-the-French/>
    <channel-tunnel-facts/>
    <channel-tunnel-opening-reported-1994/>
    <best-beach-holidays-in-France-and-hotels/>
    <Eurostar-reverses-bike-dismantling-policy-after-backlash/>
    <Wartime-heroism-and-heavy-drinking-in-Alsace/>
    <loire-tour-the-secrets-of-the-chateaux/>
    <The-Cote-dAzur-is-still-a-class-act-in-winter/>
    <La-Grande-Motte-a-brazen-and-courageous-vision-of-the-future/>
    <Giverny-inspiration-for-Impressionists/>
    <morzine-adventure-holiday-high-adrenalin-in-the-french-alps/>
    <the-horrors-of-verdun-revisited/>
    <france-best-secret-attractions/>
    <British-fashions-the-French-adore/>
    <This-little-French-town-makes-its-prosperous-way-with-parties/>
    <Eating-slithery-things-in-south-west-France/>
    <France-how-to-plan-a-surprise-weekend-away/>
    <Drivers-in-France-must-carry-a-breathalyser-from-today/>
    <why-the-train-is-the-best-way-to-travel-in-france/>
    <france-best-secret-attractions-part-two/>
    <cevennes-and-the-first-guerilla-war/>
    <french-air-strikes-hold-europe-to-ransom/>
    <bayonne-ham-festival-and-the-secret-to-world-peace/>
    <amboise-the-france-that-lured-da-vinci-and-jagger/>
    <strikes-in-france-how-to-avoid-the-chaos/>
    <the-real-versailles-what-to-see-in-the-royal-palace/>
    <snooty-french-waiters-to-launch-charm-offensive/>
    <what-the-french-really-think-of-british-american-and-chinese-visitors/>
    <the-truth-about-french-cliches/>
    <join-us-for-a-teletravelchat-on-france/>
    <reasons-to-visit-france-you-probably-never-thought-of/>
    <why-the-french-do-not-understand-brexit/>
    <why-coach-travel-brings-out-the-worst-in-people/>
    <why-are-the-french-air-traffic-controllers-atc-striking/>
    <more-french-atc-strikes-cancel-hundreds-of-flights/>
    <the-french-cafe-trying-to-discourage-terrace-lingerers/>
    <raft-of-the-medusa-louvre-explained/>
    <a-weekend-break-in-biarritz/>
    <is-france-safe-for-tourists/>
    <le-logis-france/>
    <manouls-a-thrillingly-disgusting-delicacy/>
    <france-prepares-for-road-chaos-as-black-saturday-arrives/>
    <best-french-villages-reader-tips/>
    <black-saturday-in-france-what-is-it-when-is-it-traffic/>
    <cool-brexiteers-should-expect-a-warm-welcome-in-france/>
    <cycling-from-london-to-paris-lessons-learnt/>
    <why-the-so-called-war-on-terror-should-not-put-you-off-france/>
    <dress-code-advice-for-muslim-travellers-visiting-france/>
    <goodbye-to-the-french-summer/>
    <beautiful-hotels-by-the-sea-in-brittany/>
    <marathon-du-medoc-most-idiotic-marathon/>
    <get-set-for-le-ryder-cup-our-guide-to-seven-great-french-golf-courses/>
    <le-golf-national-ryder-cup-course-2018/>
    <the-french-vending-machines-train-station-short-stories-for-free/>
    <france-best-surprising-food-destinations/>
    <no-ufos-allowed-french-mayor-refuses-to-overturn-extraterrestrial-ban/>
    <best-beach-hotels-in-france/>
    <france-likely-to-extend-state-of-emergency-while-attempting-to-rescue-tourism/>
    <why-the-french-do-autumn-better-than-the-british/>
    <sarthe-france-best-kept-secret/>
    <french-bakery-invents-bent-baguette/>
    <secret-to-living-in-france-advice/>
    <french-always-on-holiday-or-on-strike/>
    <the-french-on-holiday-stereotypes-and-the-truth/>
    <france-where-to-go-on-holiday-2017/>
    <france-grand-tour-underrated-roussillon/>
    <france-best-food-dishes-to-eat/>
    <the-best-places-and-cities-to-visit-in-france-and-where-to-stay/>
    <cycling-in-the-loire-valley/>
    <_x0032_0-of-the-best-budget-restaurants-in-france/>
    <juan-les-pins-most-famous-summer-resort-in-france/>
    <holidays-that-will-improve-your-life/>
    <the-best-hotels-in-france-for-summer/>
    <arras-france-first-world-war-anniversary-battlefields-vimy-ridge/>
    <the-best-beach-hotels-in-france-for-summer/>
    <berry-france-travel-highlights-and-alain-fournier/>
    <taking-the-train-through-a-france-in-flux/>
    <lot-valley-figeac-what-to-see-and-do/>
    <why-the-world-really-wants-to-know-about-france/>
    <is-this-the-most-relaxing-holiday-you-can-have-in-france/>
    <remembering-the-miracle-of-dunkirk/>
    <france-forest-fires-can-i-cancel-my-holiday/>
    <montpellier-what-to-see-and-do-city-break/>
    <paris-introduces-free-sparkling-water-drinking-taps/>
    <paris-eurostar-ski-train-connections-time/>
    <on-the-trail-of-modigliani-in-paris/>
    <cambrai-tank-museum-flesquieres-new/>
    <france-best-holidays-events-2018/>
    <why-the-british-love-provence/>
    <best-vineyards-france/>
    <why-are-french-waiters-so-rude/>
    <why-montpellier-should-be-your-next-city-break/>
    <why-do-the-french-always-strike/>
    <northern-france-reasons-to-visit/>
    <why-war-tourism-is-important-to-Dunkirk-veterans/>
    <first-ever-family-holiday-in-france/>
    <best-france-tours/>
    <alternatives-to-paris/>
    <chaines-des-puy-france-how-to-get-there/>
    <normandy-brittany-which-is-better/>
    <provence-languedoc-which-is-better/>
    <tales-from-fort-bregancon-the-french-presidents-official-residence/>
    <burgundy-bordeaux-which-is-better/>
    <dordogne-gascony-which-is-better/>
    <best-chateau-hotels-france/>
    <dine-like-a-king-in-the-dordogne/>
    <michel-roux-jr-the-dishes-that-define-france/>
    <france-best-seaside-towns/>
    <perpignan-city-break-what-to-do/>
    <timeline-of-terror-france-safe-to-visit/>
    <champagne-fine-dining-tour/>
    <port-cros-vivienne-watteville/>
    <french-food-best-in-the-world/>
    <provence-food-guide/>
    <french-chateaux-budget/>
    <french-basque-country-food-tour/>
    <champagne-press-trips-ruinart/>
    <chablis-wine-guide-travel/>
    <best-french-departments/>
    <france-best-food/>
    <le-touquet-french-resort/>
    <inside-domaine-des-etangs-hotel-charente-france/>
    <auvergne-guide-food-and-wine/>
    <france-best-campsites/>
    <how-to-watch-womens-world-cup-france/>
    <train-france-ligne-des-causses/>
    <le-havre-womens-world-cup-host/>
    <every-french-department/>
    <parc-asterix-theme-park-for-children/>
    <an-e-bike-across-the-alps/>
    <anthony-horowitz-falling-french-riviera-charms-south-france/>
    <trips-in-the-footsteps-of-napoleon/>
    <france-and-the-french/>
    <french-campsites-modern/>
    <camper-van-just-back/>
    <northern-france-holiday-now/>
    <agincourt/>
    <the-corners-of-france-that-are-forever-british/>
    <agincourt-henry-v-battlefield/>
    <forests-champagne-burgundy-france-national-park/>
    <sarthe-france-travel-guide/>
    <languedoc-family-beach-holiday/>
    <truth-sex-lives-of-the-french-adultery-marriage-paris/>
    <correze-france-travel-guide/>
    <how-napoleon-iii-made-modern-france-/>
    <france-coronavirus-travel-advice-flights/>
    <france-under-coroavirus-lockdown/>
    <paris-coronavirus-lockdown/>
    <back-to-france/>
    <can-visit-france-quarantine-uk-travel-advice-holiday-coronavirus/>
    <france-summer-holidays/>
    <best-ferry-holidays-france/>
    <restaurants-change-coronavirus-france/>
    <where-stay-france-best-hotels-safe-travel-avoid-coronavirus/>
    <what-the-pandemic-has-taught-us-about-the-french/>
    <ile-de-sein-france/>
    <how-i-beat-the-quarantine-and-snuck-into-france/>
    <best-holidays-in-france-dream-trips/>
    <france-best-islands/>
    <louvre-first-post-lockdown-visit/>
    <paris-mini-break-eurostar-covid/>
    <france-holiday-that-changed-my-life/>
    <great-french-wilderness-breaks-after-lockdown/>
    <searching-for-normality-in-the-villages-of-southern-france/>
    <les-arcs-ski-resort-best-savoured-summer-reopening-family-holidays/>
    <france-ferry-after-lockdown-coronavirus/>
    <bastille-true-story/>
    <postcard-from-cap-ferret-seaside-french-enjoy-holidays-bastille-day-face-masks/>
    <a-postcard-from-france-as-cases-rise/>
    <best-things-to-see-and-do-in-the-Loire/>
    <why-loire-valley-perfect-option-summer/>
    <road-trip-south-france-children/>
    <france-quarantine-would-be-unbridled-insanity/>
    <britons-defiant-france-quarantine-risk/>
    <bordeaux-wine-tour-chateaux-disney/>
    <france-quarantine-industry-response/>
    <flight-prices-fluctuate-wildly-last-minute-dash-back-france/>
    <europe-road-trip-family-holiday-france-switzerland-uk-quarantine/>
    <fco-advice-quarantine-wont-stop-our-holiday-in-france/>
    <best-and-worst-things-about-france/>
    <diane-louise-jordan-holiday-that-changed-me/>
    <what-the-topless-sunbathing-row-says-about-the-french/>
    <france-in-britain/>
    <melanie-cantor-holiday-changed-me-juan-les-pins/>
    <postcard-from-france-record-cases/>
    <jura-undiscovered-region-tour-de-france-villages-vineyards/>
    <kay-burley-eze-france/>
    <france-holiday-quarantine-worth-it-paris-riviera-nice-atlantic-coast/>
    <france-second-lockdown-wave-anthony-peregrine/>
    <lockdown-life-in-a-french-village/>
    <five-french-views-to-savour-in-2021/>
    <jura-unsung-region-of-france-that-gave-the-world-vaccinations/>
    <best-family-hotels-france/>
</jcr:root>
