<?xml version="1.0" encoding="UTF-8"?>
<jcr:root xmlns:cq="http://www.day.com/jcr/cq/1.0" xmlns:jcr="http://www.jcp.org/jcr/1.0" xmlns:rep="internal"
    jcr:mixinTypes="[rep:AccessControllable]"
    jcr:primaryType="cq:Page">
    <offers/>
    <offers-new2/>
    <travel-collection/>
    <things-to-do-on-skye/>
    <UK-coastal-experiences/>
    <future-of-flying/>
    <ba-holidays/>
    <jcr:content/>
    <application/>
    <news/>
    <advice/>
    <comment/>
    <galleries/>
    <destinations/>
    <hotels/>
    <ski/>
    <cruises/>
    <celebrity-interviews/>
    <family-holidays/>
    <city-breaks/>
    <tours/>
    <lists/>
    <quizzes/>
    <maps-and-graphics/>
    <gap-year-travel/>
    <rail-journeys/>
    <discover-peru/>
    <discover-belize/>
    <inspire/>
    <solo-travel-deals/>
    <beach-holidays/>
    <travel-views-of-the-week/>
    <travel-competitions/>
    <your-travels/>
    <safaris-and-wildlife/>
    <kit-and-accessories/>
    <arts-and-culture/>
    <food-and-wine-holidays/>
    <camping-holidays/>
    <solo-holidays/>
    <spas/>
    <festivals-and-events/>
    <activity-and-adventure/>
    <books/>
    <golf-holidays/>
    <driving-holidays/>
    <walking-holidays/>
    <cycling-holidays/>
    <the-big-picture/>
    <sign-language/>
    <travel-truths/>
    <types-of-trip/>
    <video/>
    <just-back-travel-writing-competition/>
    <edgelands/>
    <share-your-worst-cancelled-flight-experience/>
    <_x0033_0-beautiful-uk-places-you-must-visit-this-year/>
    <exclusiveoffers/>
    <life-well-travelled/>
    <st-kitts-holidays/>
    <discover-america/>
    <english-heritage-sites/>
    <explore-worldwide/>
    <flights-to-new-zealand/>
    <steppes-travel-tailor-made-holidays/>
    <holiday-hunters/>
    <untapped-destinations/>
    <iceland-to-restrict-airbnb-rentals-to-cope-with-tourism-surge/>
    <brittany-ferries-winter-sun-holidays/>
    <indulge-in-ireland/>
    <ultimate-disney-holidays/>
    <partner-offers/>
    <salzburg-in-winter/>
    <travel-plus/>
    <terms-and-conditions/>
    <experience-malta/>
    <visit-orlando/>
    <discover-chengdu/>
    <kalamata-with-british-airways/>
    <menorca-with-british-airways/>
    <ux-d-tests/>
    <beautiful-oman/>
    <taste-of-australia/>
    <tropical-barbados/>
    <worldwide-escorted-holidays/>
    <greece-authentic-experiences/>
    <ux-d-demos/>
    <quality-on-board-meals/>
    <regent-seven-seas-cruises/>
    <amazing-holiday-destinations/>
    <holidays/>
    <explore-canada/>
    <holidays-sydney-new-south-wales/>
    <luxury-europe/>
    <spain-france-driving-routes/>
    <experience-barbados/>
    <costa-rica-attractions/>
    <tropical-australia/>
    <why-choose-malta/>
    <active-holidays/>
    <beautiful-slovenia/>
    <child-friendly-holidays-europe/>
    <battle-tours-flanders/>
    <asturias-natural-paradise/>
    <beautiful-barbados/>
    <visit-aarhus/>
    <explore-western-australia/>
    <unforgettable-holidays/>
    <affordable-ski-resorts-in-europe/>
    <fly-drive-holidays-ireland/>
    <visit-dominican-republic/>
    <visit-singapore-with-qatar/>
    <hard-rock-tenerife/>
    <uk-coastal-experiences/>
    <mayrhofen-outdoor-activities/>
    <whos_who/>
    <uk-car-holidays/>
    <small-group-adventure-holidays/>
    <epic-day-in-wales/>
    <icons-of-the-sky/>
    <britain-through-fresh-eyes/>
    <amazing-thailand-holiday-deals/>
    <south-australia/>
    <south-tyrol-holidays/>
    <victoria-northern-territory/>
    <dream-holiday-destinations/>
    <travel-on-trial/>
    <explore-abu-dhabi/>
    <black-friday-travel-deals-and-discounts/>
    <dubai-winter-sun-holidays/>
    <sale/>
    <madrid-day-trips/>
    <swiss-winter-rail-breaks/>
    <colourful-destinations-around-the-world-as-blue-planet-ends/>
    <discover-jersey/>
    <tailored-holidays/>
    <inspiring-tours/>
    <explore-antigua/>
    <british-airways-holidays/>
    <make-the-world-your-own/>
    <mind-body-retreats/>
    <rendezvous-st-lucia/>
    <dubai-parks/>
    <bank-holiday-breaks/>
    <estonia-summer-breaks/>
    <plan-your-australian-holiday/>
    <bahrain-grand-prix/>
    <thailand-and-singapore-multi-centre/>
    <best-madeira-walking-routes/>
    <explore-south-africa/>
    <latest-deals/>
    <discover-guernsey/>
    <florida-travel-ideas/>
    <discover-british-columbia/>
    <discovering-hygge-in-copenhagen/>
    <turkeys-turquoise-coast/>
    <explore-dubai/>
    <guided-tour-holidays/>
    <solo-adventures/>
    <discover-hungary/>
    <costa-blanca-for-everyone/>
    <italy-guide/>
    <best-family-holidays/>
    <switzerland-by-train/>
    <package-holidays/>
    <luxury-escapes/>
    <tailor-made-holidays/>
    <indulgent-escapes/>
    <discover-california/>
    <multi-centre-holiday-planner/>
    <city-break-packages-europe/>
    <romantic-holiday-packages/>
    <beachclub-holidays/>
    <alternative-florida-holidays/>
    <city-getaways/>
    <visit-guatemala/>
    <european-hotel-guide/>
    <experience-hong-kong/>
    <austrian-tirol-holidays/>
    <discover-york/>
    <premium-homestays/>
    <discover-north-jutland/>
    <_x0032_4-hours-in-qatar/>
    <france-food-road-trips/>
    <malta-inspiration/>
    <things-to-do-in-japan/>
    <discover-hainan/>
    <visit-historical-places/>
    <explore-madeira/>
    <spirit-of-scotland/>
    <discover-chile/>
    <festive-breaks/>
    <exclusive-collection/>
    <deals/>
    <deals1/>
    <honeymoon-planning-romantic-cities/>
    <wildlife-experiences-in-south-australia/>
    <modern-luxury-hotels/>
    <unique-holiday-experiences/>
    <luxury-urban-hotels/>
    <luxury-greece-resorts/>
    <telegraph-travel-club-terms-and-conditions/>
    <short-break-ideas-uk/>
    <explore-dordogne/>
    <las-vegas-places-to-stay/>
    <discover-singapore/>
    <i-travel-jerusalem/>
    <explore-catalonia/>
    <fly-drive-destinations/>
    <where-to-visit-in-usa/>
    <trip-tracker-world-holiday-travel-map-countries-visited/>
    <exclusiveoffers-copy/>
    <tui-holidays/>
    <tailor-made-tours/>
    <christmas-markets-europe/>
    <explore-new-zealand/>
    <experience-israeli-food/>
    <flight-free-travel/>
    <trips-of-a-lifetime/>
    <discover-andalucia/>
    <experience-bahrain/>
    <winter-sun-destinations/>
    <discover-madeira/>
    <norway-ski-holidays/>
    <zadar-things-to-do/>
    <places-to-visit-uk-by-train/>
    <c-resorts/>
    <experience-macao/>
    <discover-qatar/>
    <mercury-holidays/>
    <luxury-hotel-getaways/>
    <lakes-mountains-holidays/>
    <spark/>
    <thames-river-cruises/>
    <discover-canada/>
    <postcards/>
    <dark-history-eyam-original-plague-village/>
    <britain-by-bike/>
    <have-learnt-stranded-rural-bohemia-keep-head/>
    <farewell-21-club-one-new-yorks-famous-speakeasies-prohibition/>
    <even-stuck-margate-flat-enjoyed-avery-international-festive/>
    <fear-stuck-travel-restrictions-years/>
    <inside-swinton-park-castellated-yorkshire-bolthole-weeks-amazing/>
    <africas-elusive-black-leopard-story-behind-rare-photos/>
    <foreign-travel-permits-grounded-reality-willy-wonka/>
    <_x0031_0-things-learnt-first-day-domestic-holidays-restarting/>
    <luxury-global-holidays/>
    <found-naughtiest-use-potato-zurich/>
    <mapped-flights-wiped-out-pandemic/>
</jcr:root>
