<?xml version="1.0" encoding="UTF-8"?>
<jcr:root xmlns:cq="http://www.day.com/jcr/cq/1.0" xmlns:jcr="http://www.jcp.org/jcr/1.0"
    jcr:primaryType="cq:Page">
    <jcr:content/>
    <vana-hotel/>
    <chandoori-sai-hotel/>
    <the-hans-coco-palms-hotel/>
    <ahilya-fort-hotel/>
    <shreyas-yoga-retreat-hotel/>
    <shakti-leti-360-hotel/>
    <ananda-hotel/>
    <taj-falaknuma-palace-hotel/>
    <mountain-resort-khali-estate-hotel/>
    <veda5-ayurveda-and-yoga-retreat-hotel/>
    <coco-shambhala-hotel/>
    <jims-jungle-retreat-hotel-uttarakhand/>
    <hyatt-regency-chandigarh-hotel/>
    <taj-chandigarh-hotel/>
    <the-oberoi-sukhvilas-resort-and-spa-hotel/>
    <the-roseate-ganges-hotel-rishikesh-uttarakhand/>
    <taj-rishikesh-resort-spa-uttarakhand-hotel/>
    <glenburn-tea-estate-hotel-darjeeling/>
</jcr:root>
