<?xml version="1.0" encoding="UTF-8"?>
<jcr:root xmlns:cq="http://www.day.com/jcr/cq/1.0" xmlns:jcr="http://www.jcp.org/jcr/1.0" xmlns:rep="internal"
    jcr:mixinTypes="[rep:AccessControllable]"
    jcr:primaryType="cq:Page">
    <jcr:content/>
    <Win-a-holiday-in-the-Austrian-Tirol/>
    <Win-1500-of-Eider-ski-wear/>
    <Win-a-holiday-to-Courchevel/>
    <Win-a-holiday-to-Chamonix/>
    <Win-a-skiing-holiday-in-Switzerland/>
    <Win-a-holiday-to-Sierra-Nevada-worth-2000/>
    <Win-a-holiday-to-Flaine-worth-1000/>
    <Win-a-holiday-to-Morzine-worth-3500/>
    <Win-a-holiday-to-Les-Menuires-worth-2000/>
    <Win-a-ski-holiday-to-Norway-worth-2000/>
    <Win-2000-worth-of-Scott-mountain-gear/>
    <Win-a-week-to-Davos-Klosters-worth-more-than-2000/>
    <Win-475-worth-of-quality-snowsports-kit/>
    <Win-a-week-in-a-luxury-ski-residence/>
    <Win-two-places-on-a-Warren-Smith-Ski-Academy-course/>
    <Win-a-womens-freeride-package-worth-more-than-1700/>
    <Win-touring-skis-and-boots-worth-2000/>
    <Win-a-pair-of-flights-to-a-ski-destination-this-winter/>
    <Win-two-places-on-a-summer-ski-course-in-Italy/>
    <Win-a-GoPro-Hero-3-Black-Edition-worth-360/>
    <Win-a-ski-holiday-to-Switzerland-worth-2000/>
    <Win-a-weeks-ski-holiday-to-Saas-Fee/>
    <Win-a-ski-holiday-to-the-Austrian-Tirol-worth-2000/>
    <Win-a-luxury-ski-holiday-in-Val-dIsere-worth-4000/>
    <Win-a-short-ski-break-to-Morzine-worth-2000/>
    <Create-your-own-world-skiing-map-to-win-a-trip-to-Snowbombing-festival/>
    <Win-technical-ski-gear-worth-500/>
    <Win-one-of-14-stylish-ski-wear-sets-worth-150/>
    <Win-a-ski-holiday-for-two-to-Austria/>
    <Win-a-ski-holiday-to-Norways-Ice-Music-Festival/>
    <Win-the-ultimate-ski-boot-package-from-Profeet/>
    <Win-a-weeks-ski-holiday-in-Sierra-Nevada/>
    <Win-a-ski-holiday-for-two-in-the-Austrian-Tirol/>
    <Win-a-trip-to-the-French-Alps/>
    <Win-a-top-of-the-range-ski-jacket/>
    <Win-a-weekend-break-to-Slovakia/>
    <Win-a-trip-to-Italy-plus-the-latest-ski-gear/>
    <Win-a-luxury-ski-holiday-to-Jackson-Hole/>
    <Win-a-holiday-to-Les-Arcs-worth-3500/>
    <Win-a-holiday-to-Austrias-Ski-Juwel/>
    <Win-a-luxury-holiday-to-Norway/>
    <Win-a-ski-holiday-to-Saint-Gervais/>
    <win-ski-holiday-nedaz-france/>
    <win-ski-outfit-snow-and-rock/>
    <Win-a-trip-for-four-to-Val-Thorens-worth-2000/>
    <Win-a-sun-kissed-week-in-Sierra-Nevada-worth-2000/>
    <Win-two-nights-in-the-five-star-Hotel-La-Sivoliere-in-Courchevel-worth-3000/>
    <Win-a-high-performance-ski-backpack/>
    <Ski-competition-win-a-off-piste-Salewa-ABS-backpack/>
    <Win-a-trip-for-two-to-Courmayeur-worth-3244/>
    <Win-a-weeks-luxury-chalet-stay-worth-2000/>
    <Win-a-short-break-in-the-Swiss-mountains-worth-2000/>
    <Win-a-holiday-in-the-Austrian-Tirol-worth-1800/>
    <Win-a-custom-fit-ski-boot-package-worth-1000/>
    <Week-a-four-star-week-in-Zermatt-worth-3000/>
    <Win-a-four-star-break-in-Davos-Klosters-worth-2000/>
    <chamonix-prize-draw-terms-and-conditions/>
    <win-a-four-night-break-in-chamonix-valley-worth-p1-500/>
    <eddie-the-eagle-skis-terms-and-conditions/>
    <win-a-pair-of-eddie-the-eagle-skis/>
    <terms-and-conditions-courmayeur-summer/>
    <win-a-three-night-luxury-break-to-courmayeur/>
    <win-a-trip-for-four-to-les-deux-alpes-worth-p3-500/>
    <win-a-week-s-getaway-for-four-worth-p6-000/>
    <les-deux-alpes-madame-vacances-terms-and-conditions/>
    <thank-you-for-entering-madame-vacances/>
    <club-med-terms-and-conditions/>
    <thank-you-for-entering-club-med/>
    <win-a-pair-of-salomon-skis/>
    <win-a-mcnair-merino-riding-shirt/>
    <salomon-amer-sports-terms-and-conditions/>
    <mcnair-terms-and-conditions/>
    <thank-you-for-entering-salomon/>
    <thank-you-for-entering-mcnair/>
    <win-a-trip-to-chamonix-with-inghams-worth-p1-430/>
    <a-week-s-trip-to-utah-and-eider-outfits/>
    <win-a-family-trip-to-norway-worth-p5-000/>
    <ski-safari-norway-terms-and-conditions/>
    <inghams-chamonix-terms-and-conditions/>
    <ski-competitions-thank-you-/>
    <eider-ski-utah-terms-and-conditions/>
    <win-a-holiday-for-two-to-the-austrian-tirol/>
    <ski-juwel-terms-and-conditions/>
    <win-a-short-break-for-two-to-kitzbuehel/>
    <win-a-holiday-for-two-in-saint-gervais/>
    <win-a-lavish-mini-break-for-two-in-nendaz/>
    <saint-gervais-terms-and-conditions/>
    <nendaz-terms-and-conditions/>
    <kitzbuehel-terms-and-conditions/>
    <win-a-state-of-the-art--smart-watch-worth-p270/>
    <air-partner-terms-and-conditions/>
    <win-a-weekend-of-luxury-in-courchevel-worth-p3-680/>
    <courchevel-terms-and-conditions/>
    <win-a-five-night-stay--in-andorra-worth-p1-200/>
    <andorra-terms-and-conditions/>
    <win-a-pair-of-salomon-ski-boots/>
    <salomon-ski-boots-terms-and-conditions/>
    <win-a-week-s-holiday-for-four-to-les-carroz/>
    <win-a-week-s-family-holiday-to-france-with-mark-warner/>
    <les-carroz-terms-and-conditions/>
    <mark-warner-terms-and-conditions/>
    <win-a-luxury-italian-break-in-madonna-di-campiglio/>
    <madonna-di-campiglio-terms-and-conditions/>
    <win-a-ski-week-in-chamonix/>
    <chamonix-terms-and-conditions/>
    <france-montagnes-holiday-competition-terms-and-conditions/>
    <win-a-week-s-family-ski-holiday-to-alpe-d-huez/>
    <win-a-pair-of-salomon-all-mountain-skis/>
    <salomon-skis-competition-terms-and-conditions/>
    <win-a-one-week-holiday-to-flaine/>
    <sunweb-competition-terms-and-conditions/>
    <win-a-one-week-holiday-in-zell-am-see-kaprun/>
    <zell-competition-terms-and-conditions/>
    <win-a-mcnair-mountain-ridge-shirt/>
    <win-a-five-night-holiday-in-sun-peaks-canada/>
    <win-a-week-long-holiday-in-soldeu-andorra/>
    <win-a-long-weekend-in-nendaz-switzerland/>
    <win-a-week-long-ski-holiday-in-megeve-france/>
    <win-a-holiday-for-four-in-la-plagne-france/>
    <win-good-times-snow-suit-from-planks-clothing/>
    <win-week-long-trip-snowboxx-festival-avoriaz-france/>
    <win-a-holiday-for-four-in-les-carroz-france/>
    <win-a-five-day-holiday-in-chamonix-france/>
    <win-a-holiday-in-st-martin-de-belleville/>
    <billy-morgan-chill-factore-terms-and-conditions/>
    <win-an-all-inclusive-holiday-with-ski-solutions/>
    <win-a-week-s-chalet-holiday-in-the-french-alps-with-le-ski/>
    <win-a-norwegian-ski-fjord-adventure-worth-p2-250/>
    <win-four-night-luxury-stay-with-Sunweb-austrian-tirol/>
    <win-a-week-in-la-rosiere-espace-san-bernardo/>
    <win-a-weeks-ski--holiday-in-megeve/>
    <win-tickets-to-snowboxx-festival-salomon-skis-jimmys-iced-coffee/>
    <win-saxx-underwear/>
    <win-planks-clothing-ski-kit/>
    <win-a-week-stay-in-saalbach-for-two/>
    <win-a-holiday-for-four-in-les-carroz/>
    <win-a-night-at-the-catrina-resort-hotel/>
    <win-week-for-two-in-grandvalira/>
    <win-a-week-holiday-for-two-in-trentino/>
    <win-CMP-jacket/>
    <win-north-face-ski-outfit/>
    <win-a-week-ski-holiday-in-ischgl/>
    <win-stay-at-the-hotel-nendaz-vallees-spa/>
    <win-a-stay-at-la-folie-douce-hotel/>
    <win-week-ski-holiday-in-megeve/>
    <win-a-ski-holiday-in-austria/>
    <win-a-ski-holiday-serre-chevalier/>
    <win-four-nights-in-crans-montana/>
    <win-ski-holiday-to-la-plagne/>
    <win-ski-holiday-to-val-d-arly/>
    <half-term-ski-holiday/>
    <win-luxury-ski-holiday-in-french-alps/>
    <win-heli-skiing-in-italy/>
    <win-chamonix-ski-holiday/>
    <win-a-ski-holiday-for-two-in-france/>
    <rep:policy/>
</jcr:root>
