<?xml version="1.0" encoding="UTF-8"?>
<jcr:root xmlns:cq="http://www.day.com/jcr/cq/1.0" xmlns:jcr="http://www.jcp.org/jcr/1.0"
    jcr:primaryType="cq:Page">
    <jcr:content/>
    <one-eleven-villas-hotel/>
    <double-six-seminyak-hotel/>
    <the-light-exclusive-villas-and-spa-hotel/>
    <the-oberoi-bali-hotel/>
    <alila-seminyak-hotel/>
    <katamama-hotel/>
    <w-a-bali-seminyak-hotel/>
    <hotel-luna-two-studiotel/>
    <grandmas-plus-hotel-seminyak/>
    <the-legian-bali-hotel/>
    <anantara-seminyak-bali-resort-hotel/>
    <the-amala-hotel/>
    <tijili-seminyak-hotel/>
    <the-amala-estate-hotel/>
    <potato-head-suites-hotel/>
</jcr:root>
