<?xml version="1.0" encoding="UTF-8"?>
<jcr:root xmlns:cq="http://www.day.com/jcr/cq/1.0" xmlns:jcr="http://www.jcp.org/jcr/1.0"
    jcr:primaryType="cq:Page">
    <jcr:content/>
    <belmond-mount-nelson-hotel/>
    <ellerman-house-hotel/>
    <cape-grace-hotel-and-spa/>
    <hotel-on-the-promenade/>
    <four-rosmead-hotel/>
    <an-african-villa-hotel/>
    <the-fritz-hotel/>
    <the-backpack-hostel/>
    <welgelegen-hotel/>
    <cape-view-clifton-hotel/>
    <the-marly-hotel/>
    <south-beach-camps-bay-hotel/>
    <cape-heritage-hotel/>
    <chartfield-guesthouse-hotel/>
    <manna-bay-hotel/>
    <kensington-place-hotel/>
    <la-grenadine-hotel/>
    <the-three-boutique-hotel/>
    <Alta-Bay-hotel/>
    <taj-cape-town-hotel/>
    <cellars-hohenort-hotel/>
    <tintswalo-atlantic-hotel/>
    <sea-five-hotel/>
    <rouge-on-rose-hotel/>
    <one-and-only-cape-town-hotel/>
    <winchester-mansions-hotel/>
    <the-twelve-apostles-hotel-and-spa/>
    <pod-hotel/>
    <more-quarters-hotel/>
    <clarendon-bantry-bay-hotel/>
    <two-inn-one-kensington-hotel/>
    <the-big-backpackers-hotel-hostel/>
    <grand-daddy-hotel/>
    <the-silo-hotel/>
    <cape-cadogan-hotel/>
    <victoria-and-alfred-hotel/>
    <dock-house-boutique-hotel-and-spa/>
    <queen-victoria-hotel-and-manor-house/>
    <the-andros-deluxe-boutique-hotel/>
    <vineyard-hotel/>
    <the-last-word-long-beach-hotel/>
    <camps-bay-retreat-hotel/>
    <radisson-red-hotel-v-and-a-waterfront-cape-town/>
    <compass-house-hotel/>
    <ocean-view-house-hotel/>
    <_x0033_-on-camps-bay-hotel/>
    <_x0032_1-nettleton-hotel/>
    <tintswalo-at-boulders-hotel/>
    <stock-exchange-hotel/>
    <gorgeous-george-hotel/>
    <labotessa-hotel/>
    <camissa-house-hotel/>
    <dorp-hotel/>
    <cartel-house-hotel/>
    <old-foundry-hotel/>
    <casa-labia-hotel/>
</jcr:root>
