<?xml version="1.0" encoding="UTF-8"?>
<jcr:root xmlns:cq="http://www.day.com/jcr/cq/1.0" xmlns:jcr="http://www.jcp.org/jcr/1.0"
    jcr:primaryType="cq:Page">
    <jcr:content/>
    <lisbon-city-breakguide/>
    <lisbon-attractions/>
    <lisbon-restaurants/>
    <lisbon-nightlife/>
    <lisbon-shopping/>
    <lisbon-itineraries/>
    <_x0033_6-hours-in-lisbon/>
    <lisbon-getting-there/>
    <Lisbon-attractions-what-to-see-and-do-in-spring/>
    <Lisbon-attractions-what-to-see-and-do-in-summer/>
    <Champions-League-hotels-charging-6500-a-night/>
    <Lisbon-attractions-what-to-see-and-do-in-autumn/>
    <Elizabeth-McGoverns-Lisbon/>
    <why-your-next-city-break-should-be-lisbon/>
    <where-to-stay-and-what-to-do-in-lisbon/>
    <cristiano-ronaldo-to-open-new-pestana-cr7-lisbon-hotel/>
    <lisbon-best-fado-bars-and-venues/>
    <the-best-five-star-hotels-in-lisbon/>
    <best-cheap-hotels-in-lisbon/>
    <the-best-boutique-hotels-in-lisbon/>
    <the-best-luxury-hotels-in-lisbon/>
    <best-hotels-in-lisbon-city-centre/>
    <the-best-lisbon-hotels-with-pools/>
    <the-best-lisbon-airport-hotels/>
    <best-romantic-hotels-in-lisbon/>
    <best-lisbon-spa-hotels/>
    <where-to-stay-in-lisbon-hotels-by-district/>
    <lisbon-events/>
    <finding-fado-and-flaming-sausages-in-the-backstreets-of-lisbon/>
    <the-best-honeymoon-hotels-in-lisbon/>
    <why-lisbon-is-the-perfect-winter-city-break/>
    <view-from-a-lisbon-balcony-just-back/>
    <lisbon-travel-guide/>
    <the-secret-side-of-lisbon/>
    <palacio-belmonte-lisbon-hotel-magical-adventure-soul/>
    <lisbon-quarantined-european-capital-beats-shutdown-curfew-london/>
</jcr:root>
