<?xml version="1.0" encoding="UTF-8"?>
<jcr:root xmlns:cq="http://www.day.com/jcr/cq/1.0" xmlns:jcr="http://www.jcp.org/jcr/1.0"
    jcr:primaryType="cq:Page">
    <jcr:content/>
    <raffles-singapore-hotel/>
    <capella-hotel-singapore/>
    <the-ritz-carlton-millenia-singapore-hotel/>
    <hard-rock-hotel-singapore/>
    <the-quincy-hotel/>
    <w-singapore-sentosa-cove-hotel/>
    <naumi-hotel/>
    <intercontinental-singapore-hotel/>
    <Parkroyal-on-Pickering-hotel/>
    <Hotel-Clover-33-Jalan-Sultan-hotel/>
    <Mandarin-Oriental-Singapore-hotel/>
    <the-st-regis-singapore-hotel/>
    <the-fullerton-bay-hotel-singapore/>
    <sofitel-so-singapore-hotel/>
    <the-vagabond-club-hotel/>
    <jw-marriott-hotel-singapore-south-beach/>
    <marina-bay-sands-hotel/>
    <m-social-singapore-hotel/>
    <sofitel-singapore-sentosa-resort-and-spa-hotel/>
    <equarius-hotel/>
    <singapore-marriott-tang-plaza-hotel/>
    <mandarin-orchard-singapore-hotel/>
    <swissotel-the-stamford-hotel/>
    <hotel-indigo-singapore-katong/>
    <the-westin-singapore-hotel/>
    <the-warehouse-hotel/>
    <villa-samadhi-singapore-hotel/>
    <shangri-la-hotel-singapore-hotel/>
    <the-fullerton-hotel-singapore/>
    <andaz-singapore-hotel/>
    <courtyard-singapore-novena-hotel/>
    <sofitel-singapore-city-centre-hotel/>
    <intercontinental-singapore-robertson-quay-hotel/>
    <six-senses-duxton-hotel/>
    <ann-siang-house-hotel/>
    <six-senses-maxwell-hotel/>
    <the-capitol-kempinski-hotel-singapore/>
    <four-seasons-hotel-singapore/>
    <duxton-reserve-hotel/>
    <one-farrer-hotel/>
</jcr:root>
