<?xml version="1.0" encoding="UTF-8"?>
<jcr:root xmlns:cq="http://www.day.com/jcr/cq/1.0" xmlns:jcr="http://www.jcp.org/jcr/1.0"
    jcr:primaryType="cq:Page">
    <jcr:content/>
    <application/>
    <mountain-resorts/>
    <lakes-rivers-and-waterfalls/>
    <swiss-culture/>
    <road-trips/>
    <rail-journeys/>
    <what-is-switzerland-famous-for/>
    <three-generation-holidays/>
    <plant-lovers-guide/>
    <swiss-garden-chelsea-flower-show/>
    <why-visit-in-shoulder-season/>
    <_x0031_00-percent-women-peak-challenge/>
    <swiss-alps-summer/>
    <holiday-competition/>
    <best-ski-resorts/>
    <basel-lausanne-tour/>
    <food-tour/>
</jcr:root>
