<?xml version="1.0" encoding="UTF-8"?>
<jcr:root xmlns:cq="http://www.day.com/jcr/cq/1.0" xmlns:jcr="http://www.jcp.org/jcr/1.0"
    jcr:primaryType="cq:Page">
    <jcr:content/>
    <how-your-idea-can-make-money/>
    <how-to-build-software-company/>
    <no-1-cromer-restaurant/>
    <application/>
    <success-stories/>
    <tips-for-start-up-businesses/>
    <how-to-spot-a-gap-in-the-market/>
    <blue-sky-thinking-from-catalyst2/>
    <how-to-name-a-business/>
    <how-to-create-a-business-plan/>
    <avoid-burnout-at-work/>
    <manage-cash-flow/>
    <business-lessons-to-learn/>
    <how-to-price-a-product/>
    <borrow-my-doggy/>
    <butterfly-twists/>
    <using-credit-cards-to-grow-your-business/>
    <why-more-smes-seeing-point-rewards/>
    <rewards-make-perfect-business-marriage/>
    <why-is-cash-flow-important/>
    <small-business-grew-into-high-end-brand/>
    <be-bold-not-naive-about-money/>
    <flexible-finance-a-spring-in-simbas-steps/>
    <value-of-rewards/>
    <good-payment-practices/>
    <focus-on-cash-flow/>
    <keep-control-of-cash-flow/>
    <recipe-for-business-success/>
    <subscription-dog-food/>
    <business-expense-cards/>
    <online-architectural-service/>
    <employee-recognition-ideas/>
    <membership-points-rewards/>
    <amex-business-card-cash-flow-management/>
    <apprentice-winner-mark-wright-interview/>
    <moju-co-founder-on-the-importance-of-work-life-balance/>
    <how-go-sweat-steph-newport-booth-unwinds/>
    <scale-up-tips/>
</jcr:root>
