<?xml version="1.0" encoding="UTF-8"?>
<jcr:root xmlns:cq="http://www.day.com/jcr/cq/1.0" xmlns:jcr="http://www.jcp.org/jcr/1.0"
    jcr:primaryType="cq:Page">
    <jcr:content/>
    <application/>
    <why-energy-matters-to-businesses/>
    <driving-business-growth/>
    <secret-of-sustainable-success/>
    <server-farms/>
    <on-site-generation/>
    <reducing-carbon-footprint/>
    <energy-efficient-farming/>
    <business-benefits-electric-vehicles/>
    <harnessing-energy-from-buildings/>
    <eon-business-and-energy-costs-guide/>
    <thank-you-page-eon-business-and-energy-costs-guide1/>
    <sustainable-hotels/>
    <how-businesses-can-save-on-energy-costs/>
    <businesses-lack-energy-knowledge/>
    <executives-need-to-change-attitudes/>
    <what-does-sustainable-mean/>
    <your-business-energy-obligations/>
    <smart-systems-saving-businesses-energy/>
    <why-leds-are-good-for-businesses/>
    <how-battery-can-power-home-or-business/>
    <your-business-may-need-energy-review/>
    <why-your-business-should-go-renewable/>
    <energy-cost-uk-manufacturing/>
    <introducing-goldilocks-building/>
    <cost-keeping-computer-online/>
    <uk-manufacturers-take-energy-consumption-seriously/>
    <electric-vehicles/>
    <how-to-reduce-business-energy-costs/>
    <improve-energy-efficiency-commercial-buildings/>
    <on-site-generation-help-energy-users/>
    <chp-help-businesses-reduce-energy-costs/>
    <london-solar-capacity/>
    <off-grid-power-for-large-businesses/>
    <who-will-pay-for-electric-car-parks/>
    <how-businesses-can-reduce-energy-bills/>
    <energy-storage-benefits/>
    <which-solutions-does-your-company-have/>
    <building-energy-management-system/>
    <profit-from-your-energy-infrastructure/>
    <old-inherited-legacy-buildings-costly-to-run/>
    <software-to-reduce-energy-costs/>
    <renewable-energy-sources-for-businesses/>
    <how-to-reduce-your-carbon-footprint/>
    <rock-concert-energy-use/>
</jcr:root>
