<?xml version="1.0" encoding="UTF-8"?>
<jcr:root xmlns:cq="http://www.day.com/jcr/cq/1.0" xmlns:jcr="http://www.jcp.org/jcr/1.0"
    jcr:primaryType="cq:Page">
    <jcr:content/>
    <articles/>
    <birmingham/>
    <bedfordshire/>
    <berkshire/>
    <brighton/>
    <bristol/>
    <buckinghamshire/>
    <cambridgeshire/>
    <cheshire/>
    <chester/>
    <cornwall/>
    <cotswolds/>
    <county-durham/>
    <cumbria/>
    <derbyshire/>
    <devon/>
    <dorset/>
    <east-anglia/>
    <east-sussex/>
    <essex/>
    <gloucestershire/>
    <greater-manchester/>
    <hampshire/>
    <heathrow/>
    <herefordshire/>
    <hertfordshire/>
    <isle-of-man/>
    <isle-of-wight/>
    <kent/>
    <lancashire/>
    <leicestershire/>
    <lincolnshire/>
    <liverpool/>
    <london/>
    <manchester/>
    <newcastle-upon-tyne/>
    <northamptonshire/>
    <northumberland/>
    <nottinghamshire/>
    <oxfordshire/>
    <rutland/>
    <shropshire/>
    <somerset/>
    <staffordshire/>
    <surrey/>
    <warwickshire/>
    <west-midlands/>
    <west-sussex/>
    <wiltshire/>
    <worcestershire/>
    <yorkshire/>
    <hotels/>
    <application/>
    <_x0031_0-incredible-places-visit-england-stay/>
    <five-festive-breaks-england-case-christmas-europe-cancelled/>
    <secrets-britains-happiest-town/>
    <introducing-englands-newest-city-saucy-postcards-meet-soy-lattes/>
    <spa-resorts-remind-prison-happily-do-another-stretch/>
    <_x0031_0-fascinating-facts-englands-misunderstood-county/>
</jcr:root>
