<?xml version="1.0" encoding="UTF-8"?>
<jcr:root xmlns:cq="http://www.day.com/jcr/cq/1.0" xmlns:jcr="http://www.jcp.org/jcr/1.0"
    jcr:primaryType="cq:Page">
    <jcr:content/>
    <application/>
    <win-500-pounds-for-your-short-film/>
    <video-content-guidelines/>
    <thank-you-for-submitting-your-film/>
    <terms-and-conditions/>
    <things-to-do-in-the-ribble-valley/>
    <what-to-do-in-oxford/>
    <how-to-spend-three-days-in-cornwall/>
    <things-to-do-in-snowdonia/>
    <game-of-thrones-tour/>
    <belfast-weekend-break/>
    <draculas-link-to-whitby/>
    <scottish-highlands-activity-breaks/>
    <thetford-off-the-beaten-track/>
    <isle-of-arran-outdoor-activities/>
    <derby-weekend-break/>
    <dog-friendly-attractions-mid-wales/>
    <outsiders-guide-to-the-uk/>
</jcr:root>
