<?xml version="1.0" encoding="UTF-8"?>
<jcr:root xmlns:cq="http://www.day.com/jcr/cq/1.0" xmlns:jcr="http://www.jcp.org/jcr/1.0"
    jcr:primaryType="cq:Page">
    <jcr:content/>
    <jnane-tamsna-hotel/>
    <riyad-el-cadi-hotel/>
    <riad-tchaikana-hotel/>
    <maison-mnabha-hotel/>
    <palais-aziza-and-spa-hotel/>
    <riad-farnatchi-hotel/>
    <dar-al-assad-hotel/>
    <riad-le-j-hotel/>
    <dar-housnia-hotel/>
    <riad-sapphire-and-spa-hotel/>
    <riad-joya-hotel/>
    <villa-des-orangers-hotel/>
    <la-sultana-marrakech-hotel/>
    <maison-mk-hotel/>
    <riad-al-moussika-hotel/>
    <four-seasons-resort-marrakech-hotel/>
    <el-fenn-hotel/>
    <dar-darma-hotel/>
    <Dar-Les-Cigognes-hotel/>
    <Dar-Zemora-hotel/>
    <La-Maison-Arabe-hotel/>
    <Selman-Marrakech-hotel/>
    <Riad-Meriem-hotel/>
    <Riad-Kniza-hotel/>
    <Dar-Seven-hotel/>
    <Dar-Attajmil-hotel/>
    <hotel-ksar-char-bagh/>
    <Riad-72-hotel/>
    <Royal-Mansour-Marrakech-hotel/>
    <Les-Deux-Tours-hotel/>
    <Riad-Dixneuf-La-Ksour-hotel/>
    <Dar-Ayniwen-hotel/>
    <Dar-73-hotel/>
    <Riad-Kheirredine-hotel/>
    <Riad-Dar-Anika-hotel/>
    <Riad-Due-hotel/>
    <Riad-Capaldi-hotel/>
    <Talaa-12-riad-hotel/>
    <Riad-Noir-d-Ivoire-hotel/>
    <Dar-Sabra-hotel/>
    <P-tit-Habibi-riad-hotel/>
    <Riad-Siwan-hotel/>
    <riad-al-massarah-hotel/>
    <la-mamounia-hotel/>
    <riad-adore-hotel/>
    <amanjena-hotel/>
    <palais-namaskar-hotel/>
    <ksar-char-bagh-hotel/>
    <riad-berbere/>
    <casa-taos-hotel/>
    <les-jardins-de-la-medina-hotel/>
    <riad-noga/>
    <riad-up-hotel/>
    <riad-dar-one-hotel/>
    <dar-rhizlane-hotel/>
    <riad-mena-and-beyond/>
    <mandarin-oriental-marrakech-hotel/>
    <riad-azzar-hotel/>
    <anayela/>
    <riad-malika/>
    <riad-star/>
    <villa-makassar-hotel/>
    <pearl-marrakech-hotel/>
    <riad-camilia/>
    <riad-magellan-hotel/>
    <riad-tizwa-hotel/>
    <riad-matham/>
    <dar-saria-hotel/>
    <riad-les-yeux-bleus/>
    <riad-samsara-hotel/>
    <zamzam-riad-and-spa-hotel/>
    <chambres-d-amis/>
    <domaine-malika-hotel/>
    <es-saadi-resort-marrakech-hotel/>
    <dar-hanane-hotel/>
    <riad-be-marrakech-hotel/>
    <almaha-marrakech-hotel/>
    <radisson-blu-hotel-marrakech-carre-eden/>
    <riad-jardin-secret-hotel/>
    <riad-de-tarabel-hotel/>
    <palais-lamrani-hotel/>
    <riad-snan13-hotel/>
    <riad-jaaneman-hotel/>
    <dar-kawa-hotel/>
    <riad-goloboy-hotel/>
    <palais-khum-hotel/>
    <hostel-riad-marrakech-rouge-hotel/>
    <hostel-hotel-riad-layla-rouge/>
    <hostel-rainbow-marrakech-hotel/>
    <riad-jennah-rouge-hostel-hotel/>
    <hostel-waka-waka-hotel/>
    <hostel-riad-dia-hotel/>
    <equity-point-marrakech-hotel/>
    <marrakech-la-palmeraie-hotel/>
    <pullman-marrakech-palmeraie-resort-and-spa-hotel/>
    <moevenpick-hotel-mansour-eddahbi-marrakech/>
    <fairmont-royal-palm-marrakech-hotel/>
    <hotel-riu-tikida-garden/>
    <clubhotel-riu-tikida-palmeraie/>
    <kenzi-menara-palace-hotel/>
    <berber-lodge-hotel/>
    <l-hotel-marrakech/>
    <riad-42-hotel/>
    <riad-ennafoura-hotel/>
    <riad-numa-hotel/>
    <dar-rbaa-laroub-hotel/>
    <riad-l-atelier-hotel/>
    <dar-simons-hotel/>
    <the-oberoi-marrakech-hotel/>
</jcr:root>
