<?xml version="1.0" encoding="UTF-8"?>
<jcr:root xmlns:sling="http://sling.apache.org/jcr/sling/1.0" xmlns:cq="http://www.day.com/jcr/cq/1.0" xmlns:jcr="http://www.jcp.org/jcr/1.0" xmlns:mix="http://www.jcp.org/jcr/mix/1.0" xmlns:nt="http://www.jcp.org/jcr/nt/1.0"
    jcr:primaryType="cq:Page">
    <application/>
    <dubrovnik/>
    <hvar/>
    <articles/>
    <zagreb/>
    <split/>
    <korcula/>
    <hotels/>
    <rovinj/>
    <galleries/>
    <brac/>
    <istria/>
    <peljesac-peninsular/>
    <vis/>
    <krk/>
    <losinj/>
    <Rab/>
    <cres/>
    <zadar/>
    <osijek/>
    <lastovo/>
    <croatia-tours/>
    <croatia-holidays/>
    <croatia-ocean-cruises/>
    <pag/>
    <jcr:content
        cq:designPath="/etc/designs/telegraph/core"
        cq:lastModified="{Date}2022-03-16T20:23:40.705Z"
        cq:lastModifiedBy="mulvihill"
        cq:lastReplicated="{Date}2022-03-16T20:23:52.621Z"
        cq:lastReplicatedBy="mulvihill"
        cq:lastReplicationAction="Activate"
        cq:tags="[structure:travel,topics:places/croatia]"
        cq:template="/apps/telegraph/core/commons/templates/indexTemplate"
        jcr:description="Not sure where to go in Croatia? Read our expert reviews on hotels and restaurants, the best time to visit, and countless adventures to embark on."
        jcr:isCheckedOut="{Boolean}true"
        jcr:mixinTypes="[mix:referenceable,mix:versionable]"
        jcr:primaryType="cq:PageContent"
        jcr:title="Croatia"
        jcr:uuid="2b96d188-e8a4-4729-a2b3-05cd45d69e30"
        sling:resourceType="telegraph/core/commons/renderers/indexRenderer"
        conceptIds="[kJv4VN4fc5C]"
        concepts="\{&quot;label&quot;:&quot;Croatia (Europe) [Place]&quot;,&quot;id&quot;:&quot;kJv4VN4fc5C&quot;}"
        enableSocialFollow="{Boolean}false"
        isADestination="{Boolean}true"
        isASection="true"
        migratedFromHubTemplate="{Boolean}true"
        pageHeading="Expert guide to Croatia"
        pageId="AlM39M1vXXxV"
        pageTitle="Croatia travel guide | The Telegraph"
        publicationDateOverride="{Date}2017-04-13T13:09:00.000+01:00"
        publicUrl="https://www.telegraph.co.uk/travel/destinations/europe/croatia/"
        tmgLastActivationDate="{Date}2022-03-16T20:23:52.755Z"
        transformedDate="{Date}2022-02-04T15:05:12.509Z"
        transformedSource="Hub">
        <par
            jcr:primaryType="nt:unstructured"
            sling:resourceType="foundation/components/parsys">
            <articlelist_1
                jcr:primaryType="nt:unstructured"
                sling:resourceType="telegraph/core/commons/components/articleList"
                excludeOperator="OR"
                excludeTags="[structure:travel/news,storytype:guide,structure:blacklist]"
                hideByline="none"
                hideStandfirst="{Boolean}false"
                includeOperator="AND"
                includeTags="[structure:travel,topics:places/croatia]"
                layout="one-col"
                layoutCenterAligned="true"
                limit="{Long}1"
                offset="{Long}1"
                orderByDirection="desc"
                pageType="article"/>
            <articlelist_2
                jcr:primaryType="nt:unstructured"
                sling:resourceType="telegraph/core/commons/components/articleList"
                excludeOperator="OR"
                excludeTags="[structure:travel/news,storytype:guide,structure:blacklist]"
                hideByline="none"
                hideStandfirst="{Boolean}false"
                includeOperator="AND"
                includeTags="[structure:travel,topics:places/croatia]"
                layout="four-col"
                layoutCenterAligned="false"
                limit="{Long}4"
                offset="{Long}2"
                orderByDirection="desc"
                pageType="article"/>
            <articlelistcurated
                jcr:created="{Date}2022-03-12T12:06:06.220Z"
                jcr:createdBy="mulvihill"
                jcr:lastModified="{Date}2022-03-12T12:08:19.374Z"
                jcr:lastModifiedBy="mulvihill"
                jcr:primaryType="nt:unstructured"
                sling:resourceType="telegraph/core/commons/components/articleListCurated"
                hideByline="none"
                hideDates="{Boolean}true"
                layout="six-col"
                title="Where to stay in Croatia">
                <curatedParsys
                    jcr:primaryType="nt:unstructured"
                    sling:resourceType="foundation/components/parsys">
                    <articlelistcard_1060706949
                        jcr:created="{Date}2022-03-12T12:08:52.181Z"
                        jcr:createdBy="mulvihill"
                        jcr:lastModified="{Date}2022-03-12T12:13:59.983Z"
                        jcr:lastModifiedBy="mulvihill"
                        jcr:primaryType="nt:unstructured"
                        sling:resourceType="telegraph/core/commons/components/articleListCard"
                        cardHeadline="The best hotels in Dubrovnik"
                        pagePath="/content/telegraph/travel/destinations/europe/croatia/dubrovnik/hotels/">
                        <image
                            jcr:lastModified="{Date}2022-03-12T12:13:59.983Z"
                            jcr:lastModifiedBy="mulvihill"
                            jcr:primaryType="nt:unstructured"
                            path="/content/dam/Travel/2021/Dubrovnik.jpg"/>
                    </articlelistcard_1060706949>
                    <articlelistcard_1662787337
                        jcr:created="{Date}2022-03-12T12:08:50.443Z"
                        jcr:createdBy="mulvihill"
                        jcr:lastModified="{Date}2022-03-12T12:14:25.907Z"
                        jcr:lastModifiedBy="mulvihill"
                        jcr:primaryType="nt:unstructured"
                        sling:resourceType="telegraph/core/commons/components/articleListCard"
                        cardHeadline="The best hotels in Hvar"
                        pagePath="/content/telegraph/travel/destinations/europe/croatia/hvar/hotels/">
                        <image
                            jcr:lastModified="{Date}2022-03-12T12:14:25.907Z"
                            jcr:lastModifiedBy="mulvihill"
                            jcr:primaryType="nt:unstructured"
                            path="/content/dam/Travel/2021/Hvar.jpg"/>
                    </articlelistcard_1662787337>
                    <articlelistcard_1620763105
                        jcr:created="{Date}2022-03-12T12:08:49.083Z"
                        jcr:createdBy="mulvihill"
                        jcr:lastModified="{Date}2022-03-12T12:14:48.783Z"
                        jcr:lastModifiedBy="mulvihill"
                        jcr:primaryType="nt:unstructured"
                        sling:resourceType="telegraph/core/commons/components/articleListCard"
                        cardHeadline="The best hotels in Split"
                        pagePath="/content/telegraph/travel/destinations/europe/croatia/split/hotels/">
                        <image
                            jcr:lastModified="{Date}2022-03-12T12:14:48.783Z"
                            jcr:lastModifiedBy="mulvihill"
                            jcr:primaryType="nt:unstructured"
                            path="/content/dam/Travel/2021/Split.jpg"/>
                    </articlelistcard_1620763105>
                    <articlelistcard_1545862992
                        jcr:created="{Date}2022-03-12T12:08:47.774Z"
                        jcr:createdBy="mulvihill"
                        jcr:lastModified="{Date}2022-03-12T12:15:15.593Z"
                        jcr:lastModifiedBy="mulvihill"
                        jcr:primaryType="nt:unstructured"
                        sling:resourceType="telegraph/core/commons/components/articleListCard"
                        cardHeadline="The best hotels in Zagreb"
                        pagePath="/content/telegraph/travel/destinations/europe/croatia/zagreb/hotels/">
                        <image
                            jcr:lastModified="{Date}2022-03-12T12:15:15.593Z"
                            jcr:lastModifiedBy="mulvihill"
                            jcr:primaryType="nt:unstructured"
                            path="/content/dam/Travel/2021/Zagreb.jpg"/>
                    </articlelistcard_1545862992>
                    <articlelistcard_1669995646
                        jcr:created="{Date}2022-03-12T12:08:46.036Z"
                        jcr:createdBy="mulvihill"
                        jcr:lastModified="{Date}2022-03-12T12:15:43.044Z"
                        jcr:lastModifiedBy="mulvihill"
                        jcr:primaryType="nt:unstructured"
                        sling:resourceType="telegraph/core/commons/components/articleListCard"
                        cardHeadline="The best hotels in Zadar"
                        pagePath="/content/telegraph/travel/destinations/europe/croatia/zadar/hotels/">
                        <image
                            jcr:lastModified="{Date}2022-03-12T12:15:43.044Z"
                            jcr:lastModifiedBy="mulvihill"
                            jcr:primaryType="nt:unstructured"
                            path="/content/dam/Travel/2021/Zadar.jpg"/>
                    </articlelistcard_1669995646>
                    <articlelistcard
                        jcr:created="{Date}2022-03-12T12:08:42.358Z"
                        jcr:createdBy="mulvihill"
                        jcr:lastModified="{Date}2022-03-12T12:16:14.451Z"
                        jcr:lastModifiedBy="mulvihill"
                        jcr:primaryType="nt:unstructured"
                        sling:resourceType="telegraph/core/commons/components/articleListCard"
                        cardHeadline="The best hotels in Brac"
                        pagePath="/content/telegraph/travel/destinations/europe/croatia/brac/hotels/">
                        <image
                            jcr:lastModified="{Date}2022-03-12T12:16:14.451Z"
                            jcr:lastModifiedBy="mulvihill"
                            jcr:primaryType="nt:unstructured"
                            path="/content/dam/Travel/2021/Brac.jpg"/>
                    </articlelistcard>
                </curatedParsys>
            </articlelistcurated>
            <articlelistcurated_864180120
                jcr:created="{Date}2022-03-12T12:16:33.317Z"
                jcr:createdBy="mulvihill"
                jcr:lastModified="{Date}2022-03-12T12:16:42.565Z"
                jcr:lastModifiedBy="mulvihill"
                jcr:primaryType="nt:unstructured"
                sling:resourceType="telegraph/core/commons/components/articleListCurated"
                hideByline="none"
                hideDates="{Boolean}true"
                layout="six-col">
                <curatedParsys
                    jcr:primaryType="nt:unstructured"
                    sling:resourceType="foundation/components/parsys">
                    <articlelistcard_26629393
                        jcr:created="{Date}2022-03-12T12:17:04.440Z"
                        jcr:createdBy="mulvihill"
                        jcr:lastModified="{Date}2022-03-12T12:17:26.933Z"
                        jcr:lastModifiedBy="mulvihill"
                        jcr:primaryType="nt:unstructured"
                        sling:resourceType="telegraph/core/commons/components/articleListCard"
                        pagePath="/content/telegraph/travel/destinations/europe/croatia/dubrovnik/articles/where-to-stay-in-dubrovnik-hotels-by-district/">
                        <image
                            jcr:lastModified="{Date}2022-03-12T12:17:26.933Z"
                            jcr:lastModifiedBy="mulvihill"
                            jcr:primaryType="nt:unstructured"/>
                    </articlelistcard_26629393>
                    <articlelistcard_1490111688
                        jcr:created="{Date}2022-03-12T12:17:02.908Z"
                        jcr:createdBy="mulvihill"
                        jcr:lastModified="{Date}2022-03-12T12:17:42.655Z"
                        jcr:lastModifiedBy="mulvihill"
                        jcr:primaryType="nt:unstructured"
                        sling:resourceType="telegraph/core/commons/components/articleListCard"
                        pagePath="/content/telegraph/travel/destinations/europe/croatia/dubrovnik/articles/best-luxury-hotels-in-dubrovnik/">
                        <image
                            jcr:lastModified="{Date}2022-03-12T12:17:42.655Z"
                            jcr:lastModifiedBy="mulvihill"
                            jcr:primaryType="nt:unstructured"/>
                    </articlelistcard_1490111688>
                    <articlelistcard_479648893
                        jcr:created="{Date}2022-03-12T12:17:01.625Z"
                        jcr:createdBy="mulvihill"
                        jcr:lastModified="{Date}2022-03-12T12:17:57.484Z"
                        jcr:lastModifiedBy="mulvihill"
                        jcr:primaryType="nt:unstructured"
                        sling:resourceType="telegraph/core/commons/components/articleListCard"
                        pagePath="/content/telegraph/travel/destinations/europe/croatia/dubrovnik/articles/the-best-boutique-hotels-in-dubrovnik/">
                        <image
                            jcr:lastModified="{Date}2022-03-12T12:17:57.484Z"
                            jcr:lastModifiedBy="mulvihill"
                            jcr:primaryType="nt:unstructured"/>
                    </articlelistcard_479648893>
                    <articlelistcard_1063067892
                        jcr:created="{Date}2022-03-12T12:17:00.068Z"
                        jcr:createdBy="mulvihill"
                        jcr:lastModified="{Date}2022-03-12T12:18:12.985Z"
                        jcr:lastModifiedBy="mulvihill"
                        jcr:primaryType="nt:unstructured"
                        sling:resourceType="telegraph/core/commons/components/articleListCard"
                        pagePath="/content/telegraph/travel/destinations/europe/croatia/articles/best-croatian-islands-and-where-to-stay-for-the-best-hotels/">
                        <image
                            jcr:lastModified="{Date}2022-03-12T12:18:12.985Z"
                            jcr:lastModifiedBy="mulvihill"
                            jcr:primaryType="nt:unstructured"/>
                    </articlelistcard_1063067892>
                    <articlelistcard_180645641
                        jcr:created="{Date}2022-03-12T12:16:58.594Z"
                        jcr:createdBy="mulvihill"
                        jcr:lastModified="{Date}2022-03-12T12:18:30.205Z"
                        jcr:lastModifiedBy="mulvihill"
                        jcr:primaryType="nt:unstructured"
                        sling:resourceType="telegraph/core/commons/components/articleListCard"
                        pagePath="/content/telegraph/travel/destinations/europe/croatia/dubrovnik/articles/best-hotel-spa-dubrovnik/">
                        <image
                            jcr:lastModified="{Date}2022-03-12T12:18:30.205Z"
                            jcr:lastModifiedBy="mulvihill"
                            jcr:primaryType="nt:unstructured"/>
                    </articlelistcard_180645641>
                    <articlelistcard
                        jcr:created="{Date}2022-03-12T12:16:51.915Z"
                        jcr:createdBy="mulvihill"
                        jcr:lastModified="{Date}2022-03-12T12:18:58.812Z"
                        jcr:lastModifiedBy="mulvihill"
                        jcr:primaryType="nt:unstructured"
                        sling:resourceType="telegraph/core/commons/components/articleListCard"
                        pagePath="/content/telegraph/travel/destinations/europe/croatia/dubrovnik/articles/best-romantic-hotels-in-dubrovnik/">
                        <image
                            jcr:lastModified="{Date}2022-03-12T12:18:58.812Z"
                            jcr:lastModifiedBy="mulvihill"
                            jcr:primaryType="nt:unstructured"/>
                    </articlelistcard>
                </curatedParsys>
            </articlelistcurated_864180120>
            <articlelist_3
                jcr:lastModified="{Date}2022-03-12T12:19:23.767Z"
                jcr:lastModifiedBy="mulvihill"
                jcr:primaryType="nt:unstructured"
                sling:resourceType="telegraph/core/commons/components/articleList"
                excludeOperator="OR"
                excludeTags="[structure:travel/news,storytype:guide,structure:blacklist]"
                hideByline="none"
                includeOperator="AND"
                includeTags="[structure:travel,topics:places/croatia]"
                layout="mpu"
                limit="{Long}4"
                offset="{Long}6"
                orderByDirection="desc"
                pageType="article"
                title="Latest articles">
                <image
                    jcr:lastModified="{Date}2022-03-12T12:19:23.767Z"
                    jcr:lastModifiedBy="mulvihill"
                    jcr:primaryType="nt:unstructured"/>
            </articlelist_3>
            <articlelist_4
                jcr:primaryType="nt:unstructured"
                sling:resourceType="telegraph/core/commons/components/articleList"
                excludeOperator="OR"
                excludeTags="[structure:travel/news,storytype:guide,structure:blacklist]"
                hideByline="none"
                hideStandfirst="{Boolean}true"
                includeOperator="AND"
                includeTags="[structure:travel,topics:places/croatia]"
                layout="four-col"
                layoutCenterAligned="false"
                limit="{Long}8"
                offset="{Long}10"
                orderByDirection="desc"
                pageType="article"/>
            <articlelist_5
                jcr:primaryType="nt:unstructured"
                sling:resourceType="telegraph/core/commons/components/articleList"
                excludeOperator="OR"
                excludeTags="[structure:travel/news,storytype:guide,structure:blacklist]"
                hideByline="none"
                hideStandfirst="{Boolean}true"
                includeOperator="AND"
                includeTags="[structure:travel,topics:places/croatia]"
                layout="two-col"
                layoutCenterAligned="false"
                limit="{Long}2"
                offset="{Long}18"
                orderByDirection="desc"
                pageType="article"/>
            <commercialunit
                jcr:primaryType="nt:unstructured"
                sling:resourceType="telegraph/core/commons/components/commercialUnit"/>
            <articlelist_6
                jcr:primaryType="nt:unstructured"
                sling:resourceType="telegraph/core/commons/components/articleList"
                excludeOperator="OR"
                excludeTags="[structure:travel/news,storytype:guide,structure:blacklist]"
                hideByline="none"
                hideStandfirst="{Boolean}true"
                includeOperator="AND"
                includeTags="[structure:travel,topics:places/croatia]"
                layout="four-col"
                layoutCenterAligned="false"
                limit="{Long}8"
                offset="{Long}20"
                orderByDirection="desc"
                pageType="article"/>
            <articlelist_7
                jcr:primaryType="nt:unstructured"
                sling:resourceType="telegraph/core/commons/components/articleList"
                excludeOperator="OR"
                excludeTags="[structure:travel/news,storytype:guide,structure:blacklist]"
                hideByline="none"
                hideStandfirst="{Boolean}true"
                includeOperator="AND"
                includeTags="[structure:travel,topics:places/croatia]"
                layout="two-col"
                layoutCenterAligned="false"
                limit="{Long}2"
                offset="{Long}28"
                orderByDirection="desc"
                pageType="article"/>
            <productteaserpack
                jcr:created="{Date}2022-03-12T12:06:20.706Z"
                jcr:createdBy="mulvihill"
                jcr:lastModified="{Date}2022-03-16T20:23:40.690Z"
                jcr:lastModifiedBy="mulvihill"
                jcr:primaryType="nt:unstructured"
                sling:resourceType="telegraph/core/travel/components/productTeaserPack"
                columns="4"
                link="/content/telegraph/travel/destinations/europe/croatia/hotels"
                linkLabel="View all hotels"
                linkTitle="More hotels in Croatia"
                place="\{&quot;label&quot;:&quot;Croatia [Country: Croatia, Continent: Europe]&quot;,&quot;id&quot;:&quot;kJv4VN4fc5C&quot;}"
                placeIds="kJv4VN4fc5C"
                rows="1"
                type="travel-entity:hotel"/>
            <articlelist_8
                jcr:primaryType="nt:unstructured"
                sling:resourceType="telegraph/core/commons/components/articleList"
                excludeOperator="OR"
                excludeTags="[structure:travel/news,storytype:guide,structure:blacklist]"
                hideByline="none"
                hideStandfirst="{Boolean}false"
                includeOperator="AND"
                includeTags="[structure:travel,topics:places/croatia]"
                layout="mpu"
                layoutCenterAligned="false"
                limit="{Long}4"
                offset="{Long}30"
                orderByDirection="desc"
                pageType="article"/>
            <articlelistpaginatio
                jcr:primaryType="nt:unstructured"
                sling:resourceType="telegraph/core/commons/components/articleListPagination"
                excludeOperator="OR"
                excludeTags="[structure:travel/news,storytype:guide,structure:blacklist]"
                hideByline="none"
                hideStandfirst="{Boolean}false"
                includeOperator="AND"
                includeTags="[structure:travel,topics:places/croatia]"
                layout=""
                layoutCenterAligned="false"
                limit="{Long}4"
                offset="{Long}30"
                orderByDirection="desc"
                pageType="article"/>
        </par>
    </jcr:content>
    <mljet/>
    <cavtat/>
    <lopud/>
    <island-hopping-croatia-mediterranean-summer-adventure-holiday-2022/>
    <beautiful-unsung-slice-croatia-get-easier-reach/>
    <croatias-brijuni-islands-loved-locals-why-should-visit/>
</jcr:root>
