<?xml version="1.0" encoding="UTF-8"?>
<jcr:root xmlns:cq="http://www.day.com/jcr/cq/1.0" xmlns:jcr="http://www.jcp.org/jcr/1.0"
    jcr:primaryType="cq:Page">
    <jcr:content/>
    <headlam-hall/>
    <seaham-hall-hotel/>
    <lumley-castle-hotel/>
    <ramside-hall-hotel/>
    <the-morritt-hotel/>
    <the-rose-and-crown-hotel/>
    <wynyard-hall-hotel/>
    <rockcliffe-hall-hotel/>
    <south-causey-inn-hotel/>
    <beamish-hall-country-house-hotel/>
    <the-impeccable-pig-hotel/>
</jcr:root>
