<?xml version="1.0" encoding="UTF-8"?>
<jcr:root xmlns:cq="http://www.day.com/jcr/cq/1.0" xmlns:jcr="http://www.jcp.org/jcr/1.0"
    jcr:primaryType="cq:Page">
    <jcr:content/>
    <amsterdam/>
    <delft/>
    <rotterdam/>
    <hotels/>
    <articles/>
    <the-hague/>
    <galleries/>
    <application/>
    <canal-belt/>
    <netherlands-holidays/>
    <netherlands-river-cruises/>
    <leeuwarden/>
    <mauritshuis-greatest-art-gallery-probably-never-heard/>
    <_x0031_0-ways-see-hollands-once-in-a-decade-flower-extravaganza/>
    <dutch-unbelievably-rude/>
    <real-reason-dutch-stingy/>
    <surprising-country-still-banning-millions-britons/>
</jcr:root>
