<?xml version="1.0" encoding="UTF-8"?>
<jcr:root xmlns:cq="http://www.day.com/jcr/cq/1.0" xmlns:jcr="http://www.jcp.org/jcr/1.0"
    jcr:primaryType="cq:Page">
    <jcr:content/>
    <mauritius-beaches/>
    <mauritius-travelguide/>
    <mauritius-attractions/>
    <mauritius-nightlife/>
    <mauritius-restaurants/>
    <mauritius-gettingthere/>
    <Mauritius-a-girls-guide-to-the-best-shops-hotels-and-restaurants/>
    <Mauritiuss-best-restaurants-by-Shelina-Permalloo/>
    <Shelina-Permalloos-Mauritius-Gourmet-Getaways/>
    <Should-I-visit-Mauritius-in-summer/>
    <Mauritius-wildlife-holiday-beyond-the-beaches-and-luxury-hotels/>
    <Mauritius-readers-tips-recommendations-and-travel-advice/>
    <Mauritius-hotel-for-a-family-with-teenagers/>
    <All-inclusive-Mauritius/>
    <Mauritius-in-winter-will-it-rain/>
    <Is-this-the-coolest-hotel-in-Mauritius/>
    <exciting-new-sleep-retreat-launches-at-shanti-maurice-hotel-mauritius/>
    <the-best-romantic-mauritius-hotels/>
    <best-family-friendly-mauritius-hotels/>
    <month-long-cruise-mauritius/>
    <meet-the-salt-of-the-earth-in-mauritius/>
    <wellness-festival-heritage-le-telfair-hotel/>
    <heritage-le-telfair-hotel-seven-colours-spa-wellness-festival/>
    <best-places-eat-mauritius-dishes/>
    <best-all-inclusive-mauritius-hotels/>
</jcr:root>
