<?xml version="1.0" encoding="UTF-8"?>
<jcr:root xmlns:cq="http://www.day.com/jcr/cq/1.0" xmlns:jcr="http://www.jcp.org/jcr/1.0"
    jcr:primaryType="cq:Page">
    <jcr:content/>
    <cavo-tagoo-hotel/>
    <matogianni-hotel/>
    <grace-mykonos-hotel/>
    <semeli-hotel/>
    <poseidon-hotel-suites/>
    <san-giorgio-mykonos-hotel/>
    <mykonos-grand-hotel-and-resort/>
    <petasos-beach-resort-and-spa-hotel/>
    <kensho-hotel/>
    <mykonos-blu-hotel/>
    <bill-and-coo-suites-and-lounge-hotel/>
    <tharroe-of-mykonos-hotel/>
    <myconian-kyma-hotel/>
    <myconian-ambassador-hotel/>
    <myconian-korali-hotel/>
    <livin-mykonos-hotel/>
    <mykonos-princess-hotel/>
    <pietra-e-mare-hotel/>
    <santa-marina-a-luxury-collection-resort-hotel/>
    <kivotos-mykonos-hotel/>
    <bill-and-coo-coast-suites-hotel/>
    <osom-resort-hotel/>
    <leto-hotel/>
    <myconian-avaton-hotel/>
    <myconian-imperial-hotel/>
    <myconian-naia-hotel/>
    <myconian-villa-collection-hotel/>
    <myconian-utopia-hotel/>
    <royal-myconian-hotel/>
    <kensho-psarou-hotel/>
    <belvedere-hotel/>
    <katikies-mykonos-hotel/>
    <the-wild-hotel/>
    <soho-roc-house-hotel/>
    <kalesma-hotel/>
    <destino-pacha-mykonos-hotel/>
</jcr:root>
