<?xml version="1.0" encoding="UTF-8"?>
<jcr:root xmlns:cq="http://www.day.com/jcr/cq/1.0" xmlns:jcr="http://www.jcp.org/jcr/1.0"
    jcr:primaryType="cq:Page">
    <jcr:content/>
    <application/>
    <personalised-wine/>
    <aldi-valdobbiadene-prosecco-superiore-top-picks/>
    <clare-valley-riesling/>
    <chateauneuf-du-pape-cuvee-13/>
    <the-project-sauvignon-blanc/>
    <tudor-shiraz-2014-central-victoria/>
    <margaret-river-chardonnay-2014-western-australia/>
    <gavi-italian-dry-white-wine/>
    <great-value-bordeaux-red-wine/>
    <grande-alberone-zinfandel-barbecue/>
    <organic-white-j-c-mas-blanc-reserve/>
    <organic-prosecco-pianeta-organico/>
    <j-c-mas-pinot-noir/>
    <grillo-sauvignon-terre-siciliana/>
    <asti-spumante-docg-sparkling/>
    <exquisite-argentinian-malbec/>
    <prize-draw-win-aldi-wine/>
    <terms-and-conditions-aldi-prize-draw/>
    <thank-you-for-entering/>
</jcr:root>
