<?xml version="1.0" encoding="UTF-8"?>
<jcr:root xmlns:cq="http://www.day.com/jcr/cq/1.0" xmlns:jcr="http://www.jcp.org/jcr/1.0"
    jcr:primaryType="cq:Page">
    <jcr:content/>
    <lakaz-chamarel-exclusive-lodge-hotel/>
    <tamassa-hotel/>
    <maradiva-villas-resort-and-spa-hotel/>
    <shangri-las-le-touessrok-resort-and-spa-hotel/>
    <one-and-only-le-saint-geran-hotel/>
    <heritage-le-telfair-golf-and-wellness-resort-hotel/>
    <trou-aux-biches-beachcomber-golf-resort-and-spa-hotel/>
    <la-pirogue-resort-and-spa-hotel/>
    <preskil-island-resort-hotel/>
    <_x0032_0-degrees-sud-hotel/>
    <four-seasons-resort-mauritius-at-anahita-hotel/>
    <royal-palm-beachcomber-luxury-hotel/>
    <the-westin-turtle-bay-resort-and-spa-hotel/>
    <sands-suites-resort-and-spa-hotel/>
    <the-oberoi-mauritius-hotel/>
    <shandrani-beachcomber-resort-and-spa-hotel/>
    <dinarobin-beachcomber-golf-resort-and-spa-hotel/>
    <tamarina-golf-and-spa-boutique-hotel/>
    <lux-grand-gaube-hotel/>
    <merville-beach-hotel/>
    <recif-attitude-hotel/>
    <seapoint-boutique-hotel/>
    <maison-papaye-hotel/>
    <the-address-boutique-hotel/>
    <la-maison-d-ete-hotel/>
    <veranda-paul-et-virginie-hotel/>
    <bubble-lodge-ile-aux-cerfs-hotel/>
    <outrigger-mauritius-beach-resort-hotel/>
    <sugar-beach-hotel/>
    <veranda-tamarin-hotel/>
    <canonnier-beachcomber-hotel/>
    <anantara-iko-mauritius-resort-and-villas-hotel/>
    <the-bay-hotel/>
    <c-mauritius-hotel/>
</jcr:root>
