<?xml version="1.0" encoding="UTF-8"?>
<jcr:root xmlns:cq="http://www.day.com/jcr/cq/1.0" xmlns:jcr="http://www.jcp.org/jcr/1.0"
    jcr:primaryType="cq:Page">
    <jcr:content/>
    <chengdu/>
    <beijing/>
    <hotels/>
    <articles/>
    <shanghai/>
    <shandong/>
    <yunnan/>
    <galleries/>
    <application/>
    <huzhou/>
    <hainan/>
    <china-tours/>
    <how-chinese-tourists-travel-etiquette-and-money/>
    <could-still-years-can-visit-china/>
    <what-really-like-stay-chinese-quarantine-hotel/>
</jcr:root>
