<?xml version="1.0" encoding="UTF-8"?>
<jcr:root xmlns:cq="http://www.day.com/jcr/cq/1.0" xmlns:jcr="http://www.jcp.org/jcr/1.0"
    jcr:primaryType="cq:Page">
    <jcr:content/>
    <design-ideas-for-accessible-bathrooms/>
    <application/>
    <multigenerational-living/>
    <win-a-bathroom-upgrade/>
    <is-a-new-bathroom-worth-it/>
    <bathroom-makeover/>
    <trends-for-2018/>
    <how-to-make-your-bathroom-more-accessible/>
    <different-generations-same-bathroom/>
    <wet-room-vs-shower/>
    <lasting-designs/>
</jcr:root>
