<?xml version="1.0" encoding="UTF-8"?>
<jcr:root xmlns:cq="http://www.day.com/jcr/cq/1.0" xmlns:jcr="http://www.jcp.org/jcr/1.0"
    jcr:primaryType="cq:Page">
    <jcr:content/>
    <application/>
    <daily-racing-tips/>
    <daily-fantasy-racing/>
    <a-guide-to-our-racecards/>
    <cheltenham-enhanced-racing-specials/>
    <four-early-favourites-for-cheltenham-festival/>
    <cheltenham-festival-betting-offers/>
    <cheltenham-betting-offers/>
    <grand-national-betting-offers/>
    <Horse-racing-four-to-win-Royal-Ascot/>
    <Horse-racing-tips-Day-Two-Royal-Ascot/>
    <Daily-racing-Four-to-win-Day-Three-Royal-Ascot/>
    <Horse-racing-four-to-win-on-Day-Four/>
    <Horse-racing-Day-Five-at-Royal-Ascot/>
    <Todays-Horse-Racing-Tips/>
    <cheltenham-festival-day-one-tips/>
    <_x0032_019-10-31-stratford-lingfield-thursday-31st-oct/>
    <_x0032_019-11-1-newcastle-down-royal-friday-1st-nov/>
    <_x0032_019-11-1-breeders-cup-day-one-preview/>
    <_x0032_019-11-4-plumpton-hereford-monday-4th-nov/>
    <_x0032_019-11-04-horse-racing-tips-melbourne-cup-2019-preview/>
    <_x0032_019-11-4-horse-racing-weekend-review/>
    <_x0032_019-11-5-exeter-kempton-tue-5th-nov/>
    <_x0032_019-11-6-chepstow-nottingham-wolverhampton-wednesday-6th-nov/>
    <_x0032_019-11-7-newbury-Chelmsford-thursday-7th-nov/>
    <_x0032_019-11-8-newcastle-warwick-chelmsford-friday-8th-nov/>
    <_x0032_019-11-9-aintree-wincanton-sandown-tips/>
    <_x0032_019-11-12-Hereford-Huntingdon-Lingfield-tips/>
    <_x0032_019-11-13-bangor-ayr-exeter-tips/>
    <_x0032_019-11-14-clonmel-sedgefield-taunton-tips/>
    <_x0032_019-11-15-southwell-dundalk-tips/>
    <_x0032_019-11-16-cheltenham-placepot-tips/>
    <_x0032_019-11-16-cheltenham-tips/>
    <_x0032_019-11-18-wolverhampton-southwell-tips/>
    <_x0032_019-11-19-fakenham-chelmsford-kempton/>
    <_x0032_019-11-20-chepstow-kempton-dundalk-tips/>
    <_x0032_019-11-21-newcastle-market-rasen-wincanton-tips/>
    <_x0032_019-11-22-ascot-newcastle-tips/>
    <_x0032_019-11-23-ascot-haydock-tips/>
    <_x0032_019-11-25-kempton-ludlow-tips/>
    <_x0032_019-11-26-southwell-wolverhampton-sedgefield-tips/>
    <_x0032_019-11-27-wetherby-kempton-tips/>
    <_x0032_019-11-28-taunton-chelmsford-tips/>
    <_x0032_019-11-29-newbury-kempton-tips/>
    <_x0032_019-11-29-Ladbrokes-trophy-tips/>
    <_x0032_019-11-29-newbury-newcastle-tips/>
    <_x0032_019-12-02-plumpton-wolverhampton-tips/>
    <_x0032_019-12-03-lingfield-southwell-wolverhampton-tips/>
    <_x0032_019-12-04-haydock-kempton-tips/>
    <_x0032_019-12-05-leicester-wincanton-southwell-tips/>
    <_x0032_019-12-07-becher-chase-betting-tips/>
    <_x0032_019-12-06-sandown-newcastle-dundalk-tips/>
    <_x0032_019-12-07-tingle-creek-betting-tips/>
    <_x0032_019-12-06-sandown-aintree-punchestown/>
    <_x0032_019-12-09-musselburgh-lingfield-tips/>
    <_x0032_019-12-10-fontwell-wolverhampton-tips/>
    <_x0032_019-12-11-leicester-hexham-chelmsford-tips/>
    <_x0032_019-12-12-taunton-warwick-wolverhampton-tips/>
    <_x0032_019-12-13-cheltenham-bangor-tips/>
    <_x0032_019-12-14-caspian-caviar-gold-cup-betting-tips/>
    <_x0032_019-12-14-cheltenham-placepot-tips/>
    <_x0032_019-12-14-cheltenham-tips/>
    <_x0032_019-12-16-naas-plumpton-wolverhampton-tips/>
    <_x0032_019-12-17-fakenham-catterick-tips/>
    <_x0032_019-12-18-newbury-newcastle-dundalk-tips/>
    <_x0032_019-12-19-exeter-wolverhampton-tips/>
    <_x0032_019-12-20-ascot-dundalk-tips/>
    <_x0032_019-12-26-leopardstown-wincanton-tips/>
    <_x0032_019-12-26-king-george-vi-tips/>
    <_x0032_019-12-26-kempton-placepot-tips/>
    <_x0032_019-12-27-welsh-grand-national-betting-tips/>
    <_x0032_019-12-27-chepstow-placepot-tips/>
    <_x0032_019-12-27-kempton-leopardstown-wolverhampton-tips/>
    <_x0032_019-12-28-leopardstown-newbury-leicester-tips/>
    <_x0032_019-12-30-haydock-taunton-lingfield-tips/>
    <_x0032_019-12-31-punchestown-lingfield-racing-tips/>
    <_x0032_020-01-01-ayr-lingfield-tips/>
    <_x0032_020-01-03-Musselburgh-Hereford-Wolverhampton-tips/>
    <_x0032_020-01-04-sandown-lingfield-tips/>
    <_x0032_020-01-06-chepstow-wolverhampton-tips/>
    <_x0032_020-01-07-taunton-southwell-tips/>
    <_x0032_020-01-08-kempton-newcastle-tips/>
    <_x0032_020-01-09-catterick-newcastle-tips/>
    <grand-national-betting-classic-chase/>
    <_x0032_020-01-10-thurles-dundalk-lingfield-tips/>
    <_x0032_020-01-11-classic-chase-betting-tips/>
    <_x0032_020-01-11-sandown-lingfield-tips/>
    <_x0032_020-01-13-southwell-wolverhampton-tips/>
    <_x0032_020-01-14-chelmsford-fairyhouse-doncaster-tips/>
    <_x0032_020-01-15-newbury-southwell-tips/>
    <_x0032_020-01-16-ludlow-newcastle-tips/>
    <_x0032_020-01-17-chepstow-musselburgh-lingfield-tips/>
    <_x0032_020-01-18-clarence-house-chase-betting-tips/>
    <_x0032_020-01-18-ascot-thurles-haydock-tips/>
    <_x0032_020-01-20-wolverhampton-kempton-plumpton-tips/>
    <_x0032_020-01-21-exeter-newcastle-tips/>
    <_x0032_020-01-22-catterick-kempton-tips/>
    <_x0032_020-01-23-Fakenham-Southwell-tips/>
    <_x0032_020-01-24-lingfield-doncaster-tips/>
    <_x0032_020-01-25-cheltenham-placepot-tips-trials-day/>
    <_x0032_020-01-25-cheltenham-tips-trials-day/>
    <_x0032_020-01-25-cotswold-chase-cheltenham-betting-tips/>
    <_x0032_020-01-27-wolverhampton-plumpton-tips/>
    <_x0032_020-01-28-southwell-newcastle-tips/>
    <_x0032_020-01-29-kempton-leicester-tips/>
    <_x0032_020-01-30-wincanton-southwell-tips/>
    <_x0032_020-01-31-catterick-chepstow-newcastle-tips/>
    <_x0032_020-02-01-dublin-racing-festival-saturday-tips-leopardstown/>
    <_x0032_020-02-01-sandown-lingfield-musselburgh-tips/>
    <_x0032_020-02-02-dublin-racing-festival-sunday-tips-leopardstown/>
    <_x0032_020-02-03-carlisle-wolverhapton-tips/>
    <_x0032_020-02-04-market-rasen-sedgefield-kempton-tips/>
    <_x0032_020-02-05-southwell-ludlow-wolverhampton-tips/>
    <_x0032_020-02-06-huntingdon-doncaster-tips/>
    <cheltenham-festival/>
    <_x0032_020-02-07-kempton-bangor-tips/>
    <_x0032_020-02-08-betfair-hurdle-betting-tips/>
    <_x0032_020-02-08-warwick-newbury-uttoxeter-tips-saturday/>
    <_x0032_020-02-10-wolverhampton-plumpton-tips/>
    <_x0032_020-02-11-chelmsford-newcastle-tips/>
    <_x0032_020-02-12-southwell-kempton-tips/>
    <_x0032_020-02-13-leicester-chelmsford-tips-today/>
    <_x0032_020-02-14-lingfield-southwell-tips-today/>
    <_x0032_020-02-15-haydock-grand-national-trial-odds-betting-tips/>
    <_x0032_020-02-15-ascot-wincanton-newcastle-tips-saturday/>
    <_x0032_020-02-17-kempton-carlisle-tips-today/>
    <_x0032_020-02-17-cheltenham-festival-2020-betting/>
    <_x0032_020-02-18-southwell-musselburgh-punchestown-tips-today/>
    <_x0032_020-02-19-ludlow-doncaster-tips-today/>
    <_x0032_020-02-20-southwell-huntingdon-chelmsford-tips-today/>
    <_x0032_020-02-24-exeter-newcastle-warwick-tips-today/>
    <_x0032_020-02-24-southwell-wolverhampton-tips-today/>
    <_x0032_020-02-25-lingfield-tips-today/>
    <_x0032_020-02-24-cheltenham-festival-2020-betting/>
    <_x0032_020-02-26-market-rasen-muselburgh-kempton-tips-today/>
    <_x0032_020-02-27-ludlow-newcastle-tips-today/>
    <_x0032_020-02-28-doncaster-newbury-dundalk-tips-today/>
    <_x0032_020-02-29-kelso-lingfield-newbury-saturday/>
    <_x0032_020-03-02-wolverhampton-wetherby-leopardstown-tips-today/>
    <_x0032_020-03-02-cheltenham-festival-2020-betting/>
    <_x0032_020-03-03-Navan-Exeter-tips-today/>
    <horse-racing-tips-today-lingfield-catterick-kempton-4th-march/>
    <horse-racing-tips-today-carlisle-southwell-wincanton-5th-march/>
    <horse-racing-tips-today-wolverhampton-chelmsford-dundalk-6th-march/>
    <saturday-racing-tips-gowran-park-ayr-wolverhampton-7th-march/>
    <_x0032_020-03-09-cheltenham-festival-2020-betting/>
    <weekend-racing-predictions-and-betting-tips-uttoxeter-kempton-wolverhampton-14-march/>
    <horse-racing-tips-today-kelso-southwell-best-bets-16th-march/>
    <horse-racing-tips-today-taunton-best-bets-17th-march/>
    <horse-racing-tips-today-wetherby-best-bets-17th-march/>
    <south-african-racing-tips-today-greyville-best-bets-18th-march/>
    <happy-valley-racing-tips-today-hong-kong-best-bets-18th-march/>
    <south-african-racing-tips-today-turffontein-racecourse-best-bets-on-thursday/>
    <south-african-racing-tips-today-best-bets-on-fairview-racing-on-friday/>
    <dundalk-tips-today/>
    <Horse-racing-tips-today-thurles-itv-racing-best-bets-saturday-21-march/>
    <south-african-racing-tips-today-turrfontein-durbanville-best-bets-21st-march/>
    <tips-today-downpatrick-best-bets-sunday-22-march/>
    <horse-racing-tips-today-naas-best-bets-and-predictions-23-march/>
    <south-african-racing-tips-today-turffontein-best-bets-24th-march/>
    <horse-racing-tips-today-clonmel-best-bets-predictions-24th-march/>
    <south-african-racing-tips-today-fairview-best-bets-25th-march/>
    <US-racing-tips-today-gulfstream-tampa-bay-downs-25th-march/>
    <South-african-racing-tips-today-vaal-best-bets-26th-march/>
    <US-horse-racing-tips-today-gulfstream-golden-gate-fields-26th-march/>
    <Kranji-racing-tips-today-best-bets-friday-27th-march/>
    <US-horse-racing-tips-today-gulfstream-tampa-bay-downs-27th-march/>
    <US-horse-racing-tips-today-gulfstream-park-best-bets-saturday-28th-march/>
    <sha-tin-racing-tips-today-hong-kong-best-bets-29th-march/>
    <Australian-racing-tips-today-rosehill-gardens-saturday-28th-march/>
    <US-horse-racing-tips-today-will-rogers-downs-best-bets-30th-march/>
    <Virtual-grand-national-2020-when-is-it-what-time-is-it-who-are-the-runners-what-are-the-odds-how-can-i-get-a-free-bet/>
    <US-horse-racing-tips-today-will-rogers-downs-best-bets-31st-march/>
    <Sha-tin-racing-tips-today-hong-kong-best-bets-1st-april/>
    <US-horse-racing-tips-today-tampa-bay-downs-will-rogers-downs-1st-april/>
    <US-horse-racing-tips-today-gulfstream-park-golden-gate-fields-2nd-april/>
    <Virtual-grand-national-betting-tips-odds-preview-and-predictions/>
    <Kranji-racing-tips-today-singapore-best-bets-friday-3rd-april/>
    <US-horse-racing-tips-today-tampa-bay-downs-gulfstream-park-3rd-april/>
    <US-horse-racing-tips-today-tampa-bay-downs-gulfstream-park-4th-pril/>
    <US-horse-racing-tips-today-will-rogers-downs-fonner-park-monday-6th-april/>
    <US-racing-tips-today-will-rogers-downs-tuesday-7th-april/>
    <Happy-valley-racing-tips-today-hong-kong-best-bets-8th-april/>
    <US-racing-tips-today-tampa-bay-downs-will-rogers-downs-8th-april/>
    <US-racing-tips-today-gulfstream-park-best-bets-thursday-9th-april/>
    <US-racing-tips-today-tampa-bay-downs-friday-10th-april/>
    <US-racing-tips-today-gulfstream-park-best-bets-friday-10th-april/>
    <US-racing-tips-today-will-rogers-downs-best-bets-14th-april/>
    <Happy-valley-racing-tips-today-hong-kong-best-bets-15th-april/>
    <US-racing-tips-today-tampa-bay-downs-best-bets-15th-april/>
    <US-racing-tips-today-gulfstream-park-best-bets-16th-april/>
    <US-racing-tips-today-gulfstream-park-best-bets-friday-17th-april/>
    <US-racing-tips-today-gulfstream-park-and-oaklawn-park-saturday-18th-april/>
    <Sha-tin-racing-tips-today-hong-kong-best-bets-sunday-19th-april/>
    <us-tips-today-will-rogers-downs-best-bets-monday-20th-april/>
    <us-tips-today-will-rogers-downs-best-bets-tuesday-21st-april/>
    <happy-valley-tips-today-hong-kong-wednesday-22nd-april/>
    <us-tips-today-will-rogers-downs-tampa-bay-downs-best-bets-wednesday-22nd-april/>
    <royal-ascot-2020-will-it-go-ahead-odds/>
    <us-tips-today-gulfstream-park-best-bets-thursday-23rd-april/>
    <us-tips-today-gulfstream-park-tampa-bay-downs-best-bets-friday-24th-april/>
    <us-tips-today-gulfstream-park-tampa-bay-downs-best-bets-saturday-25th-april/>
    <sha-tin-tips-today-hong-kong-sunday-26th-april/>
    <us-tips-today-best-bets-monday-27th-april/>
    <us-tips-today-will-rogers-downs-fonner-park-best-bets-tuesday-28th-april/>
    <happy-valley-tips-today-hong-kong-wednesday-29th-april/>
    <us-tips-today-tampa-bay-downs-fonner-park-best-bets-wednesday-29th-april/>
    <us-tips-today-gulfstream-park-oaklawn-park-best-bets-thursday-30th-april/>
    <us-tips-today-gulfstream-park-oaklawn-park-best-bets-friday-1st-may/>
    <us-tips-today-gulfstream-park-oaklawn-park-tampa-bay-downs-best-bets-saturday-2nd-may/>
    <sha-tin-tips-today-hong-kong-sunday-3rd-may/>
    <us-tips-today-will-rogers-downs-best-bets-monday-4th-may/>
    <us-tips-today-will-rogers-downs-best-bets-tuesday-5th-may/>
    <happy-valley-tips-today-hong-kong-wednesday-6th-april/>
    <us-tips-today-tampa-bay-downs-will-rogers-downs-best-bets-wednesday-6th-may/>
    <us-tips-today-gulfstream-park-best-bets-thursday-7th-may/>
    <us-tips-today-gulfstream-park-tampa-bay-downs-best-bets-friday-8th-may/>
    <us-tips-today-gulfstream-park-tampa-bay-downs-best-bets-saturday-9th-may/>
    <french-tips-today-toulouse-compiegne-best-bets-monday-11th-may/>
    <us-tips-today-will-rogers-downs-fonner-park-best-bets-monday-11th-may/>
    <french-tips-today-saint-cloud-marseille-pont-de-vivaux-tuesday-12th-may/>
    <us-tips-today-will-rogers-downs-fonner-park-best-bets-tuesday-12th-may/>
    <french-tips-today-chantilly-wednesday-13th-may/>
    <happy-valley-tips-today-hong-kong-wednesday-13th-may/>
    <us-tips-today-tampa-bay-downs-will-rogers-downs-best-bets-wednesday-13th-may/>
    <french-tips-today-parislongchamp-angers-14th-may/>
    <us-tips-today-gulfstream-park-golden-gate-fields-best-bets-thursday-14th-may/>
    <french-tips-today-lyon-parilly-15th-may/>
    <us-tips-today-gulfstream-park-tampa-bay-downs-golden-gate-best-bets-friday-15th-may/>
    <us-tips-today-gulfstream-park-golden-gate-fields-best-bets-saturday-16th-may/>
    <us-tips-today-will-rogers-downs-best-bets-monday-18th-may/>
    <french-racing-tips-today-saint-cloud-19th-may/>
    <us-racing-tips-today-will-rogers-downs-fonner-park-tuesday-19th-may/>
    <happy-valley-racing-tips-today-hong-kong-wednesday-20th-may/>
    <french-racing-tips-today-la-teste-de-buche-20th-may/>
    <us-racing-tips-today-will-rogers-downs-wednesday-20th-may/>
    <french-racing-tips-today-deauville-21st-may/>
    <us-racing-tips-today-gulfstream-park-charles-town-thursday-21st-may/>
    <french-racing-tips-today-dieppe-vichy-22nd-may/>
    <us-racing-tips-today-gulfstream-park-golden-gate-fields-tampa-bay-friday-22nd-may/>
    <us-racing-tips-today-gulfstream-park-santa-anita-saturday-23rd-may/>
    <_x0032_000-guineas-when-where-what-time-who-will-win-betting-odds/>
    <us-racing-tips-today-fonner-park-tuesday-26th-may/>
    <french-racing-tips-today-vichy-27th-may/>
    <sha-tin-racing-tips-today-hong-kong-wednesday-27th-may/>
    <us-racing-tips-today-fonner-park-wednesday-27th-may/>
    <french-racing-tips-today-clairefontaine-28-may/>
    <us-racing-tips-today-gulfstream-park-charles-town-may-28/>
    <french-racing-tips-today-bordeaux-le-bouscat-moulins-29-may/>
    <us-racing-tips-today-gulfstream-park-santa-anita-may-29/>
    <us-racing-tips-today-gulfstream-park-tampa-bay-downs-golden-gate-fields-may-30/>
    <horse-racing-tips-today-newcastle-01-june/>
    <us-racing-tips-today-tampa-bay-downs-june-01/>
    <royal-ascot/>
    <horse-racing-tips-today-newcastle-kempton-02-june/>
    <fort-erie-racing-tips-today-june-02/>
    <horse-racing-tips-today-yarmouth-03-june/>
    <us-racing-tips-today-belmont-park-gulfstream-park-june-03/>
    <horse-racing-tips-today-newcastle-newmarket-rowley-mile-04-june/>
    <_x0032_000-guineas-odds-betting-predictions/>
    <horse-racing-tips-today-newmarket-05-june/>
    <_x0031_000-guineas-odds-betting-predictions/>
    <horse-racing-tips-today-06-june/>
    <horse-racing-tips-today-haydock-lingfield-08-june/>
    <horse-racing-tips-today-haydock-chelmsford-09-june/>
    <horse-racing-tips-today-pontefract-yarmouth-10-june/>
    <horse-racing-tips-today-11-june/>
    <epsom-derby-when-where-what-time-who-will-win-betting-odds/>
    <epsom-oaks-when-where-what-time-who-will-win-betting-odds/>
    <irish-2000-guineas-odds-betting-tips/>
    <horse-racing-tips-today-kempton-wolverhampton-newbury-12-june/>
    <horse-racing-tips-today-newbury-sandown-13-june/>
    <horse-racing-tips-today-goodwood-chepstow-15-june/>
    <horse-racing-tips-today-ayr-thirsk-windsor-22-june/>
    <horse-racing-tips-today-beverley-chepstow-23-june/>
    <horse-racing-tips-today-hamilton-haydock-24-june/>
    <horse-racing-tips-today-haydock-leicester-25-june/>
    <irish-derby-odds-betting-tips/>
    <horse-racing-tips-today-newmarket-lingfield-26-june/>
    <itv-racing-tips-today-27-june/>
    <northumberland-plate-odds-betting-tips-betting-offers-free-bets/>
    <horse-racing-tips-today-yarmouth-windsor-thirsk-29-june/>
    <horse-racing-tips-today-doncaster-and-chepstow-30-june/>
    <epsom-derby-betting-offers-free-bets-derby-day/>
    <epsom-derby-odds-betting-predictions/>
    <epsom-oaks-odds-betting-predictions/>
    <epsom-placepot-tips-derby-day/>
    <sandown-coral-eclipse-odds-betting-tips-free-bets/>
    <prix-de-larc-de-triomphe-odds-betting-tips/>
    <itv-racing-tips-today-newmarket-york-9-july/>
    <itv-racing-tips-today-newmarket-market-rasen-10-july/>
    <july-cup-odds-betting-tips-free-bets/>
    <itv-racing-tips-today-newmarket-market-rasen-11-july/>
    <ascot-king-george-vi-and-queen-elizabeth-stakes-when-where-what-time-who-will-win-betting-odds/>
    <john-smiths-cup-odds-betting-tips-free-bets/>
    <irish-oaks-odds-betting-tips-free-bets/>
    <itv-racing-tips-today-york-newbury-18-july/>
    <glorious-goodwood/>
    <galway-races-summer-festival-when-where-what-time-how-to-watch-betting-offers/>
    <ascot-king-george-vi-queen-elizabeth-stakes-odds-betting-tips-free-bets/>
    <itv-racing-tips-today-ascot-york-25-july/>
    <itv-racing-tips-today-ascot-york-curragh-26-july/>
    <glorious-goodwood-betting-offers-free-bets/>
    <galway-races-tips-monday-july-27/>
    <galway-races-tips-tuesday-july-28/>
    <galway-races-tips-wednesday-july-29/>
    <galway-races-tips-thursday-july-30/>
    <galway-races-tips-friday-july-31/>
    <itv-racing-tips-today-ascot-haydock-newmarket-08-august/>
    <york-races-ebor-festival-when-where-what-time-how-to-watch/>
    <itv-racing-tips-today-newbury-newmarket-15-august/>
    <york-races-ebor-festival-juddmonte-international-stakes-odds-betting-tips-free-bets/>
    <york-races-ebor-festival-free-bets-betting-offers-day-1/>
    <york-races-ebor-festival-placepot-wednesday-day-1-tips/>
    <york-races-ebor-festival-day-1-tips-and-predictions-wednesday/>
    <york-races-ebor-festival-placepot-thursday-day-2-tips/>
    <york-races-ebor-festival-day-2-tips-thursday/>
    <york-races-ebor-festival-free-bets-betting-offers-day-2/>
    <york-races-ebor-festival-yorkshire-oaks-odds-betting-tips-free-bets/>
    <york-races-ebor-festival-free-bets-betting-offers-day-3/>
    <york-races-ebor-festival-nunthorpe-stakes-odds-betting-tips-free-bets/>
    <york-races-ebor-festival-placepot-friday-day-3-tips/>
    <york-races-ebor-festival-day-3-tips-friday/>
    <york-races-ebor-festival-ebor-handicap-odds-betting-tips-free-bets/>
    <york-races-ebor-festival-free-bets-betting-offers-day-4/>
    <york-races-ebor-festival-placepot-saturday-day-4-tips/>
    <york-races-ebor-festival-day-4-tips-saturday/>
    <horse-racing-tips-today-bath-ayr-southwell-24-august/>
    <horse-racing-tips-today-bangor-catterick-yarmouth-25-august/>
    <horse-racing-tips-today-musselburgh-lingfield-26-august/>
    <horse-racing-tips-today-beverley-sedgefield-27-august/>
    <horse-racing-tips-today-goodwood-the-curragh-newmarket-28-august/>
    <itv-racing-tips-today-goodwood-newmarket-windsor-29-august/>
    <itv-racing-tips-today-goodwood-perth-30-august/>
    <horse-racing-tips-lingfield-bath-hexham-2-september/>
    <horse-racing-tips-haydock-salisbury-chelmsford-3-september/>
    <horse-racing-tips-ascot-haydock-newmarket-4-september/>
    <haydock-sprint-cup-odds-betting-tips-free-bets/>
    <itv-racing-tips-today-haydock-ascot-kempton-5-september/>
    <horse-racing-tips-perth-leicester-windsor-7-september/>
    <doncaster-placepot-st-leger-meeting-wednesday-day-1-tips/>
    <itv-racing-tips-today-doncaster-st-leger-festival-09-september/>
    <itv-racing-tips-today-doncaster-st-leger-festival-10-september/>
    <doncaster-placepot-st-leger-meeting-thursday-day-2-tips/>
    <doncaster-placepot-st-leger-meeting-friday-day-3-tips/>
    <itv-racing-tips-today-doncaster-st-leger-festival-11-september/>
    <st-leger-stakes-odds-tips-free-bets/>
    <irish-champions-stakes-odds-tips-free-bets-offers/>
    <doncaster-placepot-st-leger-meeting-saturday-day-4-tips/>
    <itv-racing-tips-today-doncaster-chester-leopardstown-12-september/>
    <horse-racing-tips-bath-lingfield-tipperary-14-september/>
    <horse-racing-tips-hexham-yarmouth-15-september/>
    <horse-racing-tips-yarmouth-sandown-16-september/>
    <horse-racing-tips-ayr-pontefract-17-september/>
    <horse-racing-tips-ayr-newbury-18-september/>
    <ayr-gold-cup-odds-betting-tips-free-bets/>
    <itv-racing-tips-today-ayr-newbury-19-september/>
    <horse-racing-tips-fairyhouse-hamilton-warwick-21-september/>
    <horse-racing-tips-beverley-listowel-warwick-22-september/>
    <horse-racing-tips-listowel-perth-goodwood-23-september/>
    <itv-racing-tips-today-newmarket-cambridgeshire-meeting-pontefract-24-september/>
    <itv-racing-tips-today-newmarket-cambridgeshire-meeting-25-september/>
    <newmarket-cambridgeshire-handicap-odds-betting-tips-free-bets-offers/>
    <itv-racing-tips-today-newmarket-cambridgeshire-meeting-haydock-the-curragh-26-september/>
    <horse-racing-tips-hamilton-newton-abbot-roscommon-28-september/>
    <horse-racing-tips-ayr-bangor-cork-29-september/>
    <horse-racing-tips-huntingdon-nottingham-kempton-30-september/>
    <ascot-british-champions-day-when-where-what-time-who-will-win-betting-odds/>
    <horse-racing-tips-chelmsford-clonmel-ffos-las-01-October/>
    <prix-de-larc-de-triomphe-betting-tips-free-bets-offers/>
    <horse-racing-tips-ascot-fontwell-newcastle-02-october/>
    <preakness-stakes-odds-betting-tips-free-bets-offers/>
    <prix-de-larc-de-triomphe-betting-offers/>
    <itv-racing-tips-today-newmarket-ascot-redcar-saturday-03-october/>
    <itv-racing-tips-longcamp-prix-de-larc-de-triomphe-day-sunday-04-october/>
    <horse-racing-tips-pontefract-wolverhampton-05-October/>
    <horse-racing-tips-leicester-lingfield-southwell-06-October/>
    <horse-racing-tips-kempton-ludlow-07-october/>
    <horse-racing-tips-ayr-ffos-las-exeter-08-october/>
    <itv-racing-tips-today-newmarket-york-chepstow-friday-09-october/>
    <newmarket-cesarewitch-odds-betting-tips-free-bets-offers/>
    <itv-racing-tips-today-newmarket-york-saturday-10-october/>
    <horse-racing-tips-musselburgh-wolverhampton-yarmouth-12-october/>
    <horse-racing-tips-huntingdon-wolverhampton-13-october/>
    <horse-racing-tips-nottingham-punchestown-wetherby-14-october/>
    <horse-racing-tips-carlisle-chelmsford-curragh-15-october/>
    <ascot-balmoral-handicap-odds-betting-tips-free-bets-offers/>
    <horse-racing-tips-dundalk-haydock-uttoxeter-16-october/>
    <ascot-champion-stakes-odds-betting-tips-free-bets-offers/>
    <ascot-british-champions-day-placepot-tips/>
    <ascot-champions-day-free-bets-betting-offers/>
    <itv-racing-tips-today-ascot-champions-day-saturday-17-october/>
    <horse-racing-tips-pontefract-plumpton-wolverhampton-19-October/>
    <horse-racing-tips-exeter-kempton-newcastle-20-October/>
    <horse-racing-tips-hereford-kempton-newmarket-21-October/>
    <horse-racing-tips-lingfield-ludlow-22-october/>
    <what-is-a-tote-scoop6-explained/>
    <itv-racing-tips-cheltenham-doncaster-october-23/>
    <vertem-futurity-trophy-stakes-odds-betting-tips-free-bets-offers/>
    <tote-survivor-tips-saturday-24-october/>
    <itv-racing-tips-cheltenham-doncaster-newbury-saturday-october-24/>
    <horse-racing-tips-wexford-ayr-leicester-26-October/>
    <horse-racing-tips-southwell-chepstow-bangor-27-october/>
    <horse-racing-tips-taunton-fakenham-nottingham-28-october/>
    <horse-racing-tips-chelmsford-southwell-lingfield-29-October/>
    <horse-racing-tips-newcastle-wetherby-down-royal-30-October/>
    <wetherby-charlie-hall-chase-odds-betting-tips-free-bets-offers/>
    <tote-scoop-6-tips-saturday-31-october/>
    <itv-racing-tips-today-ascot-wetherby-down-royal-saturday-31-october/>
    <flemington-melbourne-cup-odds-betting-tips-free-bets-offers/>
    <horse-racing-tips-hereford-plumpton-wolverhampton-2-november/>
    <horse-racing-tips-exeter-newcastle-southwell-3-november/>
    <tote-ten-to-follow-jumps/>
    <horse-racing-tips-kempton-lingfield-musselburgh-4-november/>
    <horse-racing-tips-kempton-newbury-market-rasen-5-november/>
    <breeders-cup-2021-keeneland-when-where-what-time-who-will-win-betting-odds-offers/>
    <horse-racing-tips-dundalk-fontwell-warwick-6-november/>
    <wincanton-badger-beers-silver-trophy-odds-betting-tips-free-bets-offers/>
    <breeders-cup-tips-friday-keeneland/>
    <wincanton-placepot-tips-november-7/>
    <itv-racing-tips-today-aintree-doncaster-wincanton-saturday-7-november/>
    <breeders-cup-tips-saturday-keeneland/>
    <horse-racing-tips-chepstow-kempton-southwell-9-november/>
    <cheltenham-november-meeting-when-where-what-time-who-will-win-betting-odds/>
    <horse-racing-tips-huntingdon-lingfield-newcaste-10-november/>
    <horse-racing-tips-ayr-bangor-kempton-11-november/>
    <itv-racing-tips-today-clonmel-taunton-thursday-12-november/>
    <cheltenham-tips-today-november-meeting-friday-13/>
    <cheltenham-paddy-power-gold-cup-odds-betting-tips-free-bets-offers/>
    <cheltenham-november-meeting-betting-offers-free-bets/>
    <tote-survivor-tips-saturday14-november/>
    <cheltenham-greatwood-hurdle-odds-betting-tips-free-bets-offers/>
    <cheltenham-tips-today-november-meeting-saturday-14/>
    <cheltenham-tips-today-november-meeting-sunday-15/>
    <horse-racing-tips-dundalk-kempton-plumpton-16-november/>
    <kempton-king-george-vi-chase-odds-betting-news/>
    <horse-racing-tips-fakenham-newcastle-southwell-17-november/>
    <horse-racing-tips-ffos-las-hexham-warwick-18-november/>
    <horse-racing-tips-market-rasen-thurles-wincanton-19-november/>
    <haydock-betfair-chase-odds-betting-tips-free-bets-offers/>
    <horse-racing-tips-ascot-chepstow-newcastle-20-november/>
    <itv-racing-tips-today-ascot-haydock-saturday-21-november/>
    <tote-scoop-6-tips-saturday-21-november/>
    <horse-racing-tips-kempton-ludlow-23-november/>
    <horse-racing-tips-lingfield-sedgefield-southwell-24-november/>
    <horse-racing-tips-hereford-kempton-wetherby-25-november/>
    <horse-racing-tips-26-november/>
    <newbury-ladbrokes-trophy-odds-betting-tips-free-bets-offers/>
    <itv-racing-tips-today-newbury-friday-27-november/>
    <tote-survivor-tips-saturday-28-november/>
    <itv-racing-tips-today-newbury-newcastle-saturday-28-november/>
    <horse-racing-tips-ayr-fakenham-kempton-30-november/>
    <horse-racing-tips-lingfield-southwell-wolverhampton-1-December/>
    <horse-racing-tips-haydock-kempton-2-december/>
    <horse-racing-tips-chelmsford-leicester-market-rasen-3-december/>
    <itv-racing-tips-today-exeter-sandown-friday-4-december/>
    <sandown-tingle-creek-odds-betting-tips-free-bets-offers/>
    <aintree-becher-chase-odds-betting-tips-free-bets-offers/>
    <tote-survivor-tips-saturday-5-december/>
    <itv-racing-tips-today-aintree-sandown-saturday-5-december/>
    <itv-racing-tips-today-cork-kelso-huntingdon-punchestown-sunday-6-december/>
    <horse-racing-tips-plumpton-wolverhampton-7-December/>
    <horse-racing-tips-southwell-uttoxeter-8-december/>
    <horse-racing-tips-kempton-lingfield-9-december/>
    <horse-racing-tips-chelmsford-taunton-warwick-10-december/>
    <cheltenham-tips-today-international-meeting-friday-11/>
    <cheltenham-caspian-caviar-gold-cup-odds-betting-tips-free-bets-offers/>
    <cheltenham-tips-today-international-meeting-saturday-12/>
    <tote-scoop-6-tips-saturday-12-december/>
    <horse-racing-tips-ayr-kempton-plumpton-14-December/>
    <horse-racing-tips-newcastle-wincaton-wolverhampton-15-december/>
    <horse-racing-tips-kempton-ludlow-newbury-16-december/>
    <horse-racing-tips-chelmsford-exeter-southwell-17-december/>
    <long-walk-hurdle-odds-betting-tips-free-bets-offers/>
    <itv-racing-tips-today-ascot-navan-friday-18-december/>
    <ascot-december-19/>
    <itv-racing-tips-today-ascot-haydock-saturday-19-december/>
    <horse-racing-tips-lingfield-newcastle-musselburgh-21-december/>
    <horse-racing-tips-huntingdon-lingfield-sedgefield-22-december/>
    <kempton-king-george-vi-chase-odds-betting-tips-free-bets-offers/>
    <kempton-christmas-hurdle-odds-betting-tips-free-bets-offers/>
    <boxing-day-placepot-kempton-december-26/>
    <kempton-tips-boxing-day-horse-racing/>
    <welsh-grand-national-odds-betting-tips-free-bets-offers/>
    <itv-racing-tips-chepstow-kempton-sunday-27-december/>
    <itv-racing-tips-leopardstown-newbury-tuesday-29-december/>
    <tips-market-rasen-30-december/>
    <tips-lingfield-warwick-31-december/>
    <sandown-placepot-tote-january-2/>
    <itv-racing-tips-exeter-musselburgh-tramore-friday-1-january/>
    <itv-racing-tips-ayr-sandown-saturday-2-january/>
    <tips-lingfield-wolverhampton-4-january/>
    <tips-lingfield-wolverhampton-5-january/>
    <tips-kempton-wolverhampton-6-january/>
    <tips-ffos-las-wolverhampton-7-january/>
    <welsh-grand-national-odds-betting-tips-betting-offers-free-bets/>
    <tips-dundalk-lingfield-southwell-8-january/>
    <kempton-lanzarote-hurdle-odds-betting-tips-free-bets-offers/>
    <itv-racing-tips-chepstow-kempton-wincanton-saturday-9-january/>
    <chepstow-placepot-tips-saturday-9-january/>
    <tips-doncaster-hereford-wolverhampton-11-january/>
    <tips-fairyhouse-wetherby-12-january/>
    <tips-leicester-naas-plumpton-13-january/>
    <tips-bangor-chelmsford-fontwell-14-january/>
    <tips-newcastle-southwell-15-january/>
    <warwick-classic-chase-odds-betting-tips-free-bets-offers/>
    <itv-racing-tips-warwick-market-rasen-saturday-16-january/>
    <tote-scoop-6-tips-saturday-16-january/>
    <tips-ayr-lingfield-wolverhampton-18-january/>
    <tips-exeter-fakenham-19-january/>
    <tips-chepstow-newbury-southwell-20-january/>
    <tips-lingfield-wincanton-21-january/>
    <tips-chelmsford-dundalk-lingfield-22-january/>
    <clarence-house-chase-odds-betting-tips-free-bets-offers/>
    <haydock-placepot-tips-january-23/>
    <itv-racing-tips-ascot-haydock-taunton-saturday-23-january/>
    <tips-chelmsford-kempton-25-january/>
    <tips-wolverhampton-down-royal-southwell-26-january/>
    <tips-lingfield-kempton-27-january/>
    <tips-newcastle-southwell-gowran-park-28-january/>
    <tips-doncaster-lingfield-dundalk-29-january/>
    <doncaster-placepot-tips-january-30/>
    <tips-wolverhampton-lingfield-dundalk-1-february/>
    <tips-southwell-newcastle-2-february/>
    <best-horse-racing-betting-sites-uk/>
    <tips-warwick-lingfield-kempton-3-february/>
    <tips-wincanton-southwell-chelmsford-4-february/>
    <best-horse-racing-betting-apps/>
    <free-bets-betting-offers/>
    <what-is-a-tote-win-bet-how-does-it-work-explained/>
    <what-is-a-tote-jackpot-how-does-it-work-explained/>
    <tips-catterick-lingfield-dundalk-5-february/>
    <itv-racing-tips-musselburgh-sandown-leopardstown-saturday-6-february/>
    <dublin-racing-festival-tips-satuday-leopardstown/>
    <dublin-racing-festival-tips-sunday-leopardstown/>
    <sandown-placepot-february-6/>
    <tips-fairyhouse-wolverhampton-8-february/>
    <tips-southwell-kempton-9-february/>
    <what-is-a-tote-exacta-bet-how-does-it-work-explained/>
    <what-is-a-tote-trifecta-bet-box-combination/>
    <tips-wolverhampton-newcastle-10-february/>
    <what-is-a-lucky-15-bet-how-does-it-work/>
    <what-is-a-trixie-bet-how-does-it-work/>
    <what-is-a-yankee-bet-and-how-does-it-work/>
    <what-is-a-patent-bet-how-does-it-work/>
    <what-is-a-canadian-bet-how-does-it-work/>
    <what-is-a-heinz-bet-how-does-it-work/>
    <what-is-a-goliath-bet-how-does-it-work/>
    <what-is-a-forecast-bet-how-does-it-work-explained/>
    <what-is-a-reverse-forecast-bet-how-does-it-work-explained/>
    <tips-newcastle-thurles-11-february/>
    <what-is-a-combination-forecast-bet-how-does-it-work-explained/>
    <what-is-a-super-heinz-bet-how-does-it-work/>
    <what-is-an-tricast-bet-combination-tricast/>
    <what-is-ante-post-betting-in-horse-racing/>
    <what-does-sp-mean-in-horse-racing/>
    <rule-4-in-horse-racing-the-deduction-explained/>
    <what-is-a-lucky-31-bet-how-does-it-work/>
    <what-is-a-lucky-63-bet-how-does-it-work/>
    <tips-dundalk-southwell-12-february/>
    <lingfield-placepot-tips-february-13/>
    <itv-racing-tips-lingfield-saturday-13-february/>
    <tips-warwick-wolverhampton-15-february/>
    <tips-kempton-catterick-newcastle-16-february/>
    <tips-hereford-wetherby-kempton-17-february/>
    <tips-sandown-chelmsford-leicester-18-february/>
    <what-is-a-handicap-in-horse-racing/>
    <tips-kelso-southwell-dundalk-19-february/>
    <betfair-ascot-chase-betting-tips-odds/>
    <haydock-grand-national-trial-betting-tips-odds/>
    <itv-racing-tips-ascot-haydock-wincanton-saturday-20-february/>
    <ascot-placepot-tips-february-20/>
    <betfair-hurdle-chase-betting-tips-odds/>
    <itv-racing-tips-newbury-market-rasen-navan-sunday-21-february/>
    <tips-southwell-carlisle-22-february/>
    <tips-wetherby-taunton-23-february/>
    <tips-punchestown-doncaster-ludlow-24-february/>
    <tips-chepstow-southwell-huntingdon-25-february/>
    <what-is-a-tote-quadpot-bet/>
    <what-is-a-tote-swinger-bet-combination-swinger-explained/>
    <tips-exeter-wolverhampton-26-february/>
    <eider-chase-betting-tips-odds/>
    <itv-racing-tips-kempton-lingfield-newcastle-saturday-27-february/>
    <kempton-placepot-tote-february-27/>
    <tips-ayr-punchestown-wolverhampton-1-march/>
    <tips-wincanton-musselburgh-kempton-3-march/>
    <tips-chelmsford-taunton-southwell-4-march/>
    <what-is-an-each-way-bet-how-does-it-work/>
    <tips-newbury-doncaster-lingfield-5-march/>
    <kelso-placepot-tips-march-6/>
    <itv-racing-tips-doncaster-kelso-newbury-saturday-6-march/>
    <tips-wetherby-leopardstown-wolverhampton-8-march/>
    <tips-newcastle-exeter-9-march/>
    <tips-fontwell-kempton-10-march/>
    <tips-wincanton-southwell-carlisle-11-march/>
    <imperial-cup-betting-tips-odds/>
    <tips-gowran-park-sandown-12-march/>
    <sandown-placepot-tips-march-13/>
    <itv-racing-tips-sandown-wolverhampton-saturday-13-march/>
    <tips-plumpton-stratford-taunton-15-march/>
    <itv-racing-tips-uttoxeter-kempton-saturday-20-march/>
    <midlands-grand-national-betting-tips-odds/>
    <selections-kelso-southwell-plumpton-22-march/>
    <selections-huntingdon-taunton-wetherby-23-march/>
    <selections-market-rasen-haydock-24-march/>
    <selections-chepstow-ludlow-sedgefield-25-march/>
    <predictions-newbury-musselburgh-lingfield-26-march/>
    <doncaster-lincoln-meeting-betting-predictions-odds/>
    <grand-national/>
    <doncaster-placepot-predictions-march-27/>
    <itv-racing-predictions-newbury-kempton-doncaster-saturday-27-march/>
    <dubai-world-cup-betting-predictions-odds/>
    <meydan-dubai-world-cup-night-saturday-27-march/>
    <predictions-wincanton-fontwell-wolverhampton-29-march/>
    <predictions-wolverhampton-fakenham-warwick-30-march/>
    <predictions-ludlow-kempton-hexham-31-march/>
    <predictions-ffos-las-wetherby-chelmsford-1-april/>
    <boylesports-irish-grand-national-offer/>
    <irish-grand-national-betting-pointers-odds/>
    <predictions-lingfield-newcastle-2-april/>
    <itv-racing-predictions-haydock-musselburgh-saturday-3-april/>
    <lingfield-placepot-picks-april-2/>
    <predictions-exeter-pontefract-bath-6-april/>
    <predictions-nottingham-newcastle-7-april/>
    <predictions-windsor-wolverhampton-huntingdon-12-april/>
    <newmarket-craven-meeting-tuesday-13-april/>
    <newmarket-craven-meeting-wednesday-14-april/>
    <newmarket-craven-meeting-thursday-15-april/>
    <craven-stakes-predictions-odds/>
    <scottish-grand-national-odds-betting-guide-feature/>
    <predictions-ayr-newbury-16-april/>
    <ayr-placepot-selections-april-18/>
    <itv-racing-picks-ayr-newbury-18-april/>
    <scottish-grand-national-odds-predictions/>
    <predictions-pontefract-windsor-market-rasen-19-april/>
    <predictions-epsom-sedgefield-20-april/>
    <predictions-perth-catterick-ludlow-21-april/>
    <predictions-perth-warwick-beverley-22-april/>
    <sandown-bet365-classic-trial-predictions-odds/>
    <sandown-bet365-gold-cup-predictions-odds-24-april/>
    <itv-racing-predictions-sandown-perth-friday-23-april/>
    <what-is-tote-plus/>
    <itv-racing-predictions-sandown-leicester-haydock-saturday-24-april/>
    <sandown-placepot-predictions-april-24/>
    <predictions-naas-windsor-ayr-26-april/>
    <punchestown-festival-paddy-power-free-bet-offer/>
    <punchestown-festival-predictions-tuesday-27-april/>
    <champion-novice-chase-predictions-preview-odds-tuesday-27-april/>
    <punchestown-festival-predictions-wednesday-28-april/>
    <punchestown-festival-predictions-thursday-29-april/>
    <punchestown-festival-predictions-friday-30-april/>
    <kentucky-derby-preview-predictions-odds/>
    <newmarket-free-bet-offer/>
    <punchestown-festival-predictions-saturday-1-may/>
    <newmarket-placepot-predictions-may-1/>
    <newmarket-placepot-predictions-may-2/>
    <predictions-southwell-lingfield-ayr-4-may/>
    <itv-racing-predictions-chester-newton-abbot-wednesday-5-may/>
    <itv-racing-predictions-chester-worcester-thursday-6-may/>
    <itv-racing-predictions-chester-market-rasen-friday-7-may/>
    <chester-cup-predictions-odds/>
    <chester-placepot-predictions-friday-may-7/>
    <ascot-placepot-may-8/>
    <victoria-cup-predictions-odds/>
    <itv-racing-predictions-lingfield-ascot-haydock-saturday-8-may/>
    <predictions-windsor-lingfield-killarney-10-may/>
    <predictions-ayr-sedgefield-beverley-11-may/>
    <itv-racing-predictions-york-newton-abbot-wednesday-12-may/>
    <itv-racing-predictions-york-salisbury-thursday-13-may/>
    <al-basti-equiworld-dubai-dante-stakes-predictions-odds/>
    <itv-racing-predictions-york-newbury-friday-14-may/>
    <lockinge-stakes-predictions-odds/>
    <itv-racing-predictions-newbury-newmarket-saturday-15-may/>
    <newbury-placepot-predictions-saturday-may-15/>
    <predictions-ffos-las-windsor-carlisle-17-may/>
    <prix-de-larc-de-triomphe-odds-betting-predictions/>
    <predictions-brighton-huntingdon-nottingham-18-may/>
    <predictions-warwick-ayr-southwell-19-may/>
    <predictions-sandown-wolverhampton-market-rasen-20-may/>
    <temple-stakes-predictions-odds/>
    <predictions-goodwood-haydock-worcester-21-may/>
    <haydock-placepot-predictions-saturday-may-22/>
    <itv-racing-predictions-haydock-goodwood-curragh-york-22-may/>
    <predictions-brighton-ludlow-wolverhampton-24-may/>
    <predictions-newcastle-bangor-on-dee-ballinrobe-25-may/>
    <predictions-beverley-warwick-wolverhampton-26-may/>
    <predictions-ripon-haydock-sandown-27-may/>
    <predictions-pontefract-yarmouth-haydock-28-may/>
    <haydock-placepot-predictions-picks-may-29/>
    <itv-racing-predictions-haydock-beverley-chester-29-may/>
    <predictions-brighton-leicester-1-june/>
    <predictions-nottingham-cartmel-curragh-2-june/>
    <predictions-ffos-las-leopardstown-chelmsford-3-june/>
    <itv-racing-predictions-epsom-4-june/>
    <coronation-cup-predictions-odds/>
    <epsom-placepot-picks-predictions-june-4/>
    <_x0038_88sport-santa-barbara-offer/>
    <boylesports-epsom-derby-offer/>
    <itv-racing-predictions-epsom-5-june/>
    <epsom-placepot-picks-predictions-june-5/>
    <predictions-windsor-pontefract-leicester-7-june/>
    <predictions-southwell-ayr-salilsbury-8-june/>
    <predictions-fontwell-cork-haydock-9-june/>
    <predictions-newbury-nottingham-leopardstown-10-june/>
    <predictions-sandown-goodwood-11-june/>
    <york-placepot-saturday-june-12/>
    <predictions-windsor-nottingham-carlisle-14-june/>
    <predictions-chepstow-newton-abbot-wolverhampton-21-june/>
    <predictions-ayr-newton-abbot-newbury-22-june/>
    <predictions-carlisle-naas-salisbury-23-june/>
    <predictions-leicester-newcastle-newmarket-24-june/>
    <predictions-newmarket-newcastle-25-june/>
    <itv-racing-predictions-newcastle-newmarket-curragh-26-june/>
    <newcastle-placepot-predictions-saturday-26-june/>
    <predictions-windsor-pontefract-28-june/>
    <predictions-roscommon-hamilton-stratford-29-june/>
    <predictions-musselburgh-tipperary-kempton-wednesday-30-june/>
    <predictions-haydock-newbury-epsom-1-july/>
    <coral-eclipse-betting-predictions-odds/>
    <predictions-sandown-doncaster-haydock-2-july/>
    <itv-racing-predictions-sandown-haydock-3-july/>
    <sandown-placepot-predictions-picks-july-3/>
    <predictions-windsor-ayr-nottingham-5-july/>
    <predictions-pontefract-brighton-uttoxeter-6-july/>
    <predictions-lingfield-bath-catterick-7-july/>
    <itv-racing-predictions-newmarket-carlisle-8-july/>
    <itv-racing-predictions-newmarket-york-9-july/>
    <placepot-predictions-newmarket-july-10/>
    <itv-racing-predictions-newmarket-carlisle-10-july/>
    <predictions-newton-abbot-wolverhampton-ayr-12-july/>
    <predictions-southwell-beverley-bath-13-july/>
    <predictions-yarmouth-killarney-uttoxeter-14-july/>
    <predictions-chepstow-leopardstown-epsom-15-july/>
    <predictions-newbury-nottingham-hamilton-16-july/>
    <weatherbys-super-sprint-stakes-betting-predictions-odds/>
    <placepot-predictions-newbury-july-17/>
    <itv-racing-predictions-newbury-market-rasen-curragh-17-july/>
    <predictions-windsor-beverley-ayr-19-july/>
    <predictions-nottingham-ballinrobe-20-july/>
    <predictions-sandown-lingfield-naas-21-july/>
    <predictions-sandown-leopardstown-doncaster-22-july/>
    <predictions-ascot-york-cork-23-july/>
    <ascot-king-george-vi-and-queen-elizabeth-stakes-odds-predictions-free-bet/>
    <placepot-predictions-ascot-july-24/>
    <itv-racing-predictions-ascot-york-july-24/>
    <itv-racing-predictions-musselburgh-pontefract-july-25/>
    <predictions-windsor-wolverhampton-galway-26-july/>
    <galway-plate-betting-predictions-odds/>
    <racing-league-betting-guide-dates-teams-format/>
    <galway-hurdle-betting-predictions-odds/>
    <racing-league-betting-predictions-newcastle-29-july/>
    <predictions-kempton-ripon-windsor-2-august/>
    <predictions-catterick-ffos-las-chelmsford-3-august/>
    <predictions-brighton-bath-pontefract-4-august/>
    <predictions-brighton-doncaster-leopardstown-5-august/>
    <racing-league-betting-predictions-doncaster-5-august/>
    <predictions-musselburgh-newmarket-tipperary-6-august/>
    <ascot-placepot-predictions-picks-saturday-august-7/>
    <itv-racing-predictions-ascot-haydock-newmarket-august-7/>
    <itv-racing-predictions-haydock-curragh-8-august/>
    <predictions-ayr-ripon-windsor-9-august/>
    <predictions-nottingham-wolverhampton-lingfield-10-august/>
    <predictions-salsibury-gowran-park-kempton-11-august/>
    <predictions-leopardstown-salisbury-chelmsford-12-august/>
    <racing-league-betting-predictions-lingfield-park-12-august/>
    <predictions-newbury-nottingham-13-august/>
    <newbury-placepot-picks-august-14/>
    <itv-racing-predictions-newbury-newmarket-ripon-august-14/>
    <predictions-bangor-windsor-lingfield-16-august/>
    <predictions-leicester-carlisle-hamilton-17-august/>
    <york-ebor-festival/>
    <juddmonte-international-stakes-2021-tips-odds-betting-offer/>
    <racing-league-betting-predictions-windsor-19-august/>
    <nunthorpe-stakes-2021-tips-odds-betting-offer/>
    <itv-racing-predictions-sandown-sunday-series-22-august/>
    <predictions-chepstow-ripon-stratford-23-august/>
    <predictions-newbury-salisbury-bangor-24-august/>
    <predictions-kempton-musselburgh-25-august/>
    <predictions-tipperary-carlisle-chelmsford-26-august/>
    <racing-league-betting-predictions-lingfield-26-august/>
    <predictions-curragh-goodwood-hamilton-27-august/>
    <itv-racing-predictions-goodwood-beverley-newmarket-28-august/>
    <placepot-predictions-goodwood-august-28/>
    <celebration-mile-2021-tips-odds-betting-offer/>
    <predictions-epsom-ripon-newton-abbot-31-august/>
    <predictions-hamilton-worcester-1-september/>
    <predictions-haydock-salisbury-sedgefield-2-september/>
    <racing-league-betting-predictions-newcastle-2-september/>
    <predictions-ascot-haydock-3-september/>
    <betfair-sprint-cup-stakes-2021-tips-odds-betting-offer/>
    <itv-racing-predictions-haydock-kempton-ascot-4-september/>
    <haydock-placepot-predictions-september4/>
    <predictions-perth-newton-abbot-newcastle-6-september/>
    <predictions-goodwood-galway-7-september/>
    <predictions-doncaster-uttoxeter-8-september/>
    <itv-racing-predictions-doncaster-epsom-9-september/>
    <itv-racing-predictions-doncaster-10-september/>
    <st-leger-2021-predictions-odds-betting-offer/>
    <irish-champion-stakes-2021-predictions-odds-betting-offer/>
    <itv-racing-predictions-doncaster-chester-leopardstown-11-september/>
    <placepot-predictions-doncaster-september-11/>
    <itv-racing-predictions-haydock-curragh-musselburgh-12-september/>
    <irish-champions-weekend-leopardstown-predictions-saturday-11-september/>
    <predictions-worcester-brighton-13-september/>
    <predictions-fontwell-redcar-wolverhampton-14-september/>
    <predictions-sandown-kelso-15-september/>
    <predictions-ayr-pontefract-yarmouth-16-september/>
    <predictions-ayr-newbury-kempton-september-17/>
    <ayr-gold-cup-2021-predictions-odds-and-betting-offer/>
    <placepot-predictions-ayr-september-18/>
    <itv-racing-predictions-ayr-newbury-18-september/>
    <predictions-warwick-fairyhouse-leicester-20-september/>
    <predictions-beverley-warwick-21-september/>
    <predictions-goodwood-perth-listowel-22-september/>
    <predictions-newmarket-perth-23-september/>
    <itv-racing-predictions-newmarket-york-24-september/>
    <cambridgeshire-handicap-2021-predictions-odds-betting-offer/>
    <itv-racing-predictions-newmarket-haydock-park-25-september/>
    <placepot-predictions-newmarket-september-25/>
    <predictions-newcastle-newton-abbot-27-september/>
    <predictions-wetherby-ayr-wolverhampton-28-september/>
    <predictions-nottingham-bangor-29-september/>
    <predictions-warwick-chelmsford-bellewstown-30-september/>
    <predictions-ascot-newcastle-gowran-park-1-october/>
    <prix-de-larc-de-triomphe-2021-predictions-odds-betting-offer/>
    <sun-chariot-stakes-2021-predictions-odds-betting-offer/>
    <itv-racing-predictions-newmarket-ascot-redcar-2-october/>
    <itv-racing-predictions-longchamp-3-october/>
    <placepot-predictions-newmarket-october-2/>
    <predictions-tipperary-pontefract-wolverhampton-4-october/>
    <predictions-huntingdon-kempton-leicester-5-october/>
    <predictions-kempton-nottingham-ludlow-6-october/>
    <predictions-ayr-exeter-chelmsford-7-october/>
    <itv-racing-predictions-newmarket-chepstow-york-8-october/>
    <placepot-predictions-newmarket-october-9/>
    <itv-racing-predictions-newmarket-york-9-october/>
    <newmarket-cesarewitch-odds-predictions-free-bets-offers/>
    <predictions-musselburgh-kempton-11-october/>
    <predictions-newcastle-huntingdon-punchestown-12-october/>
    <predictions-wetherby-punchestown-kempton-13-october/>
    <predictions-wincanton-chelmsford-brighton-14-october/>
    <boylesports-champions-day-betting-offer-2021/>
    <queen-elizabeth-II-stakes-william-hill-betting-offer-2021/>
    <predictions-haydock-fakenham-newcastle-15-october/>
    <fast-results/>
    <racecards/>
    <qipco-champion-stakes-2021-predictions-odds-betting-offer/>
    <itv-racing-predictions-ascot-16-october/>
    <predictions-pontefract-plumpton-wolverhampton-18-october/>
    <predictions-exeter-newcastle-kempton-19-october/>
    <predictions-kempton-newmarket-worcester-20-october/>
    <predictions-ludlow-newton-abbot-carlisle-21-october/>
    <predictions-cheltenham-doncaster-dundalk-22-october/>
    <vertem-futurity-trophy-stakes-predictions-odds-betting-offer/>
    <itv-racing-predictions-cheltenham-newbury-doncaster-23-october/>
    <placepot-predictions-cheltenham-october-23/>
    <predictions-newcastle-ayr-redcar-25-october/>
    <predictions-chepstow-curragh-bangor-on-dee-26-october/>
    <predictions-taunton-nottingham-kempton-27-october/>
    <predictions-lingfield-ffos-las-stratford-28-october/>
    <predictions-down-royal-wetherby-newmarket-29-october/>
    <charlie-hall-chase-predictions-odds-betting-offer/>
    <itv-racing-predictions-wetherby-ascot-down-royal-30-october/>
    <placepot-predictions-wetherby-october-30/>
    <predictions-hereford-kempton-laytown-1-november/>
    <melbourne-cup-predictions-odds-betting-offer/>
    <predictions-exeter-lingfield-2-november/>
    <predictions-chepstow-nottingham-kempton-3-november/>
    <predictions-newbury-ludlow-chelmsford-4-november/>
    <predictions-warwick-newcastle-fontwell-5-november/>
    <breeders-cup-day-one-tips-del-mar-picks-5-november/>
    <boylesports-breeders-cup-betting-offer-2021-del-mar-free-bet/>
    <itv-racing-predictions-doncaster-wincanton-aintree-6-november/>
    <placepot-predictions-breeders-cup-del-mar-november-6/>
    <tote-ten-to-follow-jumps-stratey-guide/>
    <_x0036_0th-badger-beer-handicap-chase-predictions-odds-betting-offer/>
    <breeders-cup-day-two-tips-del-mar-picks-6-november/>
    <betting-offer-breeders-cup-free-bet-betfair/>
    <predictions-kempton-carlisle-newcastle-8-november/>
    <predictions-huntingdon-newcastle-lingfield-9-november/>
    <tote-ten-to-follow-stable-picks/>
    <predictions-exeter-bangor-on-dee-kempton-10-november/>
    <predictions-clonmel-market-rasen-chelmsford-11-november/>
    <cheltenham-november-meeting-betting-offer-free-bets-boylesports/>
    <itv-racing-predictions-cheltenham-november-meeting-12-november/>
    <tote-ten-to-follow-jumps-closing-day/>
    <itv-racing-predictions-cheltenham-lingfield-13-november/>
    <itv-racing-predictions-cheltenham-punchestown-fontwell-14-november/>
    <paddy-power-gold-cup-predictions-odds-betting-offer/>
    <greatwood-hurdle-predictions-odds-betting-offer/>
    <placepot-predictions-cheltenham-november-13/>
    <predictions-plumpton-leicester-15-november/>
    <predictions-lingfield-fakenham-ayr-16-november/>
    <predictions-warwick-hexham-ffos-las-17-november/>
    <predictions-wincanton-newcastle-market-rasen-18-november/>
    <predictions-ascot-chepstow-catterick-19-november/>
    <betfair-chase-predictions-odds-betting-offer/>
    <itv-racing-predictions-haydock-ascot-20-november/>
    <placepot-predictions-haydock-november-20/>
    <predictions-ludlow-kempton-chelmsford-22-november/>
    <predictions-sedgefield-southwell-wolverhampton-23-november/>
    <predictions-kempton-wetherby-24-november/>
    <predictions-taunton-lingfield-chelmsford-25-november/>
    <predictions-newbury-lingfield-doncaster-26-november/>
    <boylesports-newbury-betting-offer-november-2021/>
    <ladbrokes-trophy-predictions-odds-betting-offer-2021/>
    <placepot-predictions-newbury-november-27/>
    <itv-racing-predictions-newbury-newcastle-27-november/>
    <predictions-wolverhampton-kempton-ayr-29-november/>
    <predictions-lingfield-newcastle-30-november/>
    <predictions-haydock-lingfield-kempton-1-december/>
    <predictions-wincanton-leicester-chelmsford-2-december/>
    <predictions-newcastle-sandown-exeter-3-december/>
    <boylesports-aintree-betting-offer-december-2021/>
    <becher-chase-predictions-odds-betting-offer/>
    <tingle-creek-predictions-odds-betting-offer/>
    <placepot-predictions-sandown-december-4/>
    <itv-racing-predictions-aintree-sandown-4-december/>
    <predictions-ludlow-wolverhampton-musselburgh-6-december/>
    <predictions-southwell-fontwell-7-december/>
    <predictions-wolverhampton-kempton-8-december/>
    <predictions-warwick-newcastle-chelmsford-9-december/>
    <boylesports-cheltenham-betting-offer-december-2021/>
    <itv-racing-predictions-cheltenham-bangor-on-dee-10-december/>
    <placepot-predictions-cheltenham-december-11/>
    <itv-racing-predictions-cheltenham-doncaster-11-december/>
    <cheltenham-betting-offer-boylesports-december-2021/>
    <racing-post-gold-cup-odds-betting-predictions-free-bets-offers-2021/>
    <predictions-chelmsford-plumpton-wolverhampton-13-december/>
    <predictions-wincanton-newcastle-14-december/>
    <predictions-leicester-newbury-15-december/>
    <predictions-chelmsford-exeter-ffos-las-16-december/>
    <predictions-ascot-kempton-17-december/>
    <placepot-predictions-ascot-december-18/>
    <long-walk-hurdle-predictions-odds-betting-offer/>
    <itv-racing-predictions-ascot-haydock-18-december/>
    <predictions-lingfield-musselburgh-wolverhampton-20-december/>
    <predictions-plumpton-ayr-21-december/>
    <predictions-southwell-ludlow-wolverhampton-22-december/>
    <boylesports-kempton-king-george-betting-offer-december-2021/>
    <betiton-kempton-betting-offer-free-bets-king-george/>
    <betting-offer-welsh-grand-national-free-bets-paddy-power/>
    <welsh-grand-national-predictions-odds-betting-offer/>
    <king-george-vi-chase-predictions-odds-betting-offer-2021/>
    <placepot-predictions-kempton-december-26/>
    <itv-racing-predictions-kempton-wetherby-26-december/>
    <predictions-doncaster-leopardstown-newbury-29-december-2021/>
    <predictions-haydock-taunton-30-december-2021/>
    <boylesports-cheltenham-betting-offer-january-2021/>
    <predictions-warwick-uttoxeter-lingfield-31-december/>
    <itv-racing-predictions-cheltenham-musselburgh-tramore-1-january/>
    <placepot-predictions-cheltenham-january-1/>
    <predictions-hereford-newcastle-lingfield-4-january/>
    <predictions-kempton-ffos-las-wolverhampton-5-january/>
    <predictions-chepstow-newcastle-chelmsford-6-january/>
    <predictions-wetherby-dundalk-wolverhampton-7-january/>
    <tolworth-hurdle-predictions-odds-betting-offer-2022/>
    <itv-racing-predictions-sandown-wincanton-8-january/>
    <placepot-predictions-sandown-january-8/>
    <predictions-wolverhampton-ludlow-taunton-january-10/>
    <predictions-southwell-doncaster-exeter-january-11/>
    <predictions-kempton-leicester-lingfield-12-january/>
    <predictions-bangor-on-dee-catterick-newcastle-13-january/>
    <predictions-huntingdon-lingfield-dundalk-14-january/>
    <itv-racing-predictions-warwick-kempton-15-january/>
    <lanzarote-hurdle-predictions-odds-betting-offer-2022/>
    <placepot-predictions-kempton-january-15/>
    <predictions-chepstow-fakenham-wolverhampton-january-17/>
    <predictions-newcastle-southwell-january-18/>
    <predictions-newbury-southwell-dundalk-19-january/>
    <predictions-wincanton-ludlow-newcastle-20-january/>
    <predictions-lingfield-newcastle-21-january/>
    <clarence-house-chase-predictions-odds-betting-offer-2022/>
    <itv-racing-predictions-ascot-haydock-taunton-22-january/>
    <placepot-predictions-ascot-january-22/>
    <predictions-kempton-southwell-january-24/>
    <predictions-down-royal-leicester-sothwell-january-25/>
    <predictions-wincanton-lingfield-26-january/>
    <predictions-wetherby-gowran-park-southwell-27-january/>
    <predictions-huntingdon-doncaster-wolverhampton-28-january/>
    <itv-racing-predictions-cheltenham-doncaster-29-january/>
    <cleeve-hurdle-predictions-odds-betting-offer-2022/>
    <placepot-predictions-cheltenham-january-29/>
</jcr:root>
