<?xml version="1.0" encoding="UTF-8"?>
<jcr:root xmlns:cq="http://www.day.com/jcr/cq/1.0" xmlns:jcr="http://www.jcp.org/jcr/1.0"
    jcr:primaryType="cq:Page">
    <jcr:content/>
    <application/>
    <what-affects-the-price-of-cryptocurrency/>
    <top-10-popular-cryptocurrencies-2018/>
    <the-future-of-bitcoin/>
    <the-history-of-cryptocurrency/>
    <how-to-understand-cryptocurrency-terminology/>
    <buying-vs-trading-cryptocurrency/>
    <common-cryptocurrency-myths-debunked/>
    <cryptocurrency-safety/>
    <what-is-blockchain/>
    <richest-crypto-investors/>
</jcr:root>
