<?xml version="1.0" encoding="UTF-8"?>
<jcr:root xmlns:cq="http://www.day.com/jcr/cq/1.0" xmlns:jcr="http://www.jcp.org/jcr/1.0"
    jcr:primaryType="cq:Page">
    <jcr:content/>
    <taj-mahal-palace-hotel/>
    <Abode-hotel/>
    <the-st-regis-mumbai-hotel/>
    <hyatt-regency-mumbai-hotel/>
    <the-oberoi-mumbai-hotel/>
    <trident-bandra-kurla-hotel/>
    <itc-grand-central-hotel/>
    <sofitel-mumbai-bkc-hotel/>
    <trident-nariman-point-hotel/>
    <le-sutra-hotel/>
    <taj-lands-end-hotel/>
    <the-leela-mumbai-hotel/>
    <soho-house-mumbai-hotel/>
    <ferreira-house-hotel/>
    <four-seasons-hotel-mumbai/>
    <taj-mahal-tower-hotel/>
</jcr:root>
