<?xml version="1.0" encoding="UTF-8"?>
<jcr:root xmlns:cq="http://www.day.com/jcr/cq/1.0" xmlns:jcr="http://www.jcp.org/jcr/1.0"
    jcr:primaryType="cq:Page">
    <jcr:content/>
    <hotels/>
    <adelboden/>
    <bern/>
    <verbier/>
    <bever/>
    <pontresina/>
    <gstaad/>
    <geneva/>
    <lausanne/>
    <lucerne/>
    <crans-montana/>
    <wengen/>
    <basel/>
    <zurich/>
    <andermatt/>
    <articles/>
    <zermatt/>
    <galleries/>
    <davos/>
    <graubuenden/>
    <application/>
    <giubiasco/>
    <saas-fee/>
    <st-moritz/>
    <switzerland-tours/>
    <ascona/>
    <ski-chalets/>
    <lake-maggiore/>
    <engadin/>
    <swiss-travel-app-will-persuade-abandon-hire-car/>
    <inside-story-secret-swiss-workshop-will-help-design-skis/>
    <country-spectacular-rail-journeys-world/>
    <why-decided-try-love-bomb-technique-holiday-youngest-son/>
    <european-town-has-autumn-except-british-tourists/>
    <why-king-charles-loves-understated-ski-resort/>
    <introducing-charming-capital-europe-barely-tourist-sight/>
</jcr:root>
