<?xml version="1.0" encoding="UTF-8"?>
<jcr:root xmlns:cq="http://www.day.com/jcr/cq/1.0" xmlns:jcr="http://www.jcp.org/jcr/1.0"
    jcr:primaryType="cq:Page">
    <jcr:content/>
    <baden-baden/>
    <berlin/>
    <dresden/>
    <hamburg/>
    <leipzig/>
    <luebeck/>
    <munich/>
    <weimar/>
    <hotels/>
    <articles/>
    <bavaria/>
    <galleries/>
    <application/>
    <frankfurt/>
    <dusseldorf/>
    <hesse/>
    <cologne/>
    <bonn/>
    <germany-tours/>
    <konstanz/>
    <german-river-cruises/>
    <stuttgart/>
    <germany-river-cruises/>
    <island-hopping-germany-unexpected-delight/>
    <best-beaches-germany-holiday-2022/>
    <best-german-inter-rail-train-journeys-affordable-summer-holiday-2022/>
    <yes-do-mention-war-secret-talking-germans/>
    <secret-elvis-hangouts-little-known-german-spa-town/>
    <otherworldly-landscape-far-closer-might-expect/>
    <what-learnt-germans-first-post-pandemic-oktoberfest/>
</jcr:root>
