<?xml version="1.0" encoding="UTF-8"?>
<jcr:root xmlns:cq="http://www.day.com/jcr/cq/1.0" xmlns:jcr="http://www.jcp.org/jcr/1.0"
    jcr:primaryType="cq:Page">
    <jcr:content/>
    <Skiing-Is-this-the-best-ski-season-ever/>
    <The-best-ski-resorts-for-beginners/>
    <Learning-to-ski-and-snowboard/>
    <Easter-skiing-deals-slope-off-while-the-sun-shines/>
    <best-skiing-and-snowboarding-films/>
    <Winter-Olympics-2014-Sochi-travel-guide/>
    <Invictus-Games-the-ex-servicemen-going-for-gold-on-the-slopes/>
    <Learning-to-fly-losing-my-freestyle-skiing-virginity/>
    <Whats-it-like-to-learn-ski-jumping-with-Eddie-the-Eagle/>
    <Full-throttle-skiing-with-Chemmy-Alcott/>
    <The-ultimate-ski-holiday-food-guide/>
    <Ski-book-review-Skiing-With-Demons/>
    <Ski-and-Snowboard-Show-2015-the-best-attractions-for-families/>
    <The-10-best-resorts-for-expert-skiers/>
    <Ski-jobs-the-funniest-seasonaire-stories/>
    <Graham-Bells-guide-to-ski-nutrition/>
    <Back-to-school-The-best-autumn-ski-skills-courses/>
    <Ski-holidays-to-book-now/>
    <How-to-become-a-ski-instructor-in-your-gap-year/>
    <Top-10-family-ski-holidays/>
    <How-to-get-a-job-as-a-seasonaire-in-a-ski-resort/>
    <How-to-play-football-on-skis/>
    <The-best-glaciers-for-summer-skiing/>
    <The-best-summer-ski-courses/>
    <How-to-stay-fit-and-injury-free-on-a-ski-holiday/>
    <Off-piste-skiing-confessions-of-a-backcountry-virgin/>
    <How-to-tackle-ski-hair-sunburn-and-chapped-lips-on-the-slopes/>
    <The-weird-and-wonderful-world-of-a-Club-Med-ski-resort/>
    <Ski-cross-Former-Olympic-downhill-racer-Graham-Bell-tries-his-hand/>
    <Ski-and-snowboard-festivals-2013-guide/>
    <Jeremy-Jones-interview-A-snowboarders-rise-to-greatness/>
    <the-best-ski-holidays-for-201314/>
    <The-worlds-best-ski-runs/>
    <ten-great-Winter-Olympics-moments/>
    <Chalets-are-too-luxurious/>
    <Snowboard-slopestyle-Graham-Bells-guide-to-the-Winter-Olympics-newest-sport/>
    <Splitboards-where-skis-and-snowboards-collide/>
    <Sochi-2014-10-things-we-learnt/>
    <Winter-Olympics-2014-Graham-Bells-guide-to-ski-cross/>
    <Winter-Olympics-2014-where-to-try-curling/>
    <Skiing-holidays-can-you-still-ski-in-style-in-your-sixties/>
    <Family-skiing-activities-for-children-off-the-slopes/>
    <In-defence-of-snowboarders/>
    <Skiing-how-to-prevent-falls-on-the-slopes/>
    <Off-piste-skiing-safety-kit-guide/>
    <Ski-rant-skiing-holidays-are-not-cheap-deal-with-it/>
    <Winter-Olympics-2014-Sochi-before-the-Games/>
    <Ski-helmets-isnt-it-time-we-all-wore-one-on-the-slopes/>
    <How-to-build-your-own-snowboard/>
    <Ski-rants-forget-planes-take-the-train/>
    <Snowboard-cross-Graham-Bells-guide/>
    <Ski-rants-piste-gradings-need-sorting/>
    <Family-skiing-holidays-how-to-survive-them/>
    <Ski-Five-ways-to-get-fit-for-the-slopes/>
    <Whats-new-for-the-201415-ski-season/>
    <The-best-ski-holidays-for-201415/>
    <The-UKs-top-ski-slopes-and-indoor-snow-centres/>
    <The-ski-hire-shop-in-the-Sahara/>
    <Summer-ski-courses-hone-your-skills-in-the-sun/>
    <_x0032_01314-ski-season-review-part-two/>
    <The-201314-ski-season-a-review/>
    <Jaegermeister-12-facts-about-everyones-favourite-apres-drink/>
    <Ski-festivals-why-Im-sick-of-them/>
    <Skiing-the-best-end-of-season-parties/>
    <Skiing-10-signs-youre-too-old-for-apres/>
    <Resorts-where-OAPs-ski-for-free/>
    <Graham-Bells-guide-to-Paralympic-skiing/>
    <Ski-touring-five-of-the-best-hut-to-hut-trips/>
    <Ski-tourings-enduring-appeal/>
    <Ski-season-Five-things-no-one-tells-you/>
    <Whats-it-like-to-snowboard-blindfolded/>
    <Ski-and-snowboard-festivals-201516-guide/>
    <BBC-Ski-Sundays-10-most-memorable-moments/>
    <Skeleton-the-most-terrifying-48-32-seconds-of-my-life/>
    <Where-to-try-the-wintersports-from-Channel-4s-The-Jump/>
    <The-Jump-what-to-expect-from-this-years-contestants/>
    <Introducing-the-Instameet-the-latest-social-media-spin-off/>
    <Trains-and-ski-holidays-10-things-you-need-to-know/>
    <_x0031_0-of-the-best-ski-resorts-reached-by-train/>
    <The-horrors-of-ski-chalet-small-talk/>
    <Twitter-the-20-best-ski-and-snowboard-tweeters/>
    <The-worlds-50-best-ski-runs/>
    <Are-you-an-ageing-seasonnaire/>
    <the-best-songs-for-skiing-and-snowboarding/>
    <Student-ski-trips-why-they-are-the-absolute-best/>
    <Why-student-ski-trips-are-the-absolute-worst/>
    <Quiz-how-well-do-you-know-your-ski-jargon/>
    <Sochi-Winter-Olympics-one-year-on/>
    <The-corniest-ski-novels-you-wont-believe-got-published/>
    <Where-to-catch-the-best-snow-in-Europe-right-now/>
    <Kristen-Ulmers-favourite-ski-resort/>
    <Skiing-How-to-survive-the-half-term-holiday-hell/>
    <Skiing-in-Europe-train-vs-plane/>
    <The-best-late-season-skiing/>
    <Book-now-for-201415s-best-family-ski-deals/>
    <North-Korea-war-and-piste/>
    <Prince-Harry-in-Kazakhstan-skiing-in-Shymbulak/>
    <The-best-ski-resorts-for-intermediates/>
    <Winter-Olympics-2014-where-to-try-the-skeleton/>
    <Winter-Olympics-2014-10-reasons-to-be-excited/>
    <The-best-quiet-ski-resorts/>
    <Winter-Olympics-2014-how-to-be-an-Olympian-on-the-slopes/>
    <The-best-resorts-for-weekend-skiing/>
    <Ski-resorts-readers-tips/>
    <The-15-cutest-villages-in-ski-resorts/>
    <The-ten-best-scenic-ski-resorts/>
    <The-worlds-biggest-ski-resorts/>
    <Disabled-skiing-why-cant-skiing-be-for-me/>
    <Ski-rants-music-on-the-slopes/>
    <Skiing-whats-new-on-the-slopes/>
    <Ski-rants-mind-your-manners-on-the-piste-please/>
    <Ski-rants-get-off-your-mobile-phone/>
    <Ski-rants-dont-pimp-our-chairlifts/>
    <Ski-chairlift-fails-the-best-videos/>
    <Telegraph-Ski-and-Snowboard-Show-2013-your-guide/>
    <Telegraph-Travel-Awards-2013-Favourite-ski-operator/>
    <Britains-best-ski-operators/>
    <What-makes-the-perfect-family-ski-holiday/>
    <Self-catering-ski-apartments-get-a-luxury-makeover/>
    <Is-this-the-weirdest-music-video-youve-ever-seen/>
    <Snowboarder-falls-down-crevasse-is-totally-unfazed/>
    <Where-can-you-try-grass-skiing/>
    <The-best-resorts-for-Christmas-skiing/>
    <Why-terrain-park-tyrants-ruin-skiing/>
    <Parents-stop-pretending-youre-a-ski-instructor/>
    <Ski-accidents-No-suing-on-our-slopes/>
    <Ski-rants-Gourmet-restaurants-are-killing-simple-pleasures/>
    <Why-ski-holidays-are-worth-skipping-school-for/>
    <High-tech-gadgets-are-ruining-skiing/>
    <Snow-sex-and-suspicious-parents-Why-reality-TV-and-skiing-dont-mix/>
    <Ski-The-resorts-where-the-professionals-go-to-play/>
    <The-best-family-ski-resorts/>
    <Freeze-festival-2013-your-guide/>
    <Skiing-holidays-something-special-for-the-weekend/>
    <Ski-and-Snowboard-Show-London-preview/>
    <The-best-ski-resorts-for-powder/>
    <Best-ski-resorts-for-apres-ski/>
    <Ski-resorts-our-comprehensive-Insider-Guides/>
    <Ski-touring-blazing-a-trail-in-joyful-isolation/>
    <Skiing-in-the-French-Pyrenees/>
    <Heli-skiing-in-France-how-to-do-it/>
    <Skiing-in-Quebecs-Chic-Choc-mountains/>
    <Areches-Beaufort-France-Skiing-in-rural-peace-and-quiet/>
    <Vail-Americas-most-opulent-ski-resort/>
    <Freeride-clinics-being-taught-off-piste-by-a-pro/>
    <Ski-slopestyle-Graham-Bells-guide/>
    <Swatch-Skiers-Cup-the-open-of-extreme-skiing/>
    <Inside-Austrias-new-linked-ski-area/>
    <The-future-of-Wengens-Downhill-Only-ski-club/>
    <Ice-driving-in-Madesimo-Italy/>
    <Ski-Val-Thorens-is-high-altitude-high-class/>
    <Andorras-new-freeride-area/>
    <Red-Mountain-Canadas-hottest-ski-resort/>
    <Ski-resorts-Whistler-v-Revelstoke/>
    <Skiing-and-the-Glacier-Express-St-Moritz-to-Zermatt/>
    <Skiing-in-the-wilds-of-Montenegro/>
    <The-Gstaad-Palace-turns-100/>
    <Snowbombing-2014-review/>
    <Les-Menuires-where-family-skiing-is-made-easy/>
    <Breckenridge-the-rise-and-rise-of-the-ski-resort/>
    <Lech-Zurs-and-St-Anton-the-noisy-neighbours-of-skiing/>
    <Ski-touring-in-Canada-Earn-your-turns-in-Tremblant/>
    <Freeride-snowboarding-course-hone-your-skills-before-the-season-begins/>
    <Baqueira-Beret-Spain-is-this-the-worlds-best-ski-resort/>
    <Skiing-Kicking-Horse-loses-its-fear-factor/>
    <Kitzbuhel-shows-its-wild-side-with-Freeride-Weeks/>
    <Arc-1950-ski-village-in-Les-Arcs-celebrates-10-years/>
    <Klosters-Switzerland-inside-the-White-Companys-ski-chalet/>
    <Night-skiing-in-Zermatt-Moonlight-descents-by-the-Matterhorn/>
    <Engelberg-the-scene-for-a-father-son-ski-showdown/>
    <Skiing-with-monsters-in-Japan/>
    <Blurs-Alex-James-learns-to-ski-in-Solden-Austria/>
    <Ski-lodge-nirvana-in-Crested-Butte/>
    <Heliskiing-in-Italy-first-timers-welcome/>
    <Val-dAnniviers-where-hidden-powder-is-king/>
    <Altitude-Festival-six-things-we-learnt/>
    <Powder-Mountain-Utah-the-ski-resort-of-the-future/>
    <Pippa-Middleton-skis-fishes-and-sails-in-Norway/>
    <Snowbombing-Festival-review-hands-down-the-best-ski-trip-Ive-been-on/>
    <Why-skiing-in-Zermatts-not-as-expensive-as-you-might-think/>
    <Canadian-Rockies-The-great-ski-escape-to-Banff/>
    <Honshu-Japan-skiing-into-the-mystic/>
    <James-Bond-film-locations-Solden-gears-up-for-the-new-007-film/>
    <Sun-Peaks-ski-resort-Whistler-without-the-crowds/>
    <Skiing-in-Aspen-bold-and-beautiful/>
    <Nauders-Three-countries-one-ski-trip-and-Queen-Sonja/>
    <The-Streif-how-the-story-of-the-famous-ski-race-was-captured-on-film/>
    <Norse-play-skiing-first-tracks-in-Norway/>
    <Its-all-change-for-skiing-in-Andermatt/>
    <How-to-heliski-on-a-budget-in-Livigno/>
    <Verbier-skiing-and-paragliding-a-day-in-the-life-of-a-Verbier-high-flyer/>
    <Schatzalp-Mountain-Resort-Davos-Switzerland-reviving-the-magic-of-the-mountains/>
    <Skiing-in-Jackson-Hole-more-than-just-dudes-and-danger/>
    <Jackson-Hole-girl-power-in-the-powder/>
    <Affordable-skiing-in-Aspen-Colorado/>
    <Americas-best-ski-resorts/>
    <Ski-resorts-Aspen-v-Vail/>
    <Skiing-in-Bardonecchia-Is-this-Italys-most-underrated-resort/>
    <Best-Italian-ski-resorts/>
    <Cortina-Italys-most-fashionable-ski-resort/>
    <Cortina-Italys-most-chic-winter-destination/>
    <Glacier-skiing-in-Stubai-Austria/>
    <the-best-ski-resorts-in-eastern-europe/>
    <Why-chasing-targets-spoils-the-skiing-experience/>
    <_x0031_0-reasons-to-ski-in-Hemsedal/>
    <Best-ski-resorts-for-guaranteed-snow/>
    <Dizzee-Rascal-gets-bonkers-at-Transition-ski-festival/>
    <Fifty-years-of-skiing-in-Jackson-Hole/>
    <Finding-skiing-paradise-in-Greenland/>
    <Get-ski-fit-without-hitting-the-gym/>
    <Italys-best-luxury-ski-chalets/>
    <Late-is-great-for-families-in-La-Plagne/>
    <National-Star-students-hope-to-hit-the-ski-slopes/>
    <Olympian-Beth-Tweddle-on-learning-to-ski/>
    <Skiing-Colorados-100-highest-mountains/>
    <Ski-Sunday-presenter-Ed-Leighs-seasonaire-diary-part-one/>
    <Ski-Sunday-presenter-Ed-Leighs-seasonaire-diary-part-three/>
    <Ski-Sunday-presenter-Ed-Leighs-seasonaire-diary-part-two/>
    <The-10-best-luxury-ski-resorts/>
    <Top-10-ski-resorts-for-foodies/>
    <Why-Warth-Austria-is-skiings-next-big-thing/>
    <New-Years-Eve-ski-resort-guide/>
    <Courchevels-Cucina-Angelina-where-diners-like-it-simple/>
    <The-Jump-2016-Behind-the-scenes-with-ski-instructor-Warren-Smith/>
    <Pragelato-all-inclusive-ski-experience/>
    <Ski-Grimentz-Going-soft-can-be-so-sublime/>
    <Ski-Sunday-presenter-Ed-Leighs-seasonaire-diary-part-four/>
    <Where-skiers-should-spend-Valentines-Day/>
    <Are-family-ski-holidays-worth-the-hassle/>
    <Best-Austrian-ski-resorts/>
    <Anthony-Horowitz-Corvaras-best-kept-ski-holiday-secret/>
    <Graham-Bell-skis-La-Saulire-in-courchevel-video/>
    <Animals-onesies-sum-up-the-infantilism-of-the-millennial-generation/>
    <skiing-powder-engelberg-switzerland/>
    <Skiing-with-Mike-Tindall/>
    <GB-park-and-pipe-video/>
    <snow-reports/>
    <ski-robot-la-plagne/>
    <Ed-Leigh-ski-seasonaire-diary/>
    <extreme-snowboarding-scenes-in-point-break/>
    <Skiing-in-Oslo-best-ski-resorts-in-Norway/>
    <ski-resort-with-the-most-bars-per-square-km/>
    <Video-of-cat-ski-joering-in-norway/>
    <chalet-hotels-go-up-a-notch-as-tour-operators-take-over/>
    <Best-North-American-ski-resorts/>
    <_x0031_5-ski-holidays-to-book-now/>
    <is-this-the-most-decadent-ski-holiday-ever/>
    <candide-thovex-one-of-those-days-3-ski-video/>
    <ski-sunday-presenter-ed-leigh-seasonaire-diary-part-seven/>
    <ski-sunday-presenter-ed-leighs-seasonaire-diary-part-six/>
    <Alpine-holidays-readers-tips/>
    <video-snow-artist-makes-beautiful-snow-art-attack-in-norway/>
    <pragelato-all-inclusive-ski-holiday/>
    <Skiing-Boot-camp-fitness-in-the-Canadian-Rockies/>
    <Best-Canadian-ski-resorts/>
    <Skiing-in-Gstaad-more-than-just-a-celebrity-hangout/>
    <Skiing-in-Switzerland-Lenzerheide-joins-Arosa/>
    <Switzerlands-best-ski-resorts/>
    <Heston-Blumenthal-gives-backing-to-Verbier-restaurant/>
    <A-history-of-skiing-in-Murren-Switzerland/>
    <Snowboxx-festival-Jungle-in-Alpe-dHuez/>
    <watch-these-speedriders-fly-and-ski-through-the-french-alps/>
    <How-to-ski-for-less-in-Courchevel/>
    <Skiing-in-Courchevel-for-less-without-a-second-mortgage/>
    <Family-skiing-in-Les-Arcs-on-track-for-snow/>
    <Best-French-ski-resorts/>
    <Rock-the-Pistes-ski-festival-in-the-Portes-du-Soleil-review/>
    <Ski-Les-Gets-and-the-resorts-of-the-Portes-du-Soleil/>
    <Val-Thorens-enjoying-the-high-life/>
    <Skiing-Beauty-and-the-piste-in-St-Anton-Austria/>
    <Skiing-in-Austria-Obergurgl-goes-up-in-the-world/>
    <World-Alpine-Skiing-Championships-the-finish-line-at-Schladming-Austria/>
    <Austria-the-Juwel-in-the-Tyrolean-ski-crown/>
    <_x0032_0-destinations-for-2015-Ischgl-Austria/>
    <Samuel-Anthamatten-interview-Freeride-World-Tour-Steep-deep-and-crazy/>
    <Secret-diaries-of-a-family-ski-holiday/>
    <Chile-Portillos-off-piste-paradise/>
    <Ski-and-snowboard-dream-holiday-list/>
    <Reader-holiday-offers-Join-Telegraph-Ski-and-Snowboard-on-the-slopes/>
    <Wayne-Wong-Freestyle-ski-legend/>
    <Freeride-World-Tour-interview-Aurelien-Ducroz/>
    <Booking-closed-Enjoy-North-Americas-best-powder-in-Utah-January-31-to-February-10/>
    <Thrill-of-a-lifetime-skeleton-experience-Innsbruck-Austria/>
    <Video-Chairlift-Chats-Innsbruck-Austrian-Tirol/>
    <Snowboarding-in-Alaska-Tailgate-Festival/>
    <The-video-revolution-on-the-pistes/>
    <Solden-adds-a-dash-of-peak-seasoning/>
    <Ski-rants-stop-smoking-on-my-mountain/>
    <Childs-play-Hire-all-you-need-for-your-kids-winter-holiday/>
    <Snowsport-Englands-ski-and-snowboard-campaign-to-fill-the-slopes-launches/>
    <Snowsports-physio-Protect-yourself-from-aches-and-pains/>
    <Ski-helmets-and-safety-should-I-wear-one/>
    <British-snowboarder-in-intensive-care-after-being-dragged-under-piste-basher/>
    <Ski-and-snowboard-music-festival-in-Bulgaria-will-rise-again-in-the-east/>
    <The-night-watchman-An-evening-with-a-piste-basher/>
    <Jackson-Hole-From-couloirs-to-cruising/>
    <La-Fouly-skiing-Verbiers-shy-neighbour/>
    <Klosters-and-Davos-Conan-Doyle-and-the-height-of-cool/>
    <Ski-champion-fighting-teaching-ban/>
    <Skiing-British-snow-gobblers-who-ignore-dangers-of-a-winter-wonderland/>
    <fancy-using-a-jet-thruster-to-propel-your-skiing-/>
    <watch-graham-bell-ski-the-la-rochu-in-la-plagne/>
    <revealed-the-key-trends-shaping-skiing/>
    <mesmerising-timelapse-of-mount-baker-after-dark/>
    <can-seeing-a-physiotherapist-help-get-you-back-on-skis-/>
    <anthony-horowitz-we-seemed-to-spend-as-much-time-having-lunch-as-skiing/>
    <exclusive-up-to-80--off-at-surfdome-com/>
    <ski-rant-do-stop-the-music/>
    <interview-with-x-games-medallist-snowboarder-billy-morgan/>
    <is-this-the-new-candide-thovex-gopro-line-of-the-winter/>
    <_x0031_0-crazy-events-to-mark-the-end-of-the-ski-season/>
    <the-best-ski-resorts-for-children/>
    <where-to-find-kate-s-white-ski-jacket/>
    <eddie-the-eagle-film-true-story/>
    <exclusive-5--off-touring-with-piste-to-powder/>
    <exclusive-10--discount-with-piste-of-mind/>
    <the-italian-job--ski-touring-in-the-dolomites/>
    <a-holiday-company-with-a-difference-in-the-french-alps/>
    <can-a-snowboarder-learn-to-ski/>
    <the-best-resorts-for-easter-skiing/>
    <ski-sunday-presenter-ed-leigh-s-seasonaire-diary--part-eight/>
    <does-this-skiing-video-demonstrate-the-best-ever-use-of-a-hoverb/>
    <why-ski-technique-tips-are-not-appreciated/>
    <Sophisticated-skiing-in-Andorra/>
    <Best-Austrian-ski-resorts1/>
    <Help-Ski-classes-for-intermediates-in-Obertauern-visited-by-the-Beatles/>
    <Skiing-in-Zillertal-Austria-early-bird-catches-the-piste/>
    <Skiing-Where-luxury-meets-apres-ski-in-St-Anton/>
    <Ischgl-skiing-the-Austrian-resort-that-keeps-on-giving/>
    <Family-friendly-skiing-in-Orcieres-France/>
    <Learning-to-snowboard-in-Tignes/>
    <Ski-France-is-Samoens-the-countrys-best-resort/>
    <Skiing-in-Chamonix-white-magic-in-the-Vallee-Blanche/>
    <Skiing-in-Champoluc-my-kind-of-three-valleys/>
    <Skiing-in-France-a-feast-in-the-Beaufortain/>
    <Skiing-More-is-less-in-Les-Deux-Alpes/>
    <Val-Cenis-Skiing-in-the-land-of-milk-and-honey/>
    <Val-dAnniviers-a-secret-valley-on-the-verge-of-stardom/>
    <Skiing-learning-to-Alpine-ski-in-Courchevel/>
    <Les-Arcs-skiing-bonding-on-the-blues-and-reds/>
    <Val-Thorens-France-two-ideal-ski-itineraries/>
    <Skiing-Haute-cuisine-in-the-Italian-Dolomites/>
    <Skiing-in-the-Dolomites-where-the-war-reached-new-heights/>
    <Skiing-in-Fefor-Norway-looking-for-the-wild-blue-yonder/>
    <Skiing-in-Sweden-Chilled-chic-and-effortlessly-cool/>
    <Skiing-Andermatt-in-the-spotlight/>
    <Skiing-in-Andermatt-the-Swiss-resort-that-is-not-a-swizz/>
    <Anzere-Switzerland-the-worlds-greenest-ski-resort/>
    <Klosters-a-ski-holiday-fit-for-a-king/>
    <Skiing-in-Engelberg-girl-power-in-the-Swiss-Alps/>
    <Skiing-in-St-Moritz-head-first-down-the-Cresta-Run/>
    <Skiing-in-Switzerland-Allison-Pearson-learns-to-cross-country-ski-in-Pontresina/>
    <St-Moritz-where-the-winter-holiday-was-born/>
    <Crans-Montana-the-renaissance-of-a-Swiss-ski-resort/>
    <Ski-touring-in-Scotland/>
    <Revelstoke-Canada-the-greatest-ski-resort-on-Earth/>
    <Revelstoke-Canadas-best-kept-secret/>
    <Skiing-in-Chile-A-guide-to-summer-on-the-slopes/>
    <a-new-repair-procedure-for-ski-knee-injuries/>
    <can-you-ski-in-the-lake-district/>
    <extravagant-demands-made-by-luxury-chalet-guests/>
    <watch-graham-bell-ski-col-pers-in-val-disere/>
    <ski-deep-powder-and-bag-first-descents-in-the-wilds-of-british-c/>
    <upmarket-ski-resort-megeve-celebrates-its-100th-anniversary/>
    <is-video-of-bear-chasing-snowboarder-down-the-slope-a-hoax/>
    <what-happened-when-a-mountain-biker-and-skier-hit-the-park-toget/>
    <the-brits-are-freestyle-skiers-and-snowboarders-the-nicest-peop/>
    <train-to-be-a-ski-instructor-in-europe-over-the-summer-/>
    <early-bird-ski-holiday-deals-for-the-2016-17-season/>
    <should-ski-resorts-be-able-to-ban-snowboarders-/>
    <what-s-it-like-to-do-your-first-ski-touring-race/>
    <skiing-on-dirt-mountains-in-iran-video/>
    <snowboarders-build-a-snowpark-in-an-abandoned-ski-resort-in-slov/>
    <watch-video-shot-by-new-gopro-omni-camera-in-a-ski-resort-/>
    <best-and-worst-snow-sports-crowd-funding-campaigns/>
    <should-you-have-to-pay-to-work-in-a-ski-resort-for-the-season/>
    <skiing-in-la-massana-a-brave-new-world/>
    <ski-off-piste-jasna-slovakia/>
    <an-incredible-year-for-british-ski-snowboard-athletes/>
    <short-ski-break-to-the-french-resort-of-samoens/>
    <snowboarders-play-football-in-a-terrain-park/>
    <how-to-book-a-ski-holiday/>
    <ultimate-ski-holiday-packing-list/>
    <experience-extreme-winter-sports-without-the-risk-with-new-steep/>
    <the-best-ski-and-snowboard-video-games/>
    <the-best-yoga-ski-holidays/>
    <watch-freestyle-skiers-train-by-jumping-into-a-giant-swimming-pool/>
    <best-family-ski-holidays/>
    <best-ski-holidays-for-food-lovers/>
    <best-ski-holidays-for-adventurers/>
    <best-ski-holidays-for-beginners/>
    <best-budget-ski-holidays/>
    <best-luxury-ski-holidays/>
    <best-ski-holidays-for-improvers-intermediates/>
    <best-short-ski-breaks/>
    <watch-graham-bell-ski-the-grand-couloir-run-in-courchevel/>
    <watch-graham-bell-ski-la-face-run-in-val-d-isere/>
    <swedish-skier-matilda-rapaport-dies-in-avalanche/>
    <what-happened-when-graham-bell-took-on-the-tour-de-france-/>
    <red-bull-400-is-it-the-toughest-race-in-the-world/>
    <foreign-ski-instructor-discrimination-ec-takes-austria-to-court/>
    <skier-films-volcano-erupting-over-a-ski-resort-in-chile/>
    <extreme-summer-skiing-no-snow-real-skifi-finland/>
    <are-ski-slopes-really-sexist/>
    <georgia-s-prime-minister-tests-new-alpine-roller-coaster/>
    <a-ski-star-is-born--leo-taillefer-wins-gopro-line-of-the-winter-/>
    <forget-beach-volleyball-say-hello-to-snow-volleyball/>
    <world-snow-awards-2016-shortlist-announced/>
    <best-ski-resorts-february-half-term-top-deals-family-holidays/>
    <red-mountain-ski-resort-canada-starts-crowdfunding/>
    <top-things-for-families-at-the-telegraph-ski-and-snowboard-show/>
    <why-you-could-save-money-by-booking-a-ski-holiday-this-christmas/>
    <best-christmas-ski-resorts/>
    <what-life-is-really-like-as-a-ski-instructor/>
    <best-ski-holidays-for-singles/>
    <the-making-of-a-ski-instructor--part-two/>
    <surprisingly-inexpensive-secret-to-a-great-family-ski-holiday/>
    <travis-rice-the-fourth-phase-film-review/>
    <scariest-airport-landings-in-the-alps/>
    <diary-of-a-trainee-ski-instructor-part-three/>
    <live-ski-competitions-london-telegraph-ski-and-snowboard-show/>
    <skiing-in-the-french-pyrenees--where-quality-beats-quantity-/>
    <ski-racing-champion-lindsey-vonn-poses-nude-for-new-book/>
    <play-video-game-steep-first-at-telegraph-ski-and-snowboard-show/>
    <how-hard-is-it-to-pass-ski-instructor-exams/>
    <can-a-ski-course-really-transform-your-technique/>
    <saalbach-hinterglemm-austrias-largest-ski-area/>
    <new-product-launches-at-the-telegraph-ski-and-snowboard-show/>
    <graham-bell-tries-ski-touring-with-his-daughter/>
    <ski-buddymoon-whats-it-like-to-take-friends-to-the-slopes/>
    <best-things-for-families-at-telegraph-ski-show/>
    <spot-the-skier-amazing-freeride-ski-picture/>
    <altitude-festival-review-comedy-skiing/>
    <skiing-in-winter-park-on-track-for-family-fun--/>
    <the-best-healthy-ski-holidays/>
    <best-things-to-do-at-the-telegraph-ski-and-snowboard-show-/>
    <did-you-know-you-can-ski-in-antarctica/>
    <live-blog-from-the-telegraph-ski-and-snowboard-show/>
    <is-this-the-end-of-cult-off-piste-skiing-in-la-grave/>
    <the-ultimate-ski-bucket-list/>
    <backstage-at-the-freeride-world-tour-in-alaska/>
    <why-you-should-choose-slovenia-for-your-next-ski-holiday/>
    <skiing-in-a-smaller-french-resort-chamrousse/>
    <chalet-hosts-hate-it-when-you-do-this-on-your-ski-holiday/>
    <the-best-ski-and-snowboard-festivals/>
    <most-annoying-things-britons-do-in-ski-resorts/>
    <tips-to-cure-cold-feet-on-a-ski-holiday/>
    <best-spa-hotels-in-ski-resorts/>
    <road-trip-of-five-canadian-ski-resorts/>
    <off-slope-activities-ski-holiday-oslo-beitostolen-norway/>
    <best-new-ski-hotels/>
    <best-alternative-ski-and-snowboard-courses/>
    <best-black-friday-ski-and-snowboard-deals/>
    <sam-smoothy-goes-skiing-in-north-korea-video/>
    <aldi-offers-budget-ski-lessons/>
    <skiing-in-val-disere-why-so-popular/>
    <_x0039_0-year-old-skier-inspiring-skier-in-video/>
    <how-to-stop-ski-equipment-from-being-stolen/>
    <kronplatz-the-best-italian-ski-resort-youve-never-heard-of/>
    <visiting-obergurgl-top-mountain-crosspoint-motorbike-museum/>
    <best-places-to-combine-a-city-break-with-a-ski-holiday/>
    <the-best-resorts-for-skiing-in-december/>
    <samoens-the-french-off-piste-paradise-you-ve-never-heard-of/>
    <best-new-ski-chalets/>
    <will-it-snow-in-the-uk-this-christmas/>
    <calculate-the-chance-of-snow-at-christmas/>
    <is-monoskiing-cool-again/>
    <artist-paints-with-his-skis/>
    <snowboarding-started-in-turkey-300-years-ago/>
    <revealed-kranjska-gora-the-best-value-family-ski-resort/>
    <coolest-new-places-for-a-ski-holiday/>
    <el-lodge-ski-hotel-sierra-nevada-reincarnated/>
    <skiwelt-in-just-one-day/>
    <skiing--has-val-d-isere-been-transformed-/>
    <watch-graham-bell-ski-the-harakiri-run-in-mayrhofen/>
    <ultra-luxury-ski-chalets-go-self-catering/>
    <most-dangerous-ski-stunt-ever-loop-of-death/>
    <jeff-koons-designs-5000-dollar-snowboard/>
    <freeskier-sam-favret-ice-cave-chamonix/>
    <best-contributors-to-snowsports-2016/>
    <us-ski-team-releases-naked-calendar/>
    <revealed--best-clothing-and-equipment-for-2016/>
    <snowboarding-santa-flies-through-air-pulled-by-a-drone/>
    <lech-ski-chalet-new-wave-austrian-luxury/>
    <davos-klosters-backcountry-ski-adventures/>
    <best-ski-resorts-2016/>
    <best-europe-budget-ski-resorts-2020-2021-top-holiday-deals/>
    <graham-bell-how-to-holiday-like-the-french-in-val-d-isere/>
    <davos-to-arosa-ski-touring-in-switzerland-sir-arthur-conan-doyle/>
    <watch-graham-bell-ski-the-valluga-in-st-anton/>
    <first-time-skiing-in-north-america/>
    <ski-switzerland-on-the-cheap/>
    <how-to-ski-like-a-russian-oligarch/>
    <alpine-ski-road-trip-blog-part-one/>
    <off-piste-skiing-la-plagne/>
    <watch-graham-bell-ski-steilste-piste-schilthorn-murren/>
    <travelling-the-alp-in-a-campervan/>
    <can-kate-humble-persuade-you-cross-country-skiing-is-fun/>
    <experience-a-different-side-to-skiing-on-an-alpine-road-trip/>
    <the-jump-2017-behind-the-scenes-look-at-the-contestants/>
    <best-ski-resorts-for-terrain-parks/>
    <lessons-learnt-on-a-campervan-ski-road-trip-round-the-alps/>
    <ski-resorts-drones-avalanche-control/>
    <a-weekend-in-morzine/>
    <best-destinations-for-big-ski-areas/>
    <inside-the-private-jet-transformed-into-a-ski-chalet/>
    <an-austrian-ski-holiday-for-a-non-skier/>
    <learning-to-ski-indoors-in-the-uk/>
    <snowboarders-chased-by-wild-moose-in-jackson-hole/>
    <arctic-charity-ski-marathon-swedish-lapland/>
    <skiing-snowboarding-tubing-behind-lamborghini/>
    <jenny-jones-top-tips-for-skiing-in-japan/>
    <meet-the-tongan-skier-want-to-compete-at-the-winter-olympics/>
    <skiing-with-olympic-slalom-champion-mario-matt-st-anton/>
    <brush-up-language-skills-ski-holiday/>
    <powder-skiing-adventure-baqueira-beret-northern-spain/>
    <snowboarder-is-rescued-after-being-buried-alive-in-california/>
    <backcountry-skiing-hokkaido-japan/>
    <weekend-skiing-in-courmayeur/>
    <extreme-ski-touring-greenland/>
    <booking-ski-car-hire/>
    <international-rugby-ski-resorts-six-stations-tour/>
    <mountain-experts-answer-thorny-issue-ski-hosting/>
    <snowboarder-builds-terrain-park-out-of-ice-in-his-back-garden/>
    <gods-of-sport-photography-exhibition-captures-spirit-winter-olympics-past/>
    <james-niehues-piste-map-artist-brings-ski-resorts-life/>
    <watch-snowboarders-skiers-light-show-snowbombing-festival/>
    <best-ever-freestyle-ski-and-snowboard-tricks/>
    <where-to-ski-on-a-volcano/>
    <hitting-the-slopes-in-courchevel-with-one-of-the-worlds-best-ski/>
    <ski-campervan-stealthy-marmot-chris-benchetler/>
    <is-this-europes-scariest-ski-run/>
    <would-you-ski-in-north-korea-after-watching-this-video/>
    <skiers-mark-star-wars-day-with-parody-on-french-slopes/>
    <britain-s-best-new-ski-racer/>
    <best-ski-instructor-courses/>
    <poor-mans-selfie-drone-nicolas-vuignier-skiing-video/>
    <this-seasons-best-ski-and-snowboard-videos/>
    <skier-captures-the-moment-he-falls-down-a-60ft-crevasse-in-switz/>
    <watch-graham-bell-ski-the-lagazuoi-run-in-cortina-italy/>
    <group-ski-holidays-top-tips-and-where-to-go/>
    <skiing-in-july-in-london-where-to-ski-in-the-UK-in-summer/>
    <join-the-search-for-the-best-young-freestyle-skiers-and-snowboarders/>
    <insider-whistlers-new-pod-hotel/>
    <the-90-plus-year-old-skiers-proving-youre-never-too-old-to-ski/>
    <meet-jura-training-to-become-scotland-ski-rescue-dog/>
    <strange-but-true-facts-skiers-should-know-about-japan/>
    <britains-best-pyeongchang-winter-olympic-hopes-james-woodsy-woods/>
    <top-tips-on-how-to-make-this-the-best-ski-season-ever/>
    <the-best-family-ski-holidays/>
    <skiing-style-long-weekend-luxury-kitzbuehel-austria/>
    <britains-winter-olympic-pyeongchang-2018-hopes-katie-ormerod/>
    <why-you-should-go-skiing-now/>
    <graham-bells-guide-to-snowboard-slopestyle/>
    <can-advanced-skiers-really-benefit-from-ski-coaching/>
    <common-misconceptions-about-winter-ski-holidays/>
    <best-ski-resorts-for-new-year/>
    <why-does-jenny-jones-love-snowboarding-in-japan/>
    <britains-best-winter-olympic-2018-hopes-dave-ryding/>
    <the-best-ski-instructor-apps/>
    <new-ski-app-skadi-launches-sat-nav-and-augmented-reality-on-the-slopes/>
    <family-skiing-val-d-arly-best-kept-secret-france/>
    <billy-morgan-groundbreaking-british-snowboarder-pyeongchang-2018/>
    <ski-helmet-saved-my-life-headway-brain-injury/>
    <team-gb-aimee-fuller-favourite-snowboard-shredding-spots/>
    <new-envy-ski-frame-snowboard-boots-sore-feet/>
    <how-to-cheat-your-way-to-skiing-like-a-pro/>
    <skiing-can-you-teach-an-old-dog-new-tricks/>
    <saviour-st-moritz-greek-shipping-magnate-swiss-ski-resort/>
    <winter-olympian-jenny-jones-host-snowboarding-and-mindful-workshop/>
    <when-the-pros-get-it-wrong-the-crash-edit-from-this-is-home-ski/>
    <the-ultimate-heli-skiing-adventure-in-canada/>
    <everything-you-need-to-know-before-you-go-heli-skiing/>
    <britains-best-winter-olympic-pyeongchang-medal-hopes-skier-madi-rowlands/>
    <ski-exercises-fit-for-the-slopes-aimee-fuller-tips/>
    <ed-sheeran-perfect-why-ski-holidays-romantic/>
    <mottaret-ski-resort-unsung-hero-france-trois-vallees/>
    <where-do-celebrities-go-skiing/>
    <ski-and-sail-cruise-norwegian-arctic/>
    <not-just-cheap-cheerful-skiing-in-andorra/>
    <the-ultimate-dream-ski-trip-to-gulmarg-in-kashmir/>
    <team-gb-winter-olympic-medal-hopefuls-lloyd-wallace/>
    <britains-best-winter-olympic-pyeongchang-medal-hopes-izzy-atkin/>
    <a-french-ski-safari-visiting-a-new-resort-each-day/>
    <how-to-survive-a-ski-season-in-some-of-frances-most-popular-resorts/>
    <val-disere-best-reasons-to-visit/>
    <cowboys-on-snow-what-do-you-get-when-you-combine-downhill-ski/>
    <the-generation-game-learning-to-ski-with-your-dad/>
    <why-a-trip-to-norway-could-solve-all-your-family-ski-holiday-problems/>
    <new-course-aims-to-simplify-avalanche-training-across-the-globe/>
    <the-worlds-best-ski-resorts-kit-and-tour-operators-chosen-at-the-world-snow-awards/>
    <what-does-a-winter-olympian-really-eat-in-the-mountains/>
    <europe-cheapest-ski-resort-families-revealed/>
    <meet-team-gb-winter-olympic-medal-hopeful-cross-country-skier-andrew-musgrave/>
    <the-worlds-most-charming-ski-resorts/>
    <clumsiest-skiers-europe-new-survey-ski-rental-habits/>
    <meet-the-19-year-old-winter-paralympian-millie-knight/>
    <the-unknown-freeride-ski-paradise-in-the-french-alps-that-youve-never-heard-of/>
    <can-a-beginner-learn-to-ski-a-black-run-in-a-week/>
    <british-skier-rowan-cheshire-fought-injury-winter-olympics/>
    <graham-bell-skis-the-lagazuoi-piste-in-cortina-d-ampezzo/>
    <heavy-snow-high-winds-shut-ski-resorts-storm-eleanor-alps/>
    <could-too-much-snow-spell-disaster-for-the-ski-season/>
    <jenny-jones-top-tips-on-how-to-become-a-better-snowboarder/>
    <how-to-improve-your-skiing-or-snowboarding/>
    <a-gourmet-tour-of-the-italian-dolomites/>
    <ski-quiz-how-good-really-are-you-at-skiing/>
    <how-to-find-the-perfect-ski-resort-for-you-this-winter/>
    <the-most-popular-apres-ski-drinks/>
    <skiing-in-france-les-gets-vip-ski-chalet/>
    <_x0031_4-new-things-to-try-on-your-ski-holiday-this-season/>
    <the-best-ski-chalets-reviewed/>
    <watch-snowboarder-katie-ormerod-olympic-journey-west-yorkshire/>
    <where-to-find-flexible-ski-child-care-in-the-alps/>
    <international-rugby-stars-french-alps-six-stations-tour/>
    <the-worlds-best-ski-runs-and-how-to-ski-them/>
    <how-to-keep-the-kids-entertained-on-late-season-ski-trip-la-plagne/>
    <the-best-ski-resorts-with-a-winter-olympic-legacy/>
    <american-hotels-hit-the-french-alps/>
    <an-authentic-ski-holiday-in-are-sweden/>
    <graham-bells-guide-to-halfpipe-skiing/>
    <graham-bells-guide-to-aerials-skiing/>
    <graham-bells-guide-to-slalom-skiing/>
    <graham-bell-guide-to-snowboard-big-air/>
    <graham-bell-guide-to-ski-cross/>
    <where-to-try-winter-olympic-sports/>
    <everything-you-need-to-know-about-the-winter-olympics-in-pyeongchang-2018/>
    <women-only-ski-courses/>
    <valentine-events-in-ski-resorts/>
    <whats-it-like-to-ski-race-bode-miller-olympic-champion/>
    <eureka-moment-ski-course-morzine/>
    <new-interesting-ski-activities/>
    <scottish-ski-resorts-hit-back-at-claims-that-climate-change/>
    <where-ski-sunday-presenters-graham-bell-and-ed-leigh-on-holiday/>
    <how-to-stay-safe-on-the-slopes/>
    <the-best-falls-and-wipeouts-from-the-winter-olympics/>
    <a-day-in-the-life-of-a-ski-tester/>
    <best-ski-resorts-for-a-city-break/>
    <city-ski-experience-aosta-pila-italy/>
    <graham-bell-s-olympic-highlights/>
    <everything-you-need-to-know-about-late-season-skiing/>
    <graham-bell-heli-skiing-run-in-alagna-italy/>
    <best-places-to-heli-ski-month-by-month/>
    <ed-leigh-predictions-for-the-future-of-british-snowboarding/>
    <xavier-de-le-rue-top-tips-for-better-freeride-off-piste-snowboarding-skiing/>
    <how-challenging-is-skiing-jackson-hole-wyoming/>
    <how-yoga-and-mindfulness-can-help-you-ski-better/>
    <ski-holidays-reduce-stress-the-psychological-benefits-of-snow/>
    <two-swiss-brothers-embark-on-skiing-mountain-biking/>
    <first-look-inside-chamonix-luxurious-high-altitude-mountain-refuge/>
    <first-look-new-season-ski-wear/>
    <how-to-carry-on-skiing-past-retirement-age/>
    <train-and-ski-holidays-everything-you-need-to-know/>
    <best-things-to-do-at-the-telegraph-ski-snowboard-festival/>
    <colorado-abandoned-ski-resorts-captured-on-film/>
    <no-deal-flights-grounded-brexit/>
    <meet-the-wheelchair-bound-piste-basher-driver-world-first/>
    <first-time-skiing-in-canada-why-it-can-really-up-your-game/>
    <christmas-family-ski-trip/>
    <ski-christmas-sauze-doulx-neilson/>
    <first-ski-holiday-everything-you-need-to-know/>
    <meet-the-man-behind-the-mic-at-the-winter-olympics/>
    <the-rise-of-artisanship-in-the-ski-industry/>
    <ski-breaks-early-season/>
    <live-blog-from-the-telegraph-ski-snowboard-festival/>
    <norway-secret-off-piste-paradise-with-a-unique-fjord-twist/>
    <the-secret-to-choosing-a-snow-sure-ski-resort-this-winter/>
    <alternative-tips-for-training-for-off-piste-xavier-de-le-rue/>
    <wild-west-ski-road-trip-in-oregon-usa/>
    <graham-bell-the-changing-face-of-val-disere/>
    <will-smith-proves-its-possible-to-go-skiing-in-the-middle-of-the/>
    <does-skiing-have-a-gender-gap-winter-olympian-chemmy-alcott-why-less-women-go-skiing/>
    <skiing-in-la-rosiere/>
    <last-minute-ski-deals-for-christmas/>
    <what-really-opens-at-a-ski-resort-opening-weekend/>
    <does-new-app-mean-the-death-of-traditional-ski-instructors/>
    <uzbekistan-ski-resort-set-to-open/>
    <a-fifty-something-mum-and-her-teenage-son-tale-of-their-first-ski-holiday/>
    <lesser-known-norwegian-resort-of-norefjell-family-ski-holiday/>
    <a-cruisy-wine-tasting-tour-of-italian-slopes-accompanied-by-a-so/>
    <ski-holiday-to-japan-is-about-more-than-just-world-class-powder/>
    <ski-resorts-with-charm/>
    <first-look-chesa-el-toula-in-st-moritz/>
    <ski-safari-in-jackson-hole/>
    <how-to-survive-an-avalanche-on-wimbledon-common/>
    <ski-touring-uphill-for-a-descent-in-the-dark-morzine/>
    <returning-to-the-first-ski-resort-you-visited-50-years-later-hoc/>
    <first-time-ski-touring-can-an-unfit-skier-turn-into-enthusiastic-ski-tourer/>
    <the-rise-of-all-inclusive-ski-holidays-what-the-fuss-about/>
    <xavier-de-le-rue-the-north-face-future-light-ski-jacket-technology/>
    <is-self-catering-the-future-of-ski-holidays/>
    <two-types-of-french-ski-resort-but-which-is-better/>
    <new-wave-of-mountain-hostels-appealing-to-younger-skiers-on-a-budget/>
    <watch-graham-bell-ski-his-favourite-run-in-kitzbuehel/>
    <the-best-race-events-in-the-alps/>
    <the-secret-life-of-ski-patrollers-in-charge-of-ski-resort-safety/>
    <is-skiing-in-scotland-worth-saving/>
    <first-five-star-hotel-opens-in-champoluc/>
    <whats-it-like-to-fall-into-a-crevasse-while-skiing/>
    <the-way-to-transform-family-ski-holidays/>
    <how-to-take-your-dog-skiing/>
    <a-day-behind-the-scenes-with-the-ski-patrollers/>
    <man-sets-out-to-conquer-north-america-best-ski-runs/>
    <cross-country-skiing-sweden/>
    <how-to-make-the-most-of-a-ski-weekend/>
    <meet-the-inspiring-women-taking-over-the-skiing-world/>
    <how-ski-holidays-will-be-affected-by-brexit/>
    <what-is-splitboarding/>
    <demise-of-british-chalet-operator-in-val-disere/>
    <mariella-frostrup-how-to-overcome-my-loathing-for-ski-holidays-/>
    <graham-bell-skis-black-run-in-ischgl-austria/>
    <the-best-luxury-ski-resorts/>
    <the-best-challenging-ski-resorts-for-experts/>
    <zugspitz-arena-austrian-ski-resort-never-heard-of-best-day-skiin/>
    <best-ski-resort-for-foodies/>
    <events-to-mark-the-end-of-the-ski-season/>
    <first-look-at-snowmass-600m-makeover/>
    <snowbombing-how-festivals-are-introducing-skiing-to-new-generation/>
    <how-to-score-an-all-inclusive-family-ski-holiday-for-less-than-p/>
    <british-ski-instructor-launches-ground-breaking-ski-technique-on-harley-street/>
    <best-ski-resorts-reached-by-train/>
    <why-you-should-book-your-next-ski-holiday-now/>
    <a-group-of-snowboarders-document-an-adventure-on-the-glacier-express/>
    <_x0037_0-years-of-every-skiers-bucket-list-resort-portillo-in-chile/>
    <what-is-an-off-piste-itinerary-ski-run/>
    <first-look-at-whistler-pod-hotel/>
    <is-revelstoke-in-canada-the-ultimate-destination-for-heli-skiing/>
    <best-ski-holidays-for-this-winter/>
    <french-trois-vallees-best-deals-and-top-news/>
    <experience-the-five-star-life-of-an-oligarch-in-courchevel-france/>
    <lesser-known-outposts-of-the-three-valleys-france/>
    <why-you-should-trade-a-plane-for-the-train-to-the-alps/>
    <luxury-ski-holiday-offers/>
    <late-season-ski-holiday-val-thorens-france/>
    <fat-biking-what-the-new-ski-holiday-experience-is-really-like/>
    <when-should-you-start-skiing-with-children/>
    <skiing-georgia-off-piste/>
    <ski-holidays-in-sweden-norway-where-convenience-is-king/>
    <future-of-ski-holidays/>
    <luxury-in-the-forgotten-base-of-the-trois-vallees/>
    <ski-holiday-in-japan-top-of-bucket-list/>
    <the-most-luxury-ski-jacket-moncler/>
    <best-world-cup-ski-runs-how-to-ski-like-a-champion/>
    <andermatt-switzerland-off-piste-adventure-ski-holiday/>
    <family-ski-holiday-for-all-levels/>
    <are-young-people-falling-out-of-love-with-skiing/>
    <can-skiing-be-green-what-like-to-ski-on-top-of-power-plant/>
    <graham-bell-swaps-the-alps-for-the-lesser-know-ski-resorts-pyrenees/>
    <ski-resort-logo-quiz/>
    <buried-in-an-avalanche-rescued-by-dogs/>
    <ski-in-val-d-isere-with-chemmy-alcott/>
    <william-sitwell-les-arcs-three-eras-on-the-slopes/>
    <return-to-ski-holiday-after-injury-with-family/>
    <how-to-discover-secret-spots-in-the-world-biggest-ski-area/>
    <arctic-ski-holiday-with-a-difference-narvik-norway/>
    <skiing-in-the-death-zone-first-ski-descent-of-lhotse/>
    <skiing-in-bosnia-sarajevo-should-be-your-next-ski-destination/>
    <graham-bell-favourite-ski-run-saalbach-austria/>
    <reintroduce-white-tailed-eagles-to-france-by-skiing-with-them/>
    <skiing-in-afghanistan-meet-the-man-putting-the-war-torn-country-slopes-on-map/>
    <meet-the-top-female-chef-shaking-up-swanky-courchevel-gourmet-ski-holiday/>
    <alta-the-skier-only-america-resort-where-snowboarding-is-banned/>
    <colorado-ski-resort-with-no-lifts-opens/>
    <what-to-do-on-a-ski-holiday-if-you-dont-ski-non-skier-resorts/>
    <eco-friendly-inexpensive-and-to-charity-is-this-the-ski-wear-of-the-future/>
    <secret-stories-from-a-chalet-host/>
    <ischgl-ski-resort-filming-locations-in-will-ferrell-downhill-film/>
    <forget-ski-chalets-how-luxury-hotels-are-transforming-meribel/>
    <how-persuaded-70-year-old-mum-not-give-up-skiing-dolomites/>
    <inside-the-glamorous-world-of-snow-polo-st-moritz/>
    <ecrin-blanc-hotel-ski-luxury-for-less-in-courchevel/>
    <snowboarder-leading-the-campaign-against-climate-change/>
    <why-glad-i-didnt-cancel-my-ski-holiday-despite-coronavirus/>
    <graham-bell-favourite-ski-run-tignes-france/>
    <how-the-coronavirus-lockdown-of-france-ski-resorts-unfolded/>
    <champion-skier-chemmy-alcott-shares-self-isolation-ski-workout/>
    <dont-blame-ski-resorts-for-the-spread-of-coronavirus-they-need-our-support/>
    <the-future-of-covid-19-ski-holidays-after-lockdown/>
    <best-ski-resorts-without-crowds/>
    <experts-share-their-thoughts-on-covid-19-impact-on-ski-holidays/>
    <driving-to-the-alps-will-always-be-better-than-flying/>
    <return-to-the-slopes-whats-it-like-to-ski-in-post-pandemic-age/>
    <the-end-of-the-ski-train-is-the-worst-thing-that-could-happen-to-holidays/>
    <why-school-ski-trips-are-essential-to-the-future-of-ski-holidays/>
    <the-holiday-that-changed-me-nik-kershaw/>
    <the-death-of-apres-ski-spells-disaster-for-skiers/>
    <first-look-skiing-at-the-uk-indoor-slopes-post-lockdown/>
    <christmas-is-cancelled-reason-to-escaped-to-the-slopes/>
    <ski-holiday-tracker-where-can-i-go-skiing-this-winter/>
    <we-are-absolutely-planning-for-there-to-be-a-ski-season/>
    <back-to-school-on-the-slopes-new-rules-for-ski-lessons/>
    <best-value-ski-resorts-europe/>
    <ode-to-the-traditional-catered-chalet-holiday/>
    <swiss-ski-resorts-remain-open-despite-lockdown-in-europe/>
    <most-difficult-ski-resorts-for-experts/>
    <best-ski-resorts-us-america/>
    <give-me-spring-skiing-over-mid-winter-any-day/>
    <was-prince-charles-caught-in-an-avalanche-the-crown/>
    <skiing-the-hidden-vallee-perdue-france/>
    <blanket-ban-to-stop-ski-resorts-from-opening-is-disastrous/>
    <europe-ski-giants-clashing-over-resort-christmas-openings/>
    <ski-resorts-open-closed-covid/>
    <refuse-to-give-up-on-skiing-this-season-for-mental-health/>
    <best-places-for-ski-touring-when-lifts-are-not-open/>
    <how-ski-shops-are-staying-afloat-during-the-pandemic/>
    <forgotten-side-of-the-austrian-ski-party-hotspot-st-anton/>
    <secret-to-staying-off-grid-in-the-world-biggest-ski-area/>
    <skiing-in-covid-bound-canada-compared-to-europe/>
    <visit-french-ski-resort-like-when-the-lifts-are-closed/>
    <john-mccarthy-christmas-skiing-first-holiday-away-after-hostage/>
    <travel-ban-has-left-me-quarantined-in-a-swiss-ski-resort-/>
    <verbier-reputation-unfairly-in-tatters-over-british-escapees/>
    <french-ski-resorts-are-adapting-to-reopen-this-season/>
    <lessons-of-skiing-in-iran/>
    <ski-operators-call-of-ski-holidays-for-rest-of-season/>
    <meet-man-entire-ski-resort-to-himself-verbier-travel-ban/>
    <dream-trips-for-frustrated-skiers-to-book-now/>
    <skiing-in-japan-for-beginners/>
    <what-it-feels-like-to-be-caught-in-an-avalanche/>
    <bulgaria-bankso-the-ultimate-budget-ski-holiday-for-families/>
    <stop-blaming-skiers-we-re-neither-narcissists-or-super-spreaders/>
    <kitzbuehel-hahnenkamm-reminder-of-everything-that-great-about-sk/>
    <skiing-during-pandemic-in-us-california-ski-resorts/>
    <research-predicts-techy-ski-holidays-of-the-future/>
    <uzbekistan-the-greatest-untapped-ski-destination/>
    <the-most-romantic-ski-chalets-and-hotels/>
    <half-term-family-ski-holiday-during-coronavirus-in-the-french-alps/>
    <secret-austrian-ski-resort-that-is-cutting-edge/>
</jcr:root>
