<?xml version="1.0" encoding="UTF-8"?>
<jcr:root xmlns:cq="http://www.day.com/jcr/cq/1.0" xmlns:jcr="http://www.jcp.org/jcr/1.0"
    jcr:primaryType="cq:Page">
    <jcr:content/>
    <application/>
    <articles/>
    <galleries/>
    <anguilla/>
    <antigua-and-barbuda/>
    <bahamas/>
    <barbados/>
    <bermuda/>
    <british-virgin-islands/>
    <cuba/>
    <dominica/>
    <dominican-republic/>
    <grenada/>
    <jamaica/>
    <puerto-rico/>
    <saint-lucia/>
    <saint-kitts-and-nevis/>
    <st-vincent-and-the-grenadines/>
    <trinidad-and-tobago/>
    <st-barts/>
    <hotels/>
    <cayman-islands-dream-holidays/>
    <sandals-luxury-holidays/>
    <one-happy-island/>
    <perfect-island-getaway/>
    <caribbean-tours/>
    <turks-and-caicos/>
    <caribbean-holidays/>
    <cayman-islands/>
    <caribbean-ocean-cruises/>
    <aruba/>
    <totally-tobago/>
    <insiders-guide/>
    <st-martin/>
    <insider-guide-secret-caribbean-island/>
    <truth-behind-caribbeans-a-list-allure/>
    <caribbean/>
    <_x0031_0-underrated-caribbean-islands-jet-set-flocking/>
    <still-love-caribbean-30-years/>
    <secret-caribbean-island-may-have-seen-screen-without-realising/>
    <trip-grenada-will-leave-spice-connoisseur/>
    <caribbeans-ultimate-playground-super-rich-reinventing/>
    <pictures-caribbean-royal-tours-ages/>
    <surprising-side-caribbean-missed-now/>
    <caribbean-not-know/>
</jcr:root>
