<?xml version="1.0" encoding="UTF-8"?>
<jcr:root xmlns:sling="http://sling.apache.org/jcr/sling/1.0" xmlns:cq="http://www.day.com/jcr/cq/1.0" xmlns:jcr="http://www.jcp.org/jcr/1.0" xmlns:mix="http://www.jcp.org/jcr/mix/1.0" xmlns:nt="http://www.jcp.org/jcr/nt/1.0"
    jcr:primaryType="cq:Page">
    <jcr:content
        cq:designPath="/etc/designs/telegraph/core"
        cq:lastModified="{Date}2022-01-26T22:33:01.324Z"
        cq:lastModifiedBy="millimacig"
        cq:tags="[structure:politics,structure:news,structure:news/uk-news,topics:people/boris-johnson,topics:organisations/conservative-party]"
        cq:template="/apps/telegraph/core/commons/templates/articleTemplate2"
        jcr:isCheckedOut="{Boolean}true"
        jcr:mixinTypes="[mix:versionable]"
        jcr:primaryType="cq:PageContent"
        jcr:title="COPY OF COPY OF COPY OF TEMPLATE DO NOT DELETE Politics latest news: xxx"
        jcr:uuid="038fe400-86de-45e0-ae8b-56935ff850da"
        sling:resourceType="telegraph/core/commons/renderers/articleRenderer2"
        articleType="general"
        authoringUniqueId="eb6a3206-7ef7-11ec-9ac1-06813a5dfefa"
        commentingOn="{Boolean}true"
        evergreen="{Boolean}false"
        headlineAndUrlAreLinked="{Boolean}true"
        holdStatus="{Boolean}false"
        isLive="{Boolean}true"
        liveStreamEnabled="{Boolean}true"
        originalStoryId="eab1a42c-753c-11eb-b644-06813a5dfefa"
        pageId="Ayb2QWngfr03"
        premiumContent="{Boolean}true"
        premiumStatusOverride="{Boolean}false"
        refreshInterval="{Long}30">
        <content
            jcr:primaryType="nt:unstructured"
            sling:resourceType="telegraph/core/commons/components/article">
            <social
                jcr:primaryType="nt:unstructured"
                sling:resourceType="telegraph/core/commons/components/socialSharing"
                autoCloneDisabled="false"
                facebookShareEnable="true"
                iconOrdering="[Facebook,Twitter]"
                pluginJson="\{}"
                socialCounters="inherit"
                stickyDisabled="true"
                twitterShareEnable="true"/>
            <headline
                jcr:primaryType="nt:unstructured"
                sling:resourceType="telegraph/core/commons/components/headline"
                headline="COPY OF COPY OF COPY OF TEMPLATE DO NOT DELETE Politics latest news: xxx"/>
            <standfirst
                jcr:primaryType="nt:unstructured"
                sling:resourceType="telegraph/core/commons/components/standfirst"/>
            <authorPath
                jcr:primaryType="nt:unstructured"
                sling:resourceType="telegraph/core/commons/components/byline"/>
            <articleDate
                jcr:primaryType="nt:unstructured"
                sling:resourceType="telegraph/core/commons/components/articleDate"/>
            <paragraph
                jcr:primaryType="nt:unstructured"
                sling:resourceType="telegraph/core/commons/components/paragraph">
                <par
                    jcr:primaryType="nt:unstructured"
                    sling:resourceType="foundation/components/parsys">
                    <component
                        cq:cssClass="version-2"
                        jcr:primaryType="nt:unstructured"
                        sling:resourceType="telegraph/core/commons/components/articleBodyText"
                        articleBodyText="&lt;ul>&#xa;&#x9;&lt;li>&lt;strong>x&lt;/strong>&lt;/li>&#xa;&#x9;&lt;li>&lt;strong>x&lt;/strong>&lt;/li>&#xa;&#x9;&lt;li>&lt;strong>x&lt;/strong>&lt;/li>&#xa;&#x9;&lt;li>&lt;strong>x&lt;/strong>&lt;/li>&#xa;&#x9;&lt;li>&lt;strong>x&lt;/strong>&lt;/li>&#xa;&lt;/ul>&#xa;&lt;p>x&lt;/p>&#xa;&lt;p>x&lt;/p>&#xa;&lt;p>x&lt;/p>&#xa;&lt;p>x&lt;/p>&#xa;&lt;p>&lt;strong>​​Follow the latest updates below.&lt;/strong>&lt;/p>"/>
                </par>
            </paragraph>
            <tagContent
                jcr:primaryType="nt:unstructured"
                sling:resourceType="telegraph/core/commons/components/paragraph">
                <par
                    jcr:primaryType="nt:unstructured"
                    sling:resourceType="foundation/components/parsys">
                    <facebookLike
                        jcr:primaryType="nt:unstructured"
                        sling:resourceType="telegraph/core/commons/components/facebookLike"/>
                </par>
            </tagContent>
            <tagContentBottom
                jcr:primaryType="nt:unstructured"
                sling:resourceType="telegraph/core/commons/components/paragraph">
                <par
                    jcr:primaryType="nt:unstructured"
                    sling:resourceType="foundation/components/parsys">
                    <listOfTags
                        jcr:primaryType="nt:unstructured"
                        sling:resourceType="telegraph/core/commons/components/listOfTags"
                        heading="Related Topics"
                        showPageTags="true"
                        tagsDisplayed="20"/>
                </par>
            </tagContentBottom>
            <comment
                jcr:primaryType="nt:unstructured"
                sling:resourceType="telegraph/core/commons/components/comment"/>
            <liveStream
                jcr:primaryType="nt:unstructured"
                sling:resourceType="telegraph/core/commons/components/liveStream"/>
        </content>
        <articlehero
            jcr:primaryType="nt:unstructured"
            sling:resourceType="foundation/components/parsys">
            <leadAsset
                jcr:primaryType="nt:unstructured"
                sling:resourceType="telegraph/core/commons/components/leadAsset">
                <image
                    jcr:primaryType="nt:unstructured"
                    sling:resourceType="foundation/components/image"/>
            </leadAsset>
        </articlehero>
    </jcr:content>
</jcr:root>
