<?xml version="1.0" encoding="UTF-8"?>
<jcr:root xmlns:cq="http://www.day.com/jcr/cq/1.0" xmlns:jcr="http://www.jcp.org/jcr/1.0" xmlns:rep="internal"
    jcr:mixinTypes="[rep:AccessControllable]"
    jcr:primaryType="cq:Page">
    <jcr:content/>
    <application/>
    <grow-to-eat/>
    <how-to-grow/>
    <gardens-to-visit/>
    <gardening-events/>
    <chelsea-flower-show/>
    <small-spaces/>
    <tools/>
    <tools-and-accessories/>
    <columnists/>
    <problem-solving/>
    <jeyes-outdoors/>
    <mandg-chelsea-flower-show/>
    <video/>
    <worldwide-trends/>
    <with-children/>
    <quality-tools-for-the-future/>
    <best-gardens-uk/>
    <britains-best-garden-competition-coming-soon/>
    <shed-inspiration/>
    <rep:policy/>
    <spark/>
    <plant-advice/>
</jcr:root>
