<?xml version="1.0" encoding="UTF-8"?>
<jcr:root xmlns:cq="http://www.day.com/jcr/cq/1.0" xmlns:jcr="http://www.jcp.org/jcr/1.0"
    jcr:primaryType="cq:Page">
    <jcr:content/>
    <happy-seasons-savings/>
    <winter-berry-trifle-recipe/>
    <brandy-chocolate-tart-recipe/>
    <festive-savoury-scone-wreath-recipe/>
    <festive-pear-and-port-chutney-recipe/>
    <roast-duck-with-apricots-white-wine-and-ginger/>
    <stuffed-pointed-peppers-recipe/>
    <lamb-tagine-with-pomegranate/>
    <chicken-risotto-with-ham-and-pea-puree/>
    <coffee-marinated-ribeye-steaks-recipe/>
    <tropical-beef-risotto-recipe/>
    <pan-fried-sirloin-steaks-mushroom-brandy-sauce/>
    <chocolate-and-raspberry-brownie-recipe/>
    <blueberry-creme-brulee/>
    <wine-poached-pears-recipe/>
    <chocolate-and-lime-meringue-tartlets/>
    <win-a-christmas-hamper/>
    <christmas-food-clare-zerny/>
    <christmas-food-and-drink/>
    <aldi-terms-and-conditions/>
    <application/>
    <christmas-food-from-aldi/>
    <port-chestnut-cranberry-christmas-canapes/>
    <enjoy-a-cracker-of-a-christmas/>
    <coffee-and-brandy-cream-whoopie-pies/>
    <festive-treats-for-the-family/>
    <smoked-salmon-and-lobster-tarts/>
</jcr:root>
