<?xml version="1.0" encoding="UTF-8"?>
<jcr:root xmlns:cq="http://www.day.com/jcr/cq/1.0" xmlns:jcr="http://www.jcp.org/jcr/1.0" xmlns:rep="internal"
    jcr:mixinTypes="[rep:AccessControllable]"
    jcr:primaryType="cq:Page">
    <jcr:content/>
    <application/>
    <_x0032_016/>
    <news/>
    <opinion/>
    <advice/>
    <student-life/>
    <festival-of-education/>
    <clearing/>
    <league-tables/>
    <apprenticeships-further-education/>
    <learning-a-language/>
    <student-writers/>
    <_x0030_/>
    <universities-colleges/>
    <education-video/>
    <stem-awards/>
    <_x0032_017/>
    <university-checklist/>
    <improve-your-grades/>
    <_x0032_018/>
    <business-opportunities-for-teaching/>
    <southbank-international-school/>
    <get-into-teaching/>
    <_x0032_019/>
    <rep:policy/>
    <_x0032_020/>
    <spark/>
    <_x0032_021/>
    <improving-uk-skills-and-apprenticeships/>
</jcr:root>
