<?xml version="1.0" encoding="UTF-8"?>
<jcr:root xmlns:cq="http://www.day.com/jcr/cq/1.0" xmlns:jcr="http://www.jcp.org/jcr/1.0"
    jcr:primaryType="cq:Page">
    <jcr:content/>
    <nice-city-break-guide/>
    <nice-attractions/>
    <nice-restaurants/>
    <nice-nightlife/>
    <nice-shopping/>
    <nice-itineraries/>
    <nice-events/>
    <Nice-France-the-Negresco-hotel-celebrates-100-years/>
    <Nice-attractions-what-to-see-and-do-in-summer/>
    <Nice-The-finest-carnival-in-Europe/>
    <Henri-Matisses-Nice/>
    <What-should-I-see-and-do-in-Nice/>
    <Nice-what-to-do-and-see-in-winter/>
    <the-best-nice-hotels-for-the-euro-championships/>
    <nice-needs-tourists-not-social-media-solidarity/>
    <best-beach-hotels-in-nice/>
    <best-luxury-hotels-nice/>
    <best-boutique-hotels-nice/>
    <nice-getting-there/>
    <nice-city-break-winter-when-to-go-what-to-do-see/>
    <nice-travel-guide/>
    <the-negresco-and-jeanne-augier/>
    <cost-of-a-weekend-in-nice-france/>
</jcr:root>
