<?xml version="1.0" encoding="UTF-8"?>
<jcr:root xmlns:sling="http://sling.apache.org/jcr/sling/1.0" xmlns:cq="http://www.day.com/jcr/cq/1.0" xmlns:jcr="http://www.jcp.org/jcr/1.0" xmlns:mix="http://www.jcp.org/jcr/mix/1.0" xmlns:nt="http://www.jcp.org/jcr/nt/1.0"
    jcr:primaryType="cq:Page">
    <pissouri/>
    <hotels/>
    <lofou/>
    <larnaca/>
    <tochni/>
    <lyso/>
    <polis-chrysochous/>
    <miliou/>
    <articles/>
    <limassol/>
    <paphos/>
    <articles0/>
    <application/>
    <nicosia/>
    <ayia-napa/>
    <cyprus-holidays/>
    <jcr:content
        cq:designPath="/etc/designs/telegraph/core"
        cq:lastModified="{Date}2022-03-16T20:26:00.207Z"
        cq:lastModifiedBy="mulvihill"
        cq:lastReplicated="{Date}2022-03-16T20:26:14.471Z"
        cq:lastReplicatedBy="mulvihill"
        cq:lastReplicationAction="Activate"
        cq:tags="[structure:travel/festivals-and-events,structure:travel/tours,topics:places/europe,structure:travel/nightlife,structure:travel/holidays,structure:travel/hotels,topics:places/cyprus,structure:travel,structure:travel/attractions,structure:travel/city-breaks,structure:travel/beach-holidays]"
        cq:template="/apps/telegraph/core/commons/templates/indexTemplate"
        jcr:isCheckedOut="{Boolean}true"
        jcr:mixinTypes="[mix:referenceable,mix:versionable]"
        jcr:primaryType="cq:PageContent"
        jcr:title="Cyprus"
        jcr:uuid="0764cb39-1921-432a-aa40-34264834a73d"
        sling:resourceType="telegraph/core/commons/renderers/indexRenderer"
        conceptIds="[kJv4VN1D4BG]"
        concepts="\{&quot;label&quot;:&quot;Cyprus (Europe) [Place]&quot;,&quot;id&quot;:&quot;kJv4VN1D4BG&quot;}"
        isADestination="{Boolean}true"
        migratedFromHubTemplate="{Boolean}true"
        pageHeading="Expert guide to Cyprus"
        pageId="AlM39HpDZySh"
        publicationDateOverride="{Date}2017-06-28T10:06:00.000+01:00"
        publicUrl="https://www.telegraph.co.uk/travel/destinations/europe/cyprus/"
        tmgLastActivationDate="{Date}2022-03-16T20:26:14.567Z"
        transformedDate="{Date}2022-02-04T15:05:12.517Z"
        transformedSource="Hub">
        <par
            jcr:primaryType="nt:unstructured"
            sling:resourceType="foundation/components/parsys">
            <articlelist_1
                jcr:primaryType="nt:unstructured"
                sling:resourceType="telegraph/core/commons/components/articleList"
                excludeOperator="OR"
                excludeTags="[structure:travel/news,storytype:guide,structure:blacklist]"
                hideByline="none"
                hideStandfirst="{Boolean}false"
                includeOperator="AND"
                includeTags="[topics:places/cyprus,structure:travel]"
                layout="one-col"
                layoutCenterAligned="true"
                limit="{Long}1"
                offset="{Long}1"
                orderByDirection="desc"
                pageType="article"/>
            <articlelist_2
                jcr:primaryType="nt:unstructured"
                sling:resourceType="telegraph/core/commons/components/articleList"
                excludeOperator="OR"
                excludeTags="[structure:travel/news,storytype:guide,structure:blacklist]"
                hideByline="none"
                hideStandfirst="{Boolean}false"
                includeOperator="AND"
                includeTags="[topics:places/cyprus,structure:travel]"
                layout="four-col"
                layoutCenterAligned="false"
                limit="{Long}4"
                offset="{Long}2"
                orderByDirection="desc"
                pageType="article"/>
            <articlelistcurated
                jcr:created="{Date}2022-02-26T11:20:46.734Z"
                jcr:createdBy="mulvihill"
                jcr:lastModified="{Date}2022-02-26T11:21:07.204Z"
                jcr:lastModifiedBy="mulvihill"
                jcr:primaryType="nt:unstructured"
                sling:resourceType="telegraph/core/commons/components/articleListCurated"
                hideByline="none"
                hideDates="{Boolean}true"
                layout="four-col"
                title="Where to stay in Cyprus">
                <curatedParsys
                    jcr:primaryType="nt:unstructured"
                    sling:resourceType="foundation/components/parsys">
                    <articlelistcard
                        jcr:created="{Date}2022-02-26T11:21:16.120Z"
                        jcr:createdBy="mulvihill"
                        jcr:lastModified="{Date}2022-02-26T11:21:37.994Z"
                        jcr:lastModifiedBy="mulvihill"
                        jcr:primaryType="nt:unstructured"
                        sling:resourceType="telegraph/core/commons/components/articleListCard"
                        pagePath="/content/telegraph/travel/destinations/europe/cyprus/articles/best-family-hotels-cyprus/">
                        <image
                            jcr:lastModified="{Date}2022-02-26T11:21:37.994Z"
                            jcr:lastModifiedBy="mulvihill"
                            jcr:primaryType="nt:unstructured"/>
                    </articlelistcard>
                    <articlelistcard_1131204863
                        jcr:created="{Date}2022-02-26T11:21:47.437Z"
                        jcr:createdBy="mulvihill"
                        jcr:lastModified="{Date}2022-02-26T11:21:57.742Z"
                        jcr:lastModifiedBy="mulvihill"
                        jcr:primaryType="nt:unstructured"
                        sling:resourceType="telegraph/core/commons/components/articleListCard"
                        pagePath="/content/telegraph/travel/destinations/europe/cyprus/articles/best-boutique-hotels-cyprus/">
                        <image
                            jcr:lastModified="{Date}2022-02-26T11:21:57.742Z"
                            jcr:lastModifiedBy="mulvihill"
                            jcr:primaryType="nt:unstructured"/>
                    </articlelistcard_1131204863>
                    <articlelistcard_1677599125
                        jcr:created="{Date}2022-02-26T11:22:08.383Z"
                        jcr:createdBy="mulvihill"
                        jcr:lastModified="{Date}2022-02-26T11:22:23.762Z"
                        jcr:lastModifiedBy="mulvihill"
                        jcr:primaryType="nt:unstructured"
                        sling:resourceType="telegraph/core/commons/components/articleListCard"
                        pagePath="/content/telegraph/travel/destinations/europe/cyprus/articles/best-all-inclusive-hotels-cyprus/">
                        <image
                            jcr:lastModified="{Date}2022-02-26T11:22:23.762Z"
                            jcr:lastModifiedBy="mulvihill"
                            jcr:primaryType="nt:unstructured"/>
                    </articlelistcard_1677599125>
                    <articlelistcard_708822407
                        jcr:created="{Date}2022-02-26T11:22:37.112Z"
                        jcr:createdBy="mulvihill"
                        jcr:lastModified="{Date}2022-02-26T11:22:47.153Z"
                        jcr:lastModifiedBy="mulvihill"
                        jcr:primaryType="nt:unstructured"
                        sling:resourceType="telegraph/core/commons/components/articleListCard"
                        pagePath="/content/telegraph/travel/destinations/europe/cyprus/articles/best-beach-hotels-cyprus/">
                        <image
                            jcr:lastModified="{Date}2022-02-26T11:22:47.153Z"
                            jcr:lastModifiedBy="mulvihill"
                            jcr:primaryType="nt:unstructured"/>
                    </articlelistcard_708822407>
                </curatedParsys>
            </articlelistcurated>
            <articlelist_3
                jcr:lastModified="{Date}2022-03-05T11:36:08.819Z"
                jcr:lastModifiedBy="mulvihill"
                jcr:primaryType="nt:unstructured"
                sling:resourceType="telegraph/core/commons/components/articleList"
                excludeOperator="OR"
                excludeTags="[structure:travel/news,storytype:guide,structure:blacklist]"
                hideByline="none"
                includeOperator="AND"
                includeTags="[topics:places/cyprus,structure:travel]"
                layout="mpu"
                limit="{Long}4"
                offset="{Long}6"
                orderByDirection="desc"
                pageType="article"
                title="Latest articles">
                <image
                    jcr:lastModified="{Date}2022-03-05T11:36:08.819Z"
                    jcr:lastModifiedBy="mulvihill"
                    jcr:primaryType="nt:unstructured"/>
            </articlelist_3>
            <articlelist_4
                jcr:primaryType="nt:unstructured"
                sling:resourceType="telegraph/core/commons/components/articleList"
                excludeOperator="OR"
                excludeTags="[structure:travel/news,storytype:guide,structure:blacklist]"
                hideByline="none"
                hideStandfirst="{Boolean}true"
                includeOperator="AND"
                includeTags="[topics:places/cyprus,structure:travel]"
                layout="four-col"
                layoutCenterAligned="false"
                limit="{Long}8"
                offset="{Long}10"
                orderByDirection="desc"
                pageType="article"/>
            <articlelist_5
                jcr:primaryType="nt:unstructured"
                sling:resourceType="telegraph/core/commons/components/articleList"
                excludeOperator="OR"
                excludeTags="[structure:travel/news,storytype:guide,structure:blacklist]"
                hideByline="none"
                hideStandfirst="{Boolean}true"
                includeOperator="AND"
                includeTags="[topics:places/cyprus,structure:travel]"
                layout="two-col"
                layoutCenterAligned="false"
                limit="{Long}2"
                offset="{Long}18"
                orderByDirection="desc"
                pageType="article"/>
            <commercialunit
                jcr:primaryType="nt:unstructured"
                sling:resourceType="telegraph/core/commons/components/commercialUnit"/>
            <articlelist_6
                jcr:primaryType="nt:unstructured"
                sling:resourceType="telegraph/core/commons/components/articleList"
                excludeOperator="OR"
                excludeTags="[structure:travel/news,storytype:guide,structure:blacklist]"
                hideByline="none"
                hideStandfirst="{Boolean}true"
                includeOperator="AND"
                includeTags="[topics:places/cyprus,structure:travel]"
                layout="four-col"
                layoutCenterAligned="false"
                limit="{Long}8"
                offset="{Long}20"
                orderByDirection="desc"
                pageType="article"/>
            <articlelist_7
                jcr:primaryType="nt:unstructured"
                sling:resourceType="telegraph/core/commons/components/articleList"
                excludeOperator="OR"
                excludeTags="[structure:travel/news,storytype:guide,structure:blacklist]"
                hideByline="none"
                hideStandfirst="{Boolean}true"
                includeOperator="AND"
                includeTags="[topics:places/cyprus,structure:travel]"
                layout="two-col"
                layoutCenterAligned="false"
                limit="{Long}2"
                offset="{Long}28"
                orderByDirection="desc"
                pageType="article"/>
            <productteaserpack
                jcr:created="{Date}2022-02-26T11:20:32.777Z"
                jcr:createdBy="mulvihill"
                jcr:lastModified="{Date}2022-03-16T20:26:00.194Z"
                jcr:lastModifiedBy="mulvihill"
                jcr:primaryType="nt:unstructured"
                sling:resourceType="telegraph/core/travel/components/productTeaserPack"
                columns="4"
                link="/content/telegraph/travel/destinations/europe/cyprus/hotels"
                linkLabel="View all hotels"
                linkTitle="More hotels in Cyprus"
                place="\{&quot;label&quot;:&quot;Cyprus [Country: Cyprus, Continent: Europe]&quot;,&quot;id&quot;:&quot;kJv4VN1D4BG&quot;}"
                placeIds="kJv4VN1D4BG"
                rows="1"
                type="travel-entity:hotel"/>
            <articlelist_8
                jcr:primaryType="nt:unstructured"
                sling:resourceType="telegraph/core/commons/components/articleList"
                excludeOperator="OR"
                excludeTags="[structure:travel/news,storytype:guide,structure:blacklist]"
                hideByline="none"
                hideStandfirst="{Boolean}false"
                includeOperator="AND"
                includeTags="[topics:places/cyprus,structure:travel]"
                layout="mpu"
                layoutCenterAligned="false"
                limit="{Long}4"
                offset="{Long}30"
                orderByDirection="desc"
                pageType="article"/>
            <articlelistpaginatio
                jcr:primaryType="nt:unstructured"
                sling:resourceType="telegraph/core/commons/components/articleListPagination"
                excludeOperator="OR"
                excludeTags="[structure:travel/news,storytype:guide,structure:blacklist]"
                hideByline="none"
                hideStandfirst="{Boolean}false"
                includeOperator="AND"
                includeTags="[topics:places/cyprus,structure:travel]"
                layout=""
                layoutCenterAligned="false"
                limit="{Long}4"
                offset="{Long}30"
                orderByDirection="desc"
                pageType="article"/>
        </par>
    </jcr:content>
    <pandemic-forced-resort-first-ever-package-holiday/>
</jcr:root>
