<?xml version="1.0" encoding="UTF-8"?>
<jcr:root xmlns:cq="http://www.day.com/jcr/cq/1.0" xmlns:jcr="http://www.jcp.org/jcr/1.0"
    jcr:primaryType="cq:Page">
    <jcr:content/>
    <isabel-family-hotel/>
    <iberostar-grand-hotel-el-mirador/>
    <iberostar-anthelia-hotel/>
    <royal-garden-villas-and-spa/>
    <Vincci-Seleccion-La-Plantacion-del-Sur-hotel/>
    <roca-nivaria-gran-hotel/>
    <gf-gran-costa-adeje-hotel/>
    <gran-hotel-bahia-del-duque-resort/>
    <hotel-jardin-tropical/>
    <hotel-riu-palace-tenerife/>
    <iberostar-bouganville-playa-hotel/>
    <sheraton-la-caleta-resort-and-spa-hotel/>
    <sunlight-bahia-principe-costa-adeje-hotel/>
    <club-hotel-riu-buena-vista/>
    <melia-jardines-del-teide-hotel/>
    <hotel-jardines-de-nivaria/>
    <iberostar-grand-hotel-salome/>
    <iberostar-sabila-hotel/>
    <royal-hideaway-corales-suites-hotel/>
    <gf-victoria-hotel/>
    <h10-atlantic-sunset-hotel/>
    <royal-river-luxury-hotel/>
</jcr:root>
