<?xml version="1.0" encoding="UTF-8"?>
<jcr:root xmlns:cq="http://www.day.com/jcr/cq/1.0" xmlns:jcr="http://www.jcp.org/jcr/1.0"
    jcr:primaryType="cq:Page">
    <jcr:content/>
    <application/>
    <extraordinary-auction-items/>
    <sell-old-gadgets-at-auction/>
    <hayden-kays-profile/>
    <affordable-art-from-unaffordable-artists/>
    <investment-motorcycles/>
    <collectibles-as-investments/>
    <retro-antiques-and-collectibles/>
    <the-six-most-famous-boats-on-film/>
    <six-watch-designs-that-will-blow-your-mind/>
    <vintage-collectibles-to-watch-out-for/>
    <history-of-auctions/>
    <how-to-become-an-art-collector/>
    <what-its-like-being-a-collector/>
    <most-expensive-collectible-toys/>
    <buying-second-hand-furniture/>
    <endangered-classic-cars/>
    <retro-sound-systems/>
    <why-invest-in-wine-quotes/>
    <collect-football-memorabilia/>
    <history-of-whisky-and-investment/>
    <bizarre-auctions-that-made-history/>
    <the-best-jewellery-to-collect/>
    <pick-the-perfect-anti-engagement-ring/>
    <start-a-vintage-clothing-collection/>
    <why-bid-with-catawiki/>
    <start-a-vinyl-collection/>
    <buying-art-at-auction-experience/>
    <christmas-gift-ideas/>
    <british-artists-to-invest-in/>
    <natural-history-museum-style-curios/>
</jcr:root>
