<?xml version="1.0" encoding="UTF-8"?>
<jcr:root xmlns:cq="http://www.day.com/jcr/cq/1.0" xmlns:jcr="http://www.jcp.org/jcr/1.0"
    jcr:primaryType="cq:Page">
    <jcr:content/>
    <le-meurice-hotel/>
    <pershing-hall-hotel/>
    <relais-christine-hotel/>
    <hotel-du-petit-moulin/>
    <hotel-joyce/>
    <hotel-des-grands-hommes/>
    <hotel-la-belle-juliette/>
    <seven-hotel/>
    <mama-shelter-paris-east-hotel/>
    <blc-design-hotel/>
    <hotel-du-champs-demars/>
    <familia-hotel/>
    <hotel-regyns-montmartre/>
    <prince-de-galles-hotel/>
    <jules-et-jim-hotel/>
    <hotel-d-aubusson/>
    <maison-athenee-hotel/>
    <le-royal-monceau-raffles-hotel/>
    <le-bellechasse-hotel/>
    <hotel-vernet/>
    <hotel-eugene-en-ville/>
    <hotel-fabric/>
    <hotel-baume/>
    <molitor-paris-hotel/>
    <mandarin-oriental-paris-hotel/>
    <hotel-plaza-athenee/>
    <hotel-le-belmont-champs-elysees/>
    <hotel-daniel/>
    <the-peninsula-paris-hotel/>
    <hotel-bel-ami/>
    <park-hyatt-paris-vendome-hotel/>
    <generator-paris-hostel/>
    <auberge-flora-hotel/>
    <saint-james-paris/>
    <maison-favart-hotel/>
    <sofitel-paris-le-faubourg-hotel/>
    <hotel-123-sebastopol/>
    <grand-pigalle-hotel/>
    <le-citizen-hotel/>
    <w-paris-opera-hotel/>
    <maison-souquet-hotel/>
    <hotel-edgar/>
    <hotel-michelet-odeon/>
    <hotel-jeanne-d-arc/>
    <solar-hotel/>
    <shangri-la-hotel-paris/>
    <hotel-le-pradey/>
    <hotel-le-relais-montmartre/>
    <Les-Bains-hotel/>
    <l-hotel/>
    <Four-Seasons-Hotel-George-V/>
    <Hotel-Bachaumont/>
    <Hotel-Lancaster/>
    <Pullman-Paris-Tour-Eiffel-hotel/>
    <Hotel-Ekta/>
    <Hotel-Le-Cinq-Codet/>
    <les-3-chambres-b-and-b/>
    <le-bristol-hotel/>
    <la-reserve-paris-hotel-and-spa/>
    <hotel-des-grandes-ecoles/>
    <hotel-les-dames-du-pantheon/>
    <hotel-arvor/>
    <hotel-eiffel-trocadero/>
    <hotel-la-bourdonnais/>
    <hotel-le-parisis/>
    <hotel-sezz/>
    <hilton-paris-opera-hotel/>
    <hotel-providence/>
    <hotel-la-lanterne/>
    <hotel-exquis/>
    <hotel-sacha/>
    <les-piaules-hotel/>
    <hotel-amour/>
    <hotel-grand-amour/>
    <hotel-les-matins-de-paris/>
    <hotel-la-tamise/>
    <hotel-atmospheres/>
    <la-demeure-hotel/>
    <hotel-mathis/>
    <hidden-hotel/>
    <hotel-crayon-rouge/>
    <hotel-particulier-montmartre/>
    <declic-hotel/>
    <_x0039_hotel-republique/>
    <hotel-le-saint/>
    <renaissance-paris-republique-hotel/>
    <off-paris-seine-hotel/>
    <amastan-paris-hotel/>
    <hotel-de-jobo/>
    <le-roch-hotel-and-spa/>
    <hotel-montalembert/>
    <hotel-panache/>
    <ritz-paris-hotel/>
    <c-o-q-hotel-paris/>
    <le-general-hotel/>
    <hotel-bourg-tibourg/>
    <residence-nell-hotel/>
    <caron-de-beaumarchais-hotel/>
    <terrass-hotel/>
    <hotel-malte/>
    <nolinski-paris-hotel/>
    <sofitel-paris-arc-de-triomphe-hotel/>
    <hotel-du-temps/>
    <hotel-henriette/>
    <hotel-monge/>
    <hotel-l-antoine/>
    <citizenm-paris-la-defense-hotel/>
    <yooma-urban-lodge-hotel/>
    <le-tsuba-hotel/>
    <mob-hotel/>
    <la-comtesse-hotel/>
    <okko-hotels-paris-porte-de-versailles/>
    <hotel-paris-bastille-boutet/>
    <hotel-l-echiquier-opera-paris/>
    <hotel-de-crillon/>
    <best-western-premier-le-swann-hotel/>
    <maison-albar-hotel-paris-celine/>
    <san-regis-paris-hotel/>
    <hotel-banke/>
    <the-hoxton-paris-hotel/>
    <le-pavillon-de-la-reine-hotel/>
    <grand-hotel-du-palais-royal/>
    <drawing-hotel/>
    <_x0031_k-hotel/>
    <le-pavillon-des-lettres/>
    <intercontinental-paris-le-grand-hotel/>
    <citizenm-gare-de-lyon-hotel/>
    <le-pigalle-hotel/>
    <hotel-adele-and-jules/>
    <hotel-whistler/>
    <le-parister-hotel/>
    <hotel-square-louvois/>
    <hotel-splendide-royal-paris/>
    <hotel-villa-lafayette-paris-ix/>
    <hotel-de-nell/>
    <hotel-national-des-arts-et-metiers/>
    <hotel-trinite-haussmann/>
    <le-meridien-etoile-hotel/>
    <paris-marriott-rive-gauche-hotel-and-conference-center/>
    <la-clef-louvre-paris-hotel/>
    <fraser-suites-harmonie-paris-la-defense-hotel/>
    <fraser-suites-le-claridge-champs-elysees-hotel/>
    <la-reserve-apartments-paris-hotel/>
    <hotel-barriere-le-fouquets-paris/>
    <les-jardins-du-marais-hotel/>
    <la-clef-tour-eiffel-paris-hotel/>
    <hotel-square/>
    <l-hotel-du-collectionneur/>
    <st-christophers-paris-canal-hotel/>
    <st-christophers-paris-gare-du-nord/>
    <oops-design-hostel-paris-hotel/>
    <fourcy-mije-hotel/>
    <hotel-de-la-rue-de-lille/>
    <hotel-montmartre-mon-amour/>
    <hotel-basss/>
    <villa-beaumarchais-hotel/>
    <hotel-bourgogne-and-montana/>
    <hotel-des-grands-boulevards/>
    <hotel-balmoral-paris/>
    <hotel-lutetia-hotel/>
    <hotel-de-berri/>
    <renaissance-paris-vendome-hotel/>
    <hotel-alfred-sommier/>
    <fauchon-l-hotel/>
    <brach-paris-hotel/>
    <hotel-castille/>
    <grand-powers-hotel/>
    <room-mate-alain-hotel/>
    <la-clef-champs-elysees-paris-hotel/>
    <hotel-verneuil/>
    <_x0032_5hours-hotel-terminus-nord/>
    <sinner-hotel/>
    <oh-la-la-paris-hotel/>
    <hotel-du-louvre/>
    <le-grand-quartier-hotel/>
    <jk-place-paris-hotel/>
    <aparthotel-adagio-paris-montmartre-hotel/>
    <french-theory-hotel/>
    <hotel-monte-cristo/>
    <mama-shelter-paris-west-hotel/>
    <monsieur-george-hotel/>
    <le-ballu-hotel/>
    <hotel-flanelles/>
    <hotel-les-deux-gares/>
    <les-deux-gares-hotel/>
    <hoy-paris-hotel/>
    <moxy-paris-bastille-hotel/>
    <hotel-opera-liege/>
    <cheval-blanc-paris-hotel/>
    <maison-mere-hotel/>
    <hotel-elysia/>
    <chouchou-hotel/>
    <hotel-du-sentier/>
    <hotel-sookie/>
    <cour-des-vosges-hotel/>
    <hotel-atala/>
    <maison-breguet-hotel/>
</jcr:root>
