<?xml version="1.0" encoding="UTF-8"?>
<jcr:root xmlns:cq="http://www.day.com/jcr/cq/1.0" xmlns:jcr="http://www.jcp.org/jcr/1.0"
    jcr:primaryType="cq:Page">
    <jcr:content/>
    <four-seasons-resort-maldives-at-landaa-giraavaru-hotel/>
    <meeru-island-resort-and-spa-hotel/>
    <vilamendhoo-island-resort-and-spa-hotel/>
    <velaa-private-island-hotel/>
    <cocoa-island-by-como-hotel/>
    <park-hyatt-maldives-hadahaa-hotel/>
    <soneva-fushi-hotel/>
    <constance-moofushi-hotel/>
    <filitheyo-island-resort-hotel/>
    <diamonds-thudufushi-beach-and-water-villas-hotel/>
    <cheval-blanc-randheli-hotel/>
    <ja-manafaru-hotel/>
    <mirihi-island-resort-hotel/>
    <amilla-fushi-hotel/>
    <jumeirah-vittaveli/>
    <conrad-maldives-rangali-island-hotel/>
    <six-senses-laamu-hotel/>
    <constance-halaveli-hotel/>
    <baros-maldives-hotel/>
    <soneva-jani-hotel/>
    <four-seasons-resort-maldives-at-kuda-huraa-hotel/>
    <the-st-regis-maldives-vommuli-resort-hotel/>
    <hurawalhi-maldives-hotel/>
    <one-only-reethi-rah-hotel/>
    <ozen-by-atmosphere-hotel/>
    <dhigli-maldives-hotel/>
    <coco-bodu-hithi-hotel/>
    <coco-prive-hotel/>
    <kandima-maldives-hotel/>
    <finolhu-hotel/>
    <outrigger-konotta-maldives-resort-hotel/>
    <como-maalifushi-hotel/>
    <kanuhura-hotel/>
    <naladhu-hotel/>
    <fushifaru-maldives-hotel/>
    <niyama-private-islands-hotel/>
    <anantara-dhigu-maldives-resort-hotel/>
    <fairmont-maldives-sirru-fen-fushi-hotel/>
    <dusit-thani-maldives-hotel/>
    <gili-lankanfushi-hotel/>
    <banyan-tree-vabbinfaru-hotel/>
    <sun-aqua-vilu-reef-hotel/>
    <oblu-select-at-sangeli-hotel/>
    <grand-park-kodhipparu-maldives-hotel/>
    <the-sun-siyam-iru-fushi-hotel/>
    <joali-hotel/>
    <the-westin-maldives-miriandhoo-resort-hotel/>
    <velassaru-maldives-hotel/>
    <komandoo-maldives-hotel/>
    <amari-havodda-hotel/>
    <anantara-kihavah-maldives-villas-hotel/>
    <lux-north-male-atoll/>
    <the-nautilus-maldives-hotel/>
    <waldorf-astoria-maldives-ithaafushi-hotel/>
    <you-me-by-cocoon-maldives-hotel/>
    <vakkaru-maldives-hotel/>
    <intercontinental-maldives-maamunagau-resort-hotel/>
    <raffles-maldives-meradhoo-hotel/>
    <the-residence-maldives-dhigurah-hotel/>
    <baglioni-resort-maldives-hotel/>
    <the-standard-huruvalhi-maldives-hotel/>
    <heritance-aarah-hotel/>
    <milaidhoo-island-hotel/>
    <varu-by-atmosphere-hotel/>
    <sun-siyam-iru-veli-hotel/>
    <jw-marriott-maldives-resort-and-spa-hotel/>
    <kandolhu-hotel/>
    <lti-maafushivaru-hotel/>
    <the-ritz-carlton-maldives-fari-islands-hotel/>
    <patina-maldives-fari-islands-hotel/>
    <kudadoo-maldives-hotel/>
    <huvafen-fushi-hotel/>
    <cora-cora-maldives-hotel/>
    <joali-being-hotel/>
</jcr:root>
