<?xml version="1.0" encoding="UTF-8"?>
<jcr:root xmlns:cq="http://www.day.com/jcr/cq/1.0" xmlns:jcr="http://www.jcp.org/jcr/1.0"
    jcr:primaryType="cq:Page">
    <jcr:content/>
    <athens-city-breakguide/>
    <things-to-do-in-athens/>
    <athens-restaurants/>
    <athens-nightlife/>
    <athens-shopping/>
    <athens-getting-there/>
    <Bettany-Hughess-Athens/>
    <Athens-See-the-Parthenon-in-colour-before-and-after/>
    <Getting-a-taxi-in-Athens/>
    <Athens-and-Greek-island-holiday/>
    <best-boutique-hotels-athens/>
    <athens-mini-guide-autumn-city-break/>
    <athens-pickpocketing-metro-system/>
    <athens-travel-guide/>
    <a-greek-palace-fit-for-royalty-inside-astir-palace-hotel/>
    <best-romantic-hotels-athens/>
    <best-luxury-athens-hotels/>
    <athens-modern-art-in-the-ancient-city/>
    <best-family-friendly-athens-hotels/>
    <best-cheap-hotels-athens/>
    <athens-postcard-britons-return-greece-after-lockdown/>
    <athens-unlocked-city-break/>
</jcr:root>
