<?xml version="1.0" encoding="UTF-8"?>
<jcr:root xmlns:cq="http://www.day.com/jcr/cq/1.0" xmlns:jcr="http://www.jcp.org/jcr/1.0"
    jcr:primaryType="cq:Page">
    <jcr:content/>
    <application/>
    <articles/>
    <lisbon/>
    <douro/>
    <madeira/>
    <porto/>
    <algarve/>
    <the-azores/>
    <alentejo/>
    <hotels/>
    <chaves/>
    <galleries/>
    <portugal-tours/>
    <portugal-holidays1/>
    <portugal-holidays/>
    <braga-district/>
    <centro-region/>
    <setubal-district/>
    <portugal-city-breaks/>
    <portugal-makes-perfect-autumn-escape/>
    <braga-on-trend-portugese-city-having-moment/>
    <portugal-best-secret-holiday-destination-algarve-summer-2022-santo-antonio/>
    <best-way-visit-portugal-mountains-holiday-summer-2022-travel-requirements/>
    <_x0031_0-beautiful-portuguese-vineyards-can-call-home-night/>
    <best-top-portugals-beautiful-beach-seaside-destinations-stay-summer-2022/>
    <went-midlife-holiday-strangers-left-new-friends/>
    <portuguese-city-everything-except-tourists/>
</jcr:root>
