<?xml version="1.0" encoding="UTF-8"?>
<jcr:root xmlns:cq="http://www.day.com/jcr/cq/1.0" xmlns:jcr="http://www.jcp.org/jcr/1.0"
    jcr:primaryType="cq:Page">
    <jcr:content/>
    <italy-makes-covid-jabs-compulsory-over-50s-tackle-surge-cases/>
    <ghislaine-maxwell-legal-case-could-help-judge-decide-whether/>
    <capitol-riot-donald-trumps-qanon-followers-one-year/>
    <novak-djokovic-australian-open-vaccine-medical-exemption-visa/>
    <russia-led-alliance-sends-troops-kazakhstan-local-security-forces/>
    <north-korea-successfully-tests-hypersonic-ballistic-missile/>
    <pictured-lucky-escape-lorry-driver-truck-teeters-brink/>
    <vladimir-putins-troop-deployment-kazakhstan-throwback-tsarist/>
    <statue-slain-iranian-commander-qassim-soleimani-set-fire-hours/>
    <stop-flying-seat-pants-chaotic-vaccine-rollout-german-health/>
    <french-language-police-threaten-sue-government-illegal-english/>
    <joe-biden-accuses-donald-trump-holding-dagger-throat-america/>
    <asdf/>
    <south-korean-presidential-favourite-woos-bald-voters-pledging/>
    <australia-japan-sign-landmark-defence-deal-counter-chinas-growing/>
    <india-reintroduce-cheetah-70-years-british-helped-hunt-extinction/>
    <pictures-novak-djokovics-strained-relationship-covid-rules/>
    <macron-rival-promises-clear-crime-ridden-cities-power-hose/>
    <novak-djokovics-father-accuses-australia-crucifying-son-covid/>
    <novak-djokovic-australian-open-vaccine-deported-medical-exemption/>
</jcr:root>
