<?xml version="1.0" encoding="UTF-8"?>
<jcr:root xmlns:cq="http://www.day.com/jcr/cq/1.0" xmlns:jcr="http://www.jcp.org/jcr/1.0"
    jcr:primaryType="cq:Page">
    <jcr:content/>
    <application/>
    <exploring-new-subjects/>
    <how-teaching-can-enrich-your-life/>
    <what-experiences-can-you-bring/>
    <change-your-career-to-teaching/>
    <swapping-law-career-to-become-a-teacher/>
    <working-closely-with-students/>
    <swapping-archaeology-career-to-become-a-teacher/>
    <funding-your-training/>
    <stem-subjects/>
    <how-good-a-teacher-would-you-be/>
    <transforming-schools-and-students-lives/>
    <career-change-to-become-science-teacher/>
    <leading-and-mentoring-staff/>
    <choosing-a-teacher-training-course/>
    <start-career-later-in-life/>
    <good-school-leaders/>
    <football-with-a-twist/>
    <embracing-the-arts/>
    <returning-to-former-school/>
    <parent-teacher-relationship/>
    <qualities-of-a-great-teacher/>
    <motivating-students/>
    <broadening-horizons-for-school-leavers/>
    <listening-to-pupils/>
    <challenging-london-school/>
    <strategies-to-help-disadvantaged-youngsters/>
    <pastoral-support-in-school/>
    <what-makes-an-outstanding-school/>
    <quiz-could-you-teach-when-you-graduate/>
    <adrian-rollins-cricket-player-to-maths-teacher/>
    <developing-as-a-teacher/>
    <become-a-teacher-after-graduation/>
    <learning-from-students/>
</jcr:root>
