<?xml version="1.0" encoding="UTF-8"?>
<jcr:root xmlns:cq="http://www.day.com/jcr/cq/1.0" xmlns:jcr="http://www.jcp.org/jcr/1.0"
    jcr:primaryType="cq:Page">
    <que-te-pongo/>
    <pizzeria-remo/>
    <pizzarium/>
    <passaguai/>
    <la-gatta-mangiona/>
    <gelato-fantasia/>
    <gelateria-del-teatro/>
    <trattoria-monti/>
    <palatium/>
    <matricianella/>
    <margutta-ristorarte/>
    <la-torricella/>
    <la-campana/>
    <l-asino-d-oro/>
    <domus-e-terra/>
    <enoteca-corsi/>
    <dal-cavalier-gino/>
    <da-francesco/>
    <da-felice/>
    <da-cesare-al-casaletto/>
    <bar-necci-dal-1924/>
    <armando-al-pantheon/>
    <antica-birreria-peroni/>
    <roscioli/>
    <l-arcangelo/>
    <la-pergola/>
    <il-pagliaccio/>
    <green-t/>
    <glass-hostaria/>
    <all-oro/>
</jcr:root>
