<?xml version="1.0" encoding="UTF-8"?>
<jcr:root xmlns:cq="http://www.day.com/jcr/cq/1.0" xmlns:jcr="http://www.jcp.org/jcr/1.0"
    jcr:primaryType="cq:Page">
    <jcr:content/>
    <Jackson-Hole-piste-guide/>
    <Ski-Aspen-resort-guide/>
    <Breckenridge-restaurants-bars-and-entertainment/>
    <Breckenridge-hotels/>
    <Breckenridge-piste-guide/>
    <Ski-Breckenridge-resort-guide/>
    <Heavenly-piste-guide/>
    <Ski-Heavenly-resort-guide/>
    <Heavenly-Hotels/>
    <Heavenly-restaurants-and-entertainment/>
    <Mammoth-piste-guide/>
    <Mammoth-restaurants-and-entertainment/>
    <Ski-Mammoth-resort-guide/>
    <Mammoth-hotels/>
    <Park-City-piste-guide/>
    <Ski-Park-City-resort-guide/>
    <Park-City-restaurants-and-entertainment/>
    <Park-City-hotels/>
    <Snowbird-hotels-restaurants-and-entertainment/>
    <Snowbird-piste-guide/>
    <Ski-Snowbird-resort-guide/>
    <Vail-hotels/>
    <Ski-Vail-resort-guide/>
    <Vail-restaurants-and-entertainment/>
    <Vail-piste-guide/>
    <Squaw-Valley-hotels-restaurants-and-entertainment/>
    <Squaw-Valley-piste-guide/>
    <Ski-Snowmass-resort-guide/>
    <Snowmass-piste-guide/>
    <Snowmass-hotels-restaurants-and-entertainment/>
    <Winter-Park-hotels-restaurants-and-entertainment/>
    <Winter-Park-piste-guide/>
    <Ski-Winter-Park-resort-guide/>
    <Big-Sky-hotels-restaurants-and-entertainment/>
    <Ski-Deer-Valley-resort-guide/>
    <Deer-Valley-piste-guide/>
    <Deer-Valley-hotels-restaurants-and-entertainment/>
    <Canyons-hotels-restaurants-and-entertainment/>
    <Champoluc-piste-guide/>
    <Saalbach-hotels/>
    <Saalbach-piste-guide/>
    <Saalbach-restaurants-and-entertainment/>
    <Ski-Saalbach-resort-guide/>
    <Obertauern-hotels-restaurants-and-entertainment/>
    <Obertauern-piste-guide/>
    <Ski-Obertauern-resort-guide/>
    <Hintertux-hotels-restaurants-and-entertainment/>
    <Hintertux-piste-guide/>
    <Ski-Hintertux-resort-guide/>
    <Ski-Ellmau-resort-guide/>
    <Ellmau-piste-guide/>
    <Ellmau-hotels-restaurants-and-entertainment/>
    <Bad-Kleinkirchheim-hotels-restaurants-and-entertainment/>
    <Bad-Kleinkirchheim-piste-guide/>
    <Ski-Bad-Kleinkirchheim-resort-guide/>
    <Bad-Hofgastein-hotels-restaurants-and-entertainment/>
    <Bad-Hofgastein-piste-guide/>
    <Ski-Bad-Hofgastein-resort-guide/>
    <Bad-Gastein-hotels-restaurants-and-entertainment/>
    <Bad-Gastein-piste-guide/>
    <Ski-Bad-Gastein-resort-guide/>
    <Ski-Soldeu-resort-guide/>
    <Soldeu-hotels-restaurants-and-entertainment/>
    <Soldeu-piste-guide/>
    <Selva-restaurants-and-entertainment/>
    <Whistler-restaurants/>
    <Whistler-piste-guide/>
    <Whistler-itineraries/>
    <Whistler-hotels/>
    <Whistler-bars-and-nightlife/>
    <Ski-Whistler-resort-guide/>
    <Ski-Banff-resort-guide/>
    <Banff-restaurants-and-entertainment/>
    <Banff-piste-guide/>
    <Banff-hotels/>
    <Banff-bars-and-nightlife/>
    <Aspen-bars-and-nightlife/>
    <Aspen-hotels/>
    <Aspen-piste-guide/>
    <Aspen-restaurants-and-entertainment/>
    <Jackson-Hole-bars-and-nightlife/>
    <Jackson-Hole-hotels-and-chalets/>
    <Jackson-Hole-restaurants/>
    <Ski-Jackson-Hole-resort-guide/>
    <Alta-hotels-and-entertainment/>
    <Alta-piste-guide/>
    <Ski-Alta-resort-guide/>
    <Beavercreek-hotels-restaurants-and-entertainment/>
    <Beavercreek-piste-guide/>
    <Ski-Beavercreek-resort-guide/>
    <Big-Sky-piste-guide/>
    <Ski-Big-Sky-resort-guide/>
    <Canyons-piste-guide/>
    <Ski-Canyons-resort-guides/>
    <Squaw-Valley-resort-guide/>
    <Verbier-Bars-and-nightlife/>
    <Verbier-Hotels-and-chalets/>
    <Verbier-Piste-guide/>
    <Verbier-restaurants/>
    <Ski-Zermatt-resort-guide/>
    <Zermatt-bars-and-nightlife/>
    <Zermatt-hotels-and-chalets/>
    <Zermatt-piste-guide/>
    <Zermatt-restaurants/>
    <Davos-bars-and-nightlife/>
    <Davos-hotels/>
    <Davos-piste-guide/>
    <Davos-restaurants-and-entertainment/>
    <Ski-Davos-resort-guide/>
    <Ski-St-Moritz-resort-guide/>
    <St-Moritz-bars-and-nightlife/>
    <St-Moritz-hotels/>
    <St-Moritz-piste-guide/>
    <St-Moritz-restaurants/>
    <Adelboden-hotels-restaurants-and-entertainment/>
    <Adelboden-piste-guide/>
    <Ski-Adelboden-resort-guide/>
    <Andermatt-hotels-restaurants-and-entertainment/>
    <Andermatt-piste-guide/>
    <Ski-Andermatt-resort-guide/>
    <Champery-piste-guide/>
    <Champery-resort-guide/>
    <Crans-Montana-hotels/>
    <Crans-Montana-piste-guide/>
    <Crans-Montana-restaurants-and-entertainment/>
    <Ski-Crans-Montana-resort-guide/>
    <Engelberg-hotels-restaurants-and-entertainment/>
    <Engelberg-piste-guide/>
    <Ski-Engelberg-resort-guide/>
    <Grindelwald-hotels/>
    <Grindelwald-piste-guide/>
    <Grindelwald-restaurants-and-entertainment/>
    <Ski-Grindelwald-resort-guide/>
    <Klosters-hotels/>
    <Klosters-piste-guide/>
    <Klosters-restaurants-and-entertainment/>
    <Ski-Klosters-resort-guide/>
    <Laax-hotels/>
    <Laax-piste-guide/>
    <Laax-restaurants-and-entertainment/>
    <Ski-Laax-resort-guide/>
    <Murren-hotels/>
    <Murren-piste-guide/>
    <Murren-restaurants-and-entertainment/>
    <Ski-Murren-resort-guide/>
    <Saas-Fee-hotels/>
    <Saas-Fee-restaurants-and-entertainment/>
    <Ski-Saas-Fee-resort-guide/>
    <Ski-Villars-resort-guide/>
    <Villars-piste-guide/>
    <Ski-Wengen-resort-guide/>
    <Wengen-hotels/>
    <Wengen-piste-guide/>
    <Wengen-restaurants-and-entertainment/>
    <Courchevel-restaurants-and-entertainment/>
    <Courchevel-bars-and-nightlife/>
    <Courchevel-hotels-and-chalets/>
    <Meribel-piste-guide/>
    <Meribel-restaurants/>
    <Meribel-bars-and-nightlife/>
    <Meribel-hotels-and-chalets/>
    <Ski-Meribel-resort-guide/>
    <Chamonix-hotels-and-chalets/>
    <Val-dIsere-restaurants/>
    <Val-dIsere-hotels-and-chalets/>
    <Ski-Morzine-resort-guide/>
    <Morzine-hotels/>
    <Morzine-piste-guide/>
    <Morzine-restaurants-and-entertainment/>
    <Morzine-bars-and-nightlife/>
    <Ski-Val-Thorens-resort-guide/>
    <Val-Thorens-hotels/>
    <Val-Thorens-piste-guide/>
    <Val-Thorens-restaurants/>
    <Val-Thorens-bars-and-nightlife/>
    <Ski-Tignes-resort-guide/>
    <Tignes-hotels/>
    <Tignes-piste-guide/>
    <Tignes-restaurants/>
    <Tignes-bars-and-nightlife/>
    <Ski-La-Plagne-resort-guide/>
    <La-Plagne-hotels/>
    <La-Plagne-piste-guide/>
    <La-Plagne-restaurants/>
    <La-Plagne-bars-and-nightlife/>
    <Ski-Alpe-dHuez-resort-guide/>
    <Alpe-dHuez-hotels/>
    <Alpe-dHuez-piste-guide/>
    <Alpe-dHuez-bars-and-nightlife/>
    <Risoul-piste-guide/>
    <Risoul-hotels-restaurants-and-entertainment/>
    <Ski-Vars-resort-guide/>
    <Vars-piste-guide/>
    <Vars-hotels-restaurants-and-entertainment/>
    <Ski-La-Tania-resort-guide/>
    <Ski-St-Martin-de-Belleville-resort-guide/>
    <St-Martin-de-Belleville-piste-guide/>
    <St-Martin-de-Belleville-hotels-restaurants-and-entertainment/>
    <Ski-Serre-Chevalier-resort-guide/>
    <Serre-Chevalier-piste-guide/>
    <Serre-Chevalier-hotels/>
    <Serre-Chevalier-restaurants-and-entertainment/>
    <Ski-La-Rosiere-resort-guide/>
    <La-Rosiere-piste-guide/>
    <La-Rosiere-hotels-restaurants-and-entertainment/>
    <Montgenevre-restaurants-and-entertainment/>
    <Ski-Mayrhofen-resort-guide/>
    <Mayrhofen-piste-guide/>
    <Mayrhofen-restaurants/>
    <Mayrhofen-bars-and-nightlife/>
    <Mayrhofen-hotels/>
    <St-Anton-hotels-and-chalets/>
    <Obergurgl-bars-and-nightlife/>
    <Obergurgl-restaurants/>
    <Obergurgl-piste-guide/>
    <Obergurgl-hotels/>
    <Ski-Obergurgl-resort-guide/>
    <Ski-Ischgl-resort-guide/>
    <Ischgl-hotels/>
    <Ischgl-piste-guide/>
    <Ischgl-restaurants-and-entertainment/>
    <Ischgl-bars-and-nightlife/>
    <Corvara-hotels-restaurants-and-entertainment/>
    <Corvara-piste-guide/>
    <Ski-Corvara-resort-guide/>
    <Courmayeur-bars-and-nightlife/>
    <Courmayeur-hotels/>
    <Courmayeur-piste-guide/>
    <Courmayeur-restaurants-and-entertainment/>
    <Ski-Courmayeur-resort-guide/>
    <Cervinia-bars-and-nightlife/>
    <Cervinia-hotels/>
    <Cervinia-piste-guide/>
    <Cervinia-restaurants-and-entertainment/>
    <Ski-Cervinia-resort-guide/>
    <Monterosa-piste-guide/>
    <Monterosa-restaurants-and-entertainment/>
    <Monterosa-hotels/>
    <Ski-Monterosa-resort-guide/>
    <Champoluc-hotels-restaurants-and-entertainment/>
    <Ski-Champoluc-resort-guide/>
    <La-Thuile-hotels-restaurants-and-entertainments/>
    <La-Thuile-piste-guide/>
    <Ski-La-Thuile-resort-guide/>
    <Sestriere-hotels/>
    <Sestriere-piste-guide/>
    <Sestriere-restaurants-and-entertainment/>
    <Ski-Sestriere-resort-guide/>
    <Sauze-dOulx-hotels/>
    <Sauze-dOulx-piste-guide/>
    <Sauze-dOulx-restaurants-and-entertainment/>
    <Ski-Sauze-dOulx-resort-guide/>
    <Passo-Tonale-hotels-retaurants-and-entertainment/>
    <Passo-Tonale-piste-guide/>
    <Ski-Passo-Tonale-resort-guide/>
    <Madonna-di-Campiglio-hotels/>
    <Madonna-di-Campiglio-piste-guide/>
    <Ski-Madonna-di-Campiglio-resort-guide/>
    <Livigno-hotels/>
    <Livigno-piste-guide/>
    <Livigno-restaurants-and-entertainment/>
    <Ski-Livigno-resort-guide/>
    <Cortina-hotels/>
    <Cortina-piste-guide/>
    <Cortina-restaurants-and-entertainment/>
    <Ski-Cortina-resort-guide/>
    <Arabba-hotels-restaurants-and-entertainment/>
    <Arabba-piste-guide/>
    <Ski-Arabba-resort-guide/>
    <Gressoney-hotels-restaurants-and-entertainment/>
    <Gressoney-piste-guide/>
    <Gressoney-resort-guide/>
    <Garmisch-hotels-restaurants-and-entertainment/>
    <Ski-Garmisch-resort-guide/>
    <Ski-Sun-Peaks-resort-guide/>
    <Sun-Peaks-hotels-restaurants-and-entertainment/>
    <Sun-Peaks-piste-guide/>
    <Silver-Star-hotels-restaurants-and-entertainment/>
    <Silver-Star-piste-guide/>
    <Ski-Silver-Star-resort-guide/>
    <Revelstoke-hotels-restaurants-and-entertainment/>
    <Revelstoke-piste-guide/>
    <Ski-Revelstoke-resort-guide/>
    <Big-White-hotels-restaurants-and-entertainment/>
    <Ski-Big-White-resort-guide/>
    <Kicking-Horse-hotels-restaurants-and-entertainment/>
    <Kicking-Horse-piste-guide/>
    <Ski-Kicking-Horse-resort-guide/>
    <Fernie-hotels/>
    <Fernie-piste-guide/>
    <Fernie-restaurants-and-entertainment/>
    <Ski-Fernie-resort-guide/>
    <Lake-Louise-hotels/>
    <Lake-Louise-piste-guide/>
    <Lake-Louise-restaurants-and-entertainment/>
    <Ski-Lake-Louise-resort-guide/>
    <Saas-Fee-piste-guide/>
    <Villars-hotels-restaurants-and-entertainment/>
    <Ski-Verbier-resort-guide/>
    <Champery-hotels-restaurants-and-entertainment/>
    <La-Tania-piste-guide/>
    <Alpe-dHuez-restaurants/>
    <La-Grave-hotels-restaurants-and-entertainment/>
    <La-Grave-piste-guide/>
    <Ski-La-Grave-resort-guide/>
    <Les-Deux-Alpes-hotels/>
    <Les-Deux-Alpes-piste-guide/>
    <Ski-Les-Deux-Alpes-resort-guide/>
    <Les-Deux-Alpes-bars-and-nightlife/>
    <Les-Deux-Alpes-restaurants-and-entertainment/>
    <Courchevel-piste-guide/>
    <Ski-Courchevel-resort-guide/>
    <Les-Arcs-restaurants-and-entertainment/>
    <Les-Arcs-hotels/>
    <Les-Arcs-piste-guide/>
    <Ski-Les-Arcs-resort-guide/>
    <Ski-Risoul-resort-guide/>
    <Chamonix-bars-and-nightlife/>
    <chamonix-piste-guide/>
    <Chamonix-restaurants/>
    <Ski-Chamonix-resort-guide/>
    <Chatel-restaurants-and-entertainment/>
    <Chatel-hotels/>
    <Chatel-piste-guide/>
    <Ski-Chatel-resort-guide/>
    <Les-Menuires-restaurants-and-entertainment/>
    <Les-Menuires-hotels/>
    <Les-Menuires-piste-guide/>
    <Ski-Les-Menuires-resort-guide/>
    <Les-Gets-hotels-restaurants-and-entertainment/>
    <Les-Gets-piste-guide/>
    <Ski-Les-Gets-resort-guide/>
    <Ski-Les-Carroz-resort-guide/>
    <Les-Carroz-piste-guide/>
    <Les-Carroz-hotels-restaurants-and-entertainment/>
    <Montgenevre-hotels/>
    <Montgenevre-piste-guide/>
    <Ski-Montgenevre-resort-guide/>
    <Megeve-restaurants-and-entertainment/>
    <Megeve-hotels/>
    <Megeve-piste-guide/>
    <Ski-Megeve-resort-guide/>
    <Ski-Avoriaz-resort-guide/>
    <Avoriaz-piste-guide/>
    <Avoriaz-hotels/>
    <Avoriaz-restaurants-and-entertainment/>
    <Ski-Flaine-resort-guide/>
    <Flaine-restaurants-and-entertainment/>
    <Flaine-piste-guide/>
    <Flaine-hotels/>
    <Ski-Val-dIsere-resort-guide/>
    <Val-dIsere-piste-guide/>
    <Val-dIsere-bars-and-nightlife/>
    <Best-Val-dIsere-ski-schools/>
    <Westendorf-hotels-restaurants-and-entertainment/>
    <Ski-Westendorf-resort-guide/>
    <Westendorf-piste-guide/>
    <Solden-hotels/>
    <Ski-Solden-resort-guide/>
    <Solden-piste-guide/>
    <Solden-restaurants-and-entertainment/>
    <Kitzbuhel-bars-and-nightlife/>
    <Ski-Kitzbuhel-resort-guide/>
    <Kitzbuhel-piste-guide/>
    <Kitzbuhel-restaurants-and-entertainment/>
    <Kitzbuhel-hotels/>
    <Zell-am-See-piste-guide/>
    <Zell-am-See-hotels-restaurants-and-entertainment/>
    <Ski-Zell-am-See-resort-guide/>
    <Lech-hotels/>
    <Lech-restaurants-and-entertainment/>
    <Ski-Lech-resort-guide/>
    <Lech-piste-guide/>
    <St-Anton-bars-and-nightlife/>
    <Ski-St-Anton-resort-guide/>
    <St-Anton-piste-guide/>
    <St-Anton-restaurants-and-entertainment/>
    <Ski-Soll-resort-guide/>
    <Soll-piste-guide/>
    <Soll-restaurants-and-entertainment/>
    <Soll-hotels/>
    <Madonna-di-Campilgio-restaurants-and-entertainment/>
    <Austria-ski-guide/>
    <Ski-Bansko-resort-guide/>
    <Bansko-hotels-restaurants-and-entertainment/>
    <Bansko-piste-guide/>
    <Ski-Garmisch-resort-guide1/>
    <Garmisch-piste-guide/>
    <Garmisch-hotels-restaurants-and-entertainment1/>
    <Ski-Selva-resort-guide1/>
    <Selva-piste-guide/>
    <Selva-hotels/>
    <whistler-restaurants/>
    <big-white-piste-guide/>
    <ski-schladming--resort-guide/>
    <schladming-piste-guide/>
    <schladming-hotels/>
    <schladming-restaurants-and-entertainment/>
    <lech--bars-and-nightlife/>
    <ski-selva-resort-guide/>
    <ski-pas-de-la-casa--resort-guide/>
    <pas-de-la-casa--piste-guide/>
    <pas-de-la-casa--hotels--restaurants-and-entertainment/>
    <the-best-ski-in-ski-out-resorts/>
    <the-top-20-ski-resorts-voted-by-readers/>
    <les-menuires--bars-and-nightlife/>
    <madonna-di-campiglio--nightlife/>
    <obertauern--restaurants/>
    <the-ultimate-ski-holiday-to-japan/>
    <ski-jasna-resort-guide/>
    <jasna-hotels/>
    <jasna-piste-guide/>
    <jasna-restaurants/>
    <jasna-bars-and-nightlife/>
    <Saas-Fee-bars-and-nightlife/>
    <saalbach-bars-and-nightlife/>
    <flaine-bars-and-nightlife/>
    <Megeve-bars-and-nightlife/>
    <application/>
    <france/>
    <austria/>
    <italy/>
    <switzerland/>
    <america/>
    <slovakia/>
    <canada/>
    <la-rosiere-hotels/>
    <la-rosiere-restaurants/>
    <obertauern--nightlife/>
    <vail-bars-and-nightlife/>
    <serre-chevalier-bars-and-nightlife/>
    <crans-montana-bars-and-nightlife/>
    <solden-nightlife-and-bars/>
    <wengen-bars-and-nightlife/>
    <les-arcs-bars-and-nightlife/>
    <cortina-bars-and-nightlife/>
    <la-rosiere-bars-and-nightlife/>
    <avoriaz-bars-and-nightlife/>
    <livigno-bars-and-nightlife/>
    <sauze-doulx-bars-and-nightlife/>
    <zell-am-see-hotels/>
    <zell-am-see-bars-and-nightlife/>
    <zell-am-see-restaurants/>
    <innsbruck-piste-guide/>
    <innsbruck-restaurants/>
    <innsbruck-hotels-and-chalets/>
    <innsbruck-bars-and-nightlife/>
    <best-hotels-chalets-in-les-gets-france/>
    <les-gets-best-restaurants/>
    <les-gets-bars-and-nightlife/>
    <passo-tonale-best-hotels-and-chalets/>
    <passo-tonale-best-restaurants/>
    <passo-tonale-bars-and-nightlife/>
    <best-ski-resorts-world-voted-by-you/>
</jcr:root>
