<?xml version="1.0" encoding="UTF-8"?>
<jcr:root xmlns:cq="http://www.day.com/jcr/cq/1.0" xmlns:jcr="http://www.jcp.org/jcr/1.0"
    jcr:primaryType="cq:Page">
    <jcr:content/>
    <and-beyond-phinda-mountain-lodge-hotel/>
    <thanda-safari-lodge-hotel/>
    <the-oyster-box-hotel/>
    <singita-lebombo-lodge-hotel/>
    <mhondoro-game-lodge-hotel/>
    <river-bend-lodge-hotel/>
    <moontide-guest-lodge-hotel/>
    <pestana-kruger-lodge-hotel/>
    <rhulani-safari-lodge-hotel/>
    <kurland-hotel/>
    <protea-hotel-hazyview/>
    <rattrays-on-malamala-hotel/>
    <motswari-private-game-reserve-hotel/>
    <singita-sweni-lodge-hotel/>
    <and-beyond-ngala-tented-camp-hotel/>
    <shambala-private-game-reserve-hotel/>
    <kwandwe-private-game-reserve-hotel/>
    <morukuru-beach-lodge-hotel/>
    <lalibela-game-reserve-hotel/>
    <gondwana-game-reserve-hotel/>
    <aquila-private-game-reserve-hotel/>
    <the-outpost-hotel/>
    <makanyi-private-game-lodge-hotel/>
    <royal-malewane-hotel/>
    <bushmans-kloof-wilderness-reserve-and-wellness-retreat-hotel/>
    <dulini-lodges/>
    <mala-mala-main-and-sable-camp-hotel/>
    <jock-safari-lodge-hotel/>
    <the-royal-madikwe-hotel/>
    <emily-moon-river-lodge-hotel/>
    <cheetah-plains-hotel/>
    <cederberg-ridge-wilderness-lodge-hotel/>
    <lekkerwater-beach-lodge/>
    <rhino-river-lodge-hotel/>
    <umlani-bushcamp-hotel/>
    <sabi-sabi-earth-lodge-hotel/>
    <hotel-tintswalo-safari-lodge/>
    <noka-camp-lepogo-lodges-south-africa/>
    <garonga-safari-camp-hotel/>
    <ngala-safari-lodge-hotel/>
    <kruger-shalati-hotel/>
    <abelana-river-lodge-hotel/>
    <klaserie-drift-hotel/>
    <marataba-safari-lodge-hotel/>
    <jamala-madikwe-hotel/>
    <brookdale-estate-hotel/>
</jcr:root>
