<?xml version="1.0" encoding="UTF-8"?>
<jcr:root xmlns:cq="http://www.day.com/jcr/cq/1.0" xmlns:jcr="http://www.jcp.org/jcr/1.0"
    jcr:primaryType="cq:Page">
    <jcr:content/>
    <application/>
    <hotels/>
    <andalusia/>
    <aragon/>
    <articles/>
    <canary-islands/>
    <cantabria/>
    <castile-and-leon/>
    <catalonia/>
    <galicia/>
    <ibiza/>
    <leon/>
    <madrid/>
    <majorca/>
    <menorca/>
    <san-sebastian/>
    <valencia/>
    <news/>
    <costa-del-sol/>
    <galleries/>
    <asturias/>
    <navarre/>
    <ultimate-andalucia/>
    <bilbao/>
    <la-rioja/>
    <spain-tours/>
    <basque-country/>
    <tours/>
    <spain-holidays/>
    <alicante/>
    <spain-ocean-cruises/>
    <extremadura/>
    <murcia/>
    <spain-city-breaks/>
    <balearic-islands/>
    <gg/>
    <mediterranean-islands-extending-seasons-october-beyond/>
    <less-crowded-alternative-costa-del-sol/>
    <inside-deluxe-marbella-hideaway-boris-carrie-johnson-thought/>
    <fabulous-foodie-corner-spain-never-thought-visit/>
    <fascinating-story-behind-cordobas-secret-courtyards/>
    <mallorcan-love-story-began-long-actually-met/>
    <worst-holiday-life-blighted-theft-messi-no-show-failed-airline/>
    <spains-new-rules-testing-teenagers-mean-family-holiday/>
    <beautiful-spanish-fishing-town-top-notch-tapas-sherry-hardly/>
    <ugly-spain-favourite-destination-became-eyesore/>
    <secret-corner-spain-sun-sand-not-british-tourist-sight/>
    <birds-bonhomie-unbridled-joy-have-found-worlds-happiest-retirees/>
    <best-spanish-cities-visit-food-world-heritage-sites-tourist-free-2022/>
    <scenic-rail-journeys-spain/>
    <why-almost-everything-know-benidorm-wrong/>
    <michael-portillo-what-learnt-retracing-fathers-escape-fascist/>
    <_x0032_0-best-walking-holidays-spain-autumn/>
</jcr:root>
