<?xml version="1.0" encoding="UTF-8"?>
<jcr:root xmlns:cq="http://www.day.com/jcr/cq/1.0" xmlns:jcr="http://www.jcp.org/jcr/1.0"
    jcr:primaryType="cq:Page">
    <jcr:content/>
    <application/>
    <business-funding/>
    <about-business-growth-fund/>
    <investing-sales-marketing/>
    <business-expansion-site-roll-outs/>
    <graham-hacon-les-dawson-3sun-group/>
    <simon-cashmore-stuart-black-tcl/>
    <semafone-on-business-relationships/>
    <richard-freedman-acs-clothing/>
    <brian-williamson-jumpstart/>
    <jon-wright-and-peter-boddy/>
    <investing-product-development/>
    <strategic-acquisition/>
    <bgf-growing-a-business/>
    <what-to-expect-investor/>
    <debt-vs-equity/>
    <business-funding-debt-equity/>
    <attracting-investors/>
    <bgf-growth-capital/>
    <how-to-select-an-investor/>
    <win-business-adviser/>
    <investment-prize/>
    <terms-and-conditions/>
    <double-turnover-in-five-years/>
    <business-success-for-restaurant/>
    <bgf-helps-cloud-company-expand/>
    <business-growth-fund-birthday/>
    <seeing-the-big-picture/>
    <keenan-recycling-accelerates-expansion/>
    <challenging-workplace-dialogue/>
    <how-teamwork-led-to-success/>
    <funding-a-roll-out/>
    <international-business-expansion/>
    <can-you-buy-success/>
    <alternative-business-funding-options/>
    <growth-capital-investment/>
    <bringing-a-partner-into-the-family-business/>
    <the-nuts-and-bolts-of-funding-british-manufacturers/>
    <funding-for-food-and-retail/>
    <business-funding-options/>
    <best-places-to-start-a-business/>
    <grow-a-restaurant-chain/>
    <kpis-for-start-up-success/>
    <chairmans-responsibilities/>
    <scale-up-business/>
    <perfect-partner-british-precision-engineering/>
    <how-to-get-investors/>
    <help-with-acquisition-integration/>
    <wedding-gift-list-business/>
    <data-analytics-start-up/>
    <expanding-a-digital-service-provider/>
</jcr:root>
