<?xml version="1.0" encoding="UTF-8"?>
<jcr:root xmlns:cq="http://www.day.com/jcr/cq/1.0" xmlns:jcr="http://www.jcp.org/jcr/1.0"
    jcr:primaryType="cq:Page">
    <jcr:content/>
    <holiday-inn-express-geneva-airport-hotel/>
    <la-reserve-hotel/>
    <four-seasons-hotel-des-bergues/>
    <mandarin-oriental-geneva-hotel/>
    <hotel-bristol/>
    <tiffany-hotel/>
    <le-richemond/>
    <the-ritz-carlton-hotel-de-la-paix-geneva/>
    <hotel-d-angleterre/>
    <beau-rivage-geneva-hotel/>
    <the-woodward-hotel/>
</jcr:root>
