<?xml version="1.0" encoding="UTF-8"?>
<jcr:root xmlns:cq="http://www.day.com/jcr/cq/1.0" xmlns:jcr="http://www.jcp.org/jcr/1.0"
    jcr:primaryType="cq:Page">
    <jcr:content/>
    <ghislaine-maxwells-posh-demeanour-helped-lure-jeffrey-epstein/>
    <rebel-democrat-joe-manchin-tells-joe-biden-will-not-beaten/>
    <western-allies-condemn-patriots-hong-kong-elections/>
    <japan-executes-three-death-row-prisoners-first-hangings-since/>
    <sex-city-stars-praise-women-accused-mr-big-actor-rape/>
    <joe-biden-will-not-lock-america-despite-rising-omicron-cases/>
    <xx2/>
    <xx/>
    <watch-police-search-jeffery-epsteins-house-footage-released/>
    <spike1/>
    <ghislaine-maxwell-news-latest-trial-verdict-epstein-jury-live/>
    <_x0031_2-missionary-hostages-haiti-escaped-receiving-sign-god/>
    <nearly-100bn-stolen-covid-relief-fund-meant-struggling-businesses/>
    <revealed-us-armys-favourite-photos-2021/>
    <russias-putin-warns-military-measures-major-escalation-ukraine/>
    <iran-tests-air-defences-protect-nuclear-installations-attack/>
    <drug-dealers-accused-raffling-christmas-hamper-stuffed-cocaine/>
    <brigitte-macron-sue-false-claims-born-male/>
    <hundreds-alp-residents-help-migrants-treacherous-crossing-italy/>
    <not-guilty-blog-pub-ghislaine-maxwell-not-guilty-news-latest/>
</jcr:root>
