<?xml version="1.0" encoding="UTF-8"?>
<jcr:root xmlns:sling="http://sling.apache.org/jcr/sling/1.0" xmlns:cq="http://www.day.com/jcr/cq/1.0" xmlns:jcr="http://www.jcp.org/jcr/1.0" xmlns:mix="http://www.jcp.org/jcr/mix/1.0" xmlns:nt="http://www.jcp.org/jcr/nt/1.0"
    jcr:primaryType="cq:Page">
    <application/>
    <balaclava/>
    <chemin-grenier/>
    <le-morne/>
    <calodyne/>
    <cap-malheureux/>
    <belle-mare/>
    <articles/>
    <hotels/>
    <galleries/>
    <port-louis/>
    <jcr:content
        cq:designPath="/etc/designs/telegraph/core"
        cq:lastModified="{Date}2022-03-17T18:26:25.970Z"
        cq:lastModifiedBy="mulvihill"
        cq:lastReplicated="{Date}2022-03-17T18:26:40.216Z"
        cq:lastReplicatedBy="mulvihill"
        cq:lastReplicationAction="Activate"
        cq:tags="[structure:travel/festivals-and-events,structure:travel/tours,topics:places/africa,topics:places/europe,structure:travel/nightlife,structure:travel/hotels,topics:places/spain,topics:places/mauritius,structure:travel,structure:travel/attractions,structure:travel/city-breaks,structure:travel/beach-holidays]"
        cq:template="/apps/telegraph/core/commons/templates/indexTemplate"
        jcr:isCheckedOut="{Boolean}true"
        jcr:mixinTypes="[mix:referenceable,mix:versionable]"
        jcr:primaryType="cq:PageContent"
        jcr:title="Mauritius"
        jcr:uuid="1b882788-d8fb-46a8-8345-b305462873fd"
        sling:resourceType="telegraph/core/commons/renderers/indexRenderer"
        conceptIds="[kJv4VN68c3z]"
        concepts="\{&quot;label&quot;:&quot;Mauritius (Indian Ocean) [Place]&quot;,&quot;id&quot;:&quot;kJv4VN68c3z&quot;}"
        enableSocialFollow="{Boolean}false"
        isADestination="{Boolean}true"
        migratedFromHubTemplate="{Boolean}true"
        pageHeading="Expert guide to Mauritius"
        pageId="AlM39Kd5B9KX"
        publicationDateOverride="{Date}2017-04-12T16:43:00.000+01:00"
        publicUrl="https://www.telegraph.co.uk/travel/destinations/africa/mauritius/"
        tmgLastActivationDate="{Date}2022-03-17T18:26:40.327Z"
        transformedDate="{Date}2022-02-04T15:05:03.239Z"
        transformedSource="Hub">
        <par
            jcr:primaryType="nt:unstructured"
            sling:resourceType="foundation/components/parsys">
            <articlelist_1
                jcr:primaryType="nt:unstructured"
                sling:resourceType="telegraph/core/commons/components/articleList"
                excludeOperator="OR"
                excludeTags="[structure:travel/news,storytype:guide,structure:blacklist]"
                hideByline="none"
                hideStandfirst="{Boolean}false"
                includeOperator="AND"
                includeTags="[topics:places/mauritius,structure:travel]"
                layout="one-col"
                layoutCenterAligned="true"
                limit="{Long}1"
                offset="{Long}1"
                orderByDirection="desc"
                pageType="article"/>
            <articlelist_2
                jcr:primaryType="nt:unstructured"
                sling:resourceType="telegraph/core/commons/components/articleList"
                excludeOperator="OR"
                excludeTags="[structure:travel/news,storytype:guide,structure:blacklist]"
                hideByline="none"
                hideStandfirst="{Boolean}false"
                includeOperator="AND"
                includeTags="[topics:places/mauritius,structure:travel]"
                layout="four-col"
                layoutCenterAligned="false"
                limit="{Long}4"
                offset="{Long}2"
                orderByDirection="desc"
                pageType="article"/>
            <articlelistcurated
                jcr:created="{Date}2022-03-05T13:31:13.275Z"
                jcr:createdBy="mulvihill"
                jcr:lastModified="{Date}2022-03-05T13:31:40.839Z"
                jcr:lastModifiedBy="mulvihill"
                jcr:primaryType="nt:unstructured"
                sling:resourceType="telegraph/core/commons/components/articleListCurated"
                hideByline="none"
                hideDates="{Boolean}true"
                layout="four-col"
                title="Where to stay in Mauritius">
                <curatedParsys
                    jcr:primaryType="nt:unstructured"
                    sling:resourceType="foundation/components/parsys">
                    <articlelistcard_490435400
                        jcr:created="{Date}2022-03-05T13:31:55.638Z"
                        jcr:createdBy="mulvihill"
                        jcr:lastModified="{Date}2022-03-05T13:32:07.063Z"
                        jcr:lastModifiedBy="mulvihill"
                        jcr:primaryType="nt:unstructured"
                        sling:resourceType="telegraph/core/commons/components/articleListCard"
                        pagePath="/content/telegraph/travel/destinations/africa/mauritius/articles/best-family-friendly-mauritius-hotels/">
                        <image
                            jcr:lastModified="{Date}2022-03-05T13:32:07.063Z"
                            jcr:lastModifiedBy="mulvihill"
                            jcr:primaryType="nt:unstructured"/>
                    </articlelistcard_490435400>
                    <articlelistcard_391961241
                        jcr:created="{Date}2022-03-05T13:31:54.226Z"
                        jcr:createdBy="mulvihill"
                        jcr:lastModified="{Date}2022-03-05T13:32:21.782Z"
                        jcr:lastModifiedBy="mulvihill"
                        jcr:primaryType="nt:unstructured"
                        sling:resourceType="telegraph/core/commons/components/articleListCard"
                        pagePath="/content/telegraph/travel/destinations/africa/mauritius/articles/best-all-inclusive-mauritius-hotels/">
                        <image
                            jcr:lastModified="{Date}2022-03-05T13:32:21.782Z"
                            jcr:lastModifiedBy="mulvihill"
                            jcr:primaryType="nt:unstructured"/>
                    </articlelistcard_391961241>
                    <articlelistcard
                        jcr:created="{Date}2022-03-05T13:31:50.138Z"
                        jcr:createdBy="mulvihill"
                        jcr:lastModified="{Date}2022-03-05T13:32:44.063Z"
                        jcr:lastModifiedBy="mulvihill"
                        jcr:primaryType="nt:unstructured"
                        sling:resourceType="telegraph/core/commons/components/articleListCard"
                        pagePath="/content/telegraph/travel/destinations/africa/mauritius/articles/the-best-romantic-mauritius-hotels/">
                        <image
                            jcr:lastModified="{Date}2022-03-05T13:32:44.063Z"
                            jcr:lastModifiedBy="mulvihill"
                            jcr:primaryType="nt:unstructured"/>
                    </articlelistcard>
                </curatedParsys>
            </articlelistcurated>
            <articlelist_3
                jcr:lastModified="{Date}2022-03-05T13:33:52.832Z"
                jcr:lastModifiedBy="mulvihill"
                jcr:primaryType="nt:unstructured"
                sling:resourceType="telegraph/core/commons/components/articleList"
                excludeOperator="OR"
                excludeTags="[structure:travel/news,storytype:guide,structure:blacklist]"
                hideByline="none"
                includeOperator="AND"
                includeTags="[topics:places/mauritius,structure:travel]"
                layout="mpu"
                limit="{Long}4"
                offset="{Long}6"
                orderByDirection="desc"
                pageType="article"
                title="Latest articles">
                <image
                    jcr:lastModified="{Date}2022-03-05T13:33:52.832Z"
                    jcr:lastModifiedBy="mulvihill"
                    jcr:primaryType="nt:unstructured"/>
            </articlelist_3>
            <articlelist_4
                jcr:primaryType="nt:unstructured"
                sling:resourceType="telegraph/core/commons/components/articleList"
                excludeOperator="OR"
                excludeTags="[structure:travel/news,storytype:guide,structure:blacklist]"
                hideByline="none"
                hideStandfirst="{Boolean}true"
                includeOperator="AND"
                includeTags="[topics:places/mauritius,structure:travel]"
                layout="four-col"
                layoutCenterAligned="false"
                limit="{Long}8"
                offset="{Long}10"
                orderByDirection="desc"
                pageType="article"/>
            <articlelist_5
                jcr:primaryType="nt:unstructured"
                sling:resourceType="telegraph/core/commons/components/articleList"
                excludeOperator="OR"
                excludeTags="[structure:travel/news,storytype:guide,structure:blacklist]"
                hideByline="none"
                hideStandfirst="{Boolean}true"
                includeOperator="AND"
                includeTags="[topics:places/mauritius,structure:travel]"
                layout="two-col"
                layoutCenterAligned="false"
                limit="{Long}2"
                offset="{Long}18"
                orderByDirection="desc"
                pageType="article"/>
            <commercialunit
                jcr:primaryType="nt:unstructured"
                sling:resourceType="telegraph/core/commons/components/commercialUnit"/>
            <articlelist_6
                jcr:primaryType="nt:unstructured"
                sling:resourceType="telegraph/core/commons/components/articleList"
                excludeOperator="OR"
                excludeTags="[structure:travel/news,storytype:guide,structure:blacklist]"
                hideByline="none"
                hideStandfirst="{Boolean}true"
                includeOperator="AND"
                includeTags="[topics:places/mauritius,structure:travel]"
                layout="four-col"
                layoutCenterAligned="false"
                limit="{Long}8"
                offset="{Long}20"
                orderByDirection="desc"
                pageType="article"/>
            <articlelist_7
                jcr:primaryType="nt:unstructured"
                sling:resourceType="telegraph/core/commons/components/articleList"
                excludeOperator="OR"
                excludeTags="[structure:travel/news,storytype:guide,structure:blacklist]"
                hideByline="none"
                hideStandfirst="{Boolean}true"
                includeOperator="AND"
                includeTags="[topics:places/mauritius,structure:travel]"
                layout="two-col"
                layoutCenterAligned="false"
                limit="{Long}2"
                offset="{Long}28"
                orderByDirection="desc"
                pageType="article"/>
            <productteaserpack
                jcr:created="{Date}2022-03-05T13:33:01.058Z"
                jcr:createdBy="mulvihill"
                jcr:lastModified="{Date}2022-03-17T18:26:25.958Z"
                jcr:lastModifiedBy="mulvihill"
                jcr:primaryType="nt:unstructured"
                sling:resourceType="telegraph/core/travel/components/productTeaserPack"
                columns="4"
                link="/content/telegraph/travel/destinations/africa/mauritius/hotels"
                linkLabel="View all hotels"
                linkTitle="More hotels in Mauritius"
                place="\{&quot;label&quot;:&quot;Mauritius [Country: Mauritius, bloc: Indian Ocean, Continent: Asia]&quot;,&quot;id&quot;:&quot;kJv4VN68c3z&quot;}"
                placeIds="kJv4VN68c3z"
                rows="1"
                type="travel-entity:hotel"/>
            <articlelist_8
                jcr:primaryType="nt:unstructured"
                sling:resourceType="telegraph/core/commons/components/articleList"
                excludeOperator="OR"
                excludeTags="[structure:travel/news,storytype:guide,structure:blacklist]"
                hideByline="none"
                hideStandfirst="{Boolean}false"
                includeOperator="AND"
                includeTags="[topics:places/mauritius,structure:travel]"
                layout="mpu"
                layoutCenterAligned="false"
                limit="{Long}4"
                offset="{Long}30"
                orderByDirection="desc"
                pageType="article"/>
            <articlelistpaginatio
                jcr:primaryType="nt:unstructured"
                sling:resourceType="telegraph/core/commons/components/articleListPagination"
                excludeOperator="OR"
                excludeTags="[structure:travel/news,storytype:guide,structure:blacklist]"
                hideByline="none"
                hideStandfirst="{Boolean}false"
                includeOperator="AND"
                includeTags="[topics:places/mauritius,structure:travel]"
                layout=""
                layoutCenterAligned="false"
                limit="{Long}4"
                offset="{Long}30"
                orderByDirection="desc"
                pageType="article"/>
        </par>
    </jcr:content>
    <humble-mauritian-seaside-village-now-lures-mega-wealthy/>
</jcr:root>
