<?xml version="1.0" encoding="UTF-8"?>
<jcr:root xmlns:sling="http://sling.apache.org/jcr/sling/1.0" xmlns:cq="http://www.day.com/jcr/cq/1.0" xmlns:jcr="http://www.jcp.org/jcr/1.0" xmlns:mix="http://www.jcp.org/jcr/mix/1.0" xmlns:nt="http://www.jcp.org/jcr/nt/1.0"
    jcr:primaryType="cq:Page">
    <aldeburgh/>
    <bury-saint-edmunds/>
    <ipswich/>
    <lavenham/>
    <hotels/>
    <articles/>
    <application/>
    <newmarket/>
    <southwold/>
    <jcr:content
        cq:designPath="/etc/designs/telegraph/core"
        cq:lastModified="{Date}2022-03-17T20:22:29.868Z"
        cq:lastModifiedBy="mulvihill"
        cq:lastReplicated="{Date}2022-03-17T20:22:41.494Z"
        cq:lastReplicatedBy="mulvihill"
        cq:lastReplicationAction="Activate"
        cq:tags="[structure:travel/festivals-and-events,structure:travel/shopping,topics:places/europe,structure:travel/cruises,structure:travel/nightlife,topics:places/united-kingdom,structure:travel/hotels,structure:analytics/travel-destination-guide-hubs,topics:places/england,structure:travel/tours,structure:travel/restaurants,topics:places/suffolk,structure:travel/destination-guides-100,structure:travel/attractions,structure:travel]"
        cq:template="/apps/telegraph/core/commons/templates/indexTemplate"
        jcr:isCheckedOut="{Boolean}true"
        jcr:mixinTypes="[mix:versionable]"
        jcr:primaryType="cq:PageContent"
        jcr:title="Suffolk"
        jcr:uuid="7aa25764-70bc-4933-9b55-70b7cd0dd85b"
        sling:resourceType="telegraph/core/commons/renderers/indexRenderer"
        conceptIds="[kJv4VN24s46]"
        concepts="\{&quot;label&quot;:&quot;Suffolk (England) [Place]&quot;,&quot;id&quot;:&quot;kJv4VN24s46&quot;}"
        isADestination="{Boolean}true"
        pageHeading="Suffolk"
        pageId="AqsGb4nZZ7pQ"
        pageTitle="Suffolk | Telegraph Travel"
        publicationDateOverride="{Date}2019-07-18T10:30:00.000+01:00"
        publicUrl="https://www.telegraph.co.uk/travel/destinations/europe/united-kingdom/england/east-anglia/suffolk/"
        tmgLastActivationDate="{Date}2022-03-17T20:22:41.527Z"
        transformedDate="{Date}2022-02-04T15:05:04.051Z"
        transformedSource="Hub">
        <par
            jcr:primaryType="nt:unstructured"
            sling:resourceType="foundation/components/parsys">
            <articlelistcurated
                jcr:created="{Date}2022-02-27T11:23:12.003Z"
                jcr:createdBy="mulvihill"
                jcr:lastModified="{Date}2022-02-27T11:23:28.155Z"
                jcr:lastModifiedBy="mulvihill"
                jcr:primaryType="nt:unstructured"
                sling:resourceType="telegraph/core/commons/components/articleListCurated"
                hideByline="none"
                hideDates="{Boolean}true"
                layout="hero">
                <curatedParsys
                    jcr:primaryType="nt:unstructured"
                    sling:resourceType="foundation/components/parsys">
                    <articlelistcard_114298144
                        jcr:created="{Date}2022-02-27T11:24:34.793Z"
                        jcr:createdBy="mulvihill"
                        jcr:lastModified="{Date}2022-02-27T11:29:26.756Z"
                        jcr:lastModifiedBy="mulvihill"
                        jcr:primaryType="nt:unstructured"
                        sling:resourceType="telegraph/core/commons/components/articleListCard"
                        pagePath="/content/telegraph/travel/destinations/europe/united-kingdom/england/east-anglia/suffolk/articles/an-expert-travel-guide-to-suffolk/">
                        <image
                            jcr:lastModified="{Date}2022-02-27T11:29:26.756Z"
                            jcr:lastModifiedBy="mulvihill"
                            jcr:primaryType="nt:unstructured"/>
                    </articlelistcard_114298144>
                    <articlelistcard_1828319943
                        jcr:created="{Date}2022-02-27T11:24:33.543Z"
                        jcr:createdBy="mulvihill"
                        jcr:lastModified="{Date}2022-02-27T11:29:41.144Z"
                        jcr:lastModifiedBy="mulvihill"
                        jcr:primaryType="nt:unstructured"
                        sling:resourceType="telegraph/core/commons/components/articleListCard"
                        pagePath="/content/telegraph/travel/destinations/europe/united-kingdom/england/east-anglia/suffolk/articles/suffolk-restaurants/">
                        <image
                            jcr:lastModified="{Date}2022-02-27T11:29:41.144Z"
                            jcr:lastModifiedBy="mulvihill"
                            jcr:primaryType="nt:unstructured"/>
                    </articlelistcard_1828319943>
                    <articlelistcard_606427122
                        jcr:created="{Date}2022-02-27T11:24:32.245Z"
                        jcr:createdBy="mulvihill"
                        jcr:lastModified="{Date}2022-02-27T11:30:30.896Z"
                        jcr:lastModifiedBy="mulvihill"
                        jcr:primaryType="nt:unstructured"
                        sling:resourceType="telegraph/core/commons/components/articleListCard"
                        pagePath="/content/telegraph/travel/destinations/europe/united-kingdom/england/east-anglia/suffolk/articles/best-things-to-do-suffolk/">
                        <image
                            jcr:lastModified="{Date}2022-02-27T11:30:30.896Z"
                            jcr:lastModifiedBy="mulvihill"
                            jcr:primaryType="nt:unstructured"/>
                    </articlelistcard_606427122>
                    <articlelistcard_808682442
                        jcr:created="{Date}2022-02-27T11:24:30.952Z"
                        jcr:createdBy="mulvihill"
                        jcr:lastModified="{Date}2022-02-27T11:30:15.404Z"
                        jcr:lastModifiedBy="mulvihill"
                        jcr:primaryType="nt:unstructured"
                        sling:resourceType="telegraph/core/commons/components/articleListCard"
                        pagePath="/content/telegraph/travel/destinations/europe/united-kingdom/england/east-anglia/suffolk/articles/best-pubs-bars-suffolk/">
                        <image
                            jcr:lastModified="{Date}2022-02-27T11:30:15.404Z"
                            jcr:lastModifiedBy="mulvihill"
                            jcr:primaryType="nt:unstructured"/>
                    </articlelistcard_808682442>
                    <articlelistcard
                        jcr:created="{Date}2022-02-27T11:24:23.092Z"
                        jcr:createdBy="mulvihill"
                        jcr:lastModified="{Date}2022-02-27T11:31:11.691Z"
                        jcr:lastModifiedBy="mulvihill"
                        jcr:primaryType="nt:unstructured"
                        sling:resourceType="telegraph/core/commons/components/articleListCard"
                        cardHeadline="The best hotels in Suffolk"
                        pagePath="/content/telegraph/travel/destinations/europe/united-kingdom/england/east-anglia/suffolk/hotels/">
                        <image
                            jcr:lastModified="{Date}2022-02-27T11:31:11.691Z"
                            jcr:lastModifiedBy="mulvihill"
                            jcr:primaryType="nt:unstructured"/>
                    </articlelistcard>
                </curatedParsys>
            </articlelistcurated>
            <articlelist_1
                jcr:primaryType="nt:unstructured"
                sling:resourceType="telegraph/core/commons/components/articleList"
                excludeOperator="OR"
                excludeTags="[structure:travel/news,storytype:guide,structure:blacklist]"
                hideByline="none"
                hideStandfirst="{Boolean}false"
                includeOperator="AND"
                includeTags="[topics:places/suffolk,structure:travel]"
                layout="one-col"
                layoutCenterAligned="true"
                limit="{Long}1"
                offset="{Long}1"
                orderByDirection="desc"
                pageType="article"/>
            <articlelist_2
                jcr:primaryType="nt:unstructured"
                sling:resourceType="telegraph/core/commons/components/articleList"
                excludeOperator="OR"
                excludeTags="[structure:travel/news,storytype:guide,structure:blacklist]"
                hideByline="none"
                hideStandfirst="{Boolean}false"
                includeOperator="AND"
                includeTags="[topics:places/suffolk,structure:travel]"
                layout="four-col"
                layoutCenterAligned="false"
                limit="{Long}4"
                offset="{Long}2"
                orderByDirection="desc"
                pageType="article"/>
            <articlelist_3
                jcr:primaryType="nt:unstructured"
                sling:resourceType="telegraph/core/commons/components/articleList"
                excludeOperator="OR"
                excludeTags="[structure:travel/news,storytype:guide,structure:blacklist]"
                hideByline="none"
                hideStandfirst="{Boolean}false"
                includeOperator="AND"
                includeTags="[topics:places/suffolk,structure:travel]"
                layout="mpu"
                layoutCenterAligned="false"
                limit="{Long}4"
                offset="{Long}6"
                orderByDirection="desc"
                pageType="article"/>
            <articlelist_4
                jcr:primaryType="nt:unstructured"
                sling:resourceType="telegraph/core/commons/components/articleList"
                excludeOperator="OR"
                excludeTags="[structure:travel/news,storytype:guide,structure:blacklist]"
                hideByline="none"
                hideStandfirst="{Boolean}true"
                includeOperator="AND"
                includeTags="[topics:places/suffolk,structure:travel]"
                layout="four-col"
                layoutCenterAligned="false"
                limit="{Long}8"
                offset="{Long}10"
                orderByDirection="desc"
                pageType="article"/>
            <articlelist_5
                jcr:primaryType="nt:unstructured"
                sling:resourceType="telegraph/core/commons/components/articleList"
                excludeOperator="OR"
                excludeTags="[structure:travel/news,storytype:guide,structure:blacklist]"
                hideByline="none"
                hideStandfirst="{Boolean}true"
                includeOperator="AND"
                includeTags="[topics:places/suffolk,structure:travel]"
                layout="two-col"
                layoutCenterAligned="false"
                limit="{Long}2"
                offset="{Long}18"
                orderByDirection="desc"
                pageType="article"/>
            <commercialunit
                jcr:primaryType="nt:unstructured"
                sling:resourceType="telegraph/core/commons/components/commercialUnit"/>
            <articlelist_6
                jcr:primaryType="nt:unstructured"
                sling:resourceType="telegraph/core/commons/components/articleList"
                excludeOperator="OR"
                excludeTags="[structure:travel/news,storytype:guide,structure:blacklist]"
                hideByline="none"
                hideStandfirst="{Boolean}true"
                includeOperator="AND"
                includeTags="[topics:places/suffolk,structure:travel]"
                layout="four-col"
                layoutCenterAligned="false"
                limit="{Long}8"
                offset="{Long}20"
                orderByDirection="desc"
                pageType="article"/>
            <articlelist_7
                jcr:primaryType="nt:unstructured"
                sling:resourceType="telegraph/core/commons/components/articleList"
                excludeOperator="OR"
                excludeTags="[structure:travel/news,storytype:guide,structure:blacklist]"
                hideByline="none"
                hideStandfirst="{Boolean}true"
                includeOperator="AND"
                includeTags="[topics:places/suffolk,structure:travel]"
                layout="two-col"
                layoutCenterAligned="false"
                limit="{Long}2"
                offset="{Long}28"
                orderByDirection="desc"
                pageType="article"/>
            <productteaserpack
                jcr:created="{Date}2022-02-27T11:31:32.255Z"
                jcr:createdBy="mulvihill"
                jcr:lastModified="{Date}2022-03-17T20:22:29.852Z"
                jcr:lastModifiedBy="mulvihill"
                jcr:primaryType="nt:unstructured"
                sling:resourceType="telegraph/core/travel/components/productTeaserPack"
                columns="4"
                link="/content/telegraph/travel/destinations/europe/united-kingdom/england/east-anglia/suffolk/hotels"
                linkLabel="View all hotels"
                linkTitle="More hotels in Suffolk"
                place="\{&quot;label&quot;:&quot;Suffolk [State: Suffolk, Region: East Anglia, Country: England, bloc: United Kingdom, Continent: Europe]&quot;,&quot;id&quot;:&quot;kJv4VN24s46&quot;}"
                placeIds="kJv4VN24s46"
                rows="1"
                type="travel-entity:hotel"/>
            <articlelist_8
                jcr:primaryType="nt:unstructured"
                sling:resourceType="telegraph/core/commons/components/articleList"
                excludeOperator="OR"
                excludeTags="[structure:travel/news,storytype:guide,structure:blacklist]"
                hideByline="none"
                hideStandfirst="{Boolean}false"
                includeOperator="AND"
                includeTags="[topics:places/suffolk,structure:travel]"
                layout="mpu"
                layoutCenterAligned="false"
                limit="{Long}4"
                offset="{Long}30"
                orderByDirection="desc"
                pageType="article"/>
            <articlelistpaginatio
                jcr:primaryType="nt:unstructured"
                sling:resourceType="telegraph/core/commons/components/articleListPagination"
                excludeOperator="OR"
                excludeTags="[structure:travel/news,storytype:guide,structure:blacklist]"
                hideByline="none"
                hideStandfirst="{Boolean}false"
                includeOperator="AND"
                includeTags="[topics:places/suffolk,structure:travel]"
                layout=""
                layoutCenterAligned="false"
                limit="{Long}4"
                offset="{Long}30"
                orderByDirection="desc"
                pageType="article"/>
        </par>
    </jcr:content>
    <underrated-county-best-place-england-spring-walk/>
    <move-southwold-new-jewel-suffolks-coastal-crown/>
</jcr:root>
