<?xml version="1.0" encoding="UTF-8"?>
<jcr:root xmlns:cq="http://www.day.com/jcr/cq/1.0" xmlns:jcr="http://www.jcp.org/jcr/1.0"
    jcr:primaryType="cq:Page">
    <jcr:content/>
    <application/>
    <dating-as-a-single-mum/>
    <what-to-wear-on-a-first-date/>
    <first-date-questions-to-avoid/>
    <places-to-meet-women/>
    <fun-dates-in-london/>
    <single-parent-dating/>
    <how-to-be-charming/>
    <dating-advice-for-men/>
    <dating-tips-for-professionals-seeking-love/>
    <questions-to-ask-on-a-first-date/>
    <how-to-meet-men/>
</jcr:root>
