<?xml version="1.0" encoding="UTF-8"?>
<jcr:root xmlns:cq="http://www.day.com/jcr/cq/1.0" xmlns:jcr="http://www.jcp.org/jcr/1.0"
    jcr:primaryType="cq:Page">
    <jcr:content/>
    <application/>
    <articles/>
    <albania/>
    <andorra/>
    <austria/>
    <belgium/>
    <bosnia-and-herzegovina/>
    <bulgaria/>
    <channel-islands/>
    <croatia/>
    <cyprus/>
    <czech-republic/>
    <denmark/>
    <estonia/>
    <finland/>
    <faroe-islands/>
    <france/>
    <georgia/>
    <germany/>
    <gibraltar/>
    <greece/>
    <greenland/>
    <hungary/>
    <iceland/>
    <ireland/>
    <italy/>
    <kosovo/>
    <latvia/>
    <lithuania/>
    <luxembourg/>
    <macedonia/>
    <malta/>
    <monaco/>
    <montenegro/>
    <netherlands/>
    <norway/>
    <poland/>
    <portugal/>
    <romania/>
    <russia/>
    <scandinavia/>
    <serbia/>
    <slovakia/>
    <slovenia/>
    <sweden/>
    <spain/>
    <switzerland/>
    <turkey/>
    <ukraine/>
    <united-kingdom/>
    <galleries/>
    <hotels/>
    <exclusiveoffers/>
    <moldova/>
    <armenia/>
    <european-tours/>
    <tours/>
    <european-holidays/>
    <european-river-cruises/>
    <european-ocean-cruises/>
    <mediterranean-cruises/>
    <baltic-ocean-cruises/>
    <european-city-breaks/>
    <san-marino/>
    <northern-europe-cruises/>
    <greek-islands/>
    <eastern-european-city-breaks/>
    <cheapest-cultural-city-breaks-in-europe-revealed/>
    <europes-popular-town-squares-underrated-alternatives/>
    <european-destinations-can-reach-train-six-hours-london/>
    <really-like-inside-europes-last-dictatorship/>
    <truly-balmy-corners-europe-real-winter-warmth/>
    <secret-european-breaks-traveller-has-everywhere/>
    <the/>
    <spain-france-locking-british-families-time-look-east/>
</jcr:root>
