<?xml version="1.0" encoding="UTF-8"?>
<jcr:root xmlns:cq="http://www.day.com/jcr/cq/1.0" xmlns:jcr="http://www.jcp.org/jcr/1.0"
    jcr:primaryType="cq:Page">
    <jcr:content/>
    <hotel-piazza-bellini/>
    <micalo-hotel/>
    <eurostars-hotel-excelsior/>
    <costantinopoli-104-hotel/>
    <hotel-san-francesco-al-monte/>
    <orsini46-hotel/>
    <romeo-hotel/>
    <santa-chiara-boutique-hotel/>
    <grand-hotel-vesuvio/>
    <grand-hotel-parkers/>
    <grand-hotel-oriente/>
    <hotel-palazzo-caracciolo-napoli/>
    <the-dante-house-hotel/>
    <the-bellini-house-hotel/>
    <the-foria-house-hotel/>
    <domus-deorum-hotel/>
    <albergo-il-monastero-hotel/>
    <mezzatorre-hotel/>
    <casa-d-anna-hotel/>
</jcr:root>
