<?xml version="1.0" encoding="UTF-8"?>
<jcr:root xmlns:cq="http://www.day.com/jcr/cq/1.0" xmlns:jcr="http://www.jcp.org/jcr/1.0"
    jcr:primaryType="cq:Page">
    <jcr:content/>
    <ukraine-crisis-joe-biden-warns-president-russia-could-attack/>
    <ukraine-crisis-russia-invasion-war-nato-nord-stream-2/>
    <british-mps-risk-wrath-china-planned-trip-taiwan/>
    <choice-fight-land-women-flocking-join-ukraine-army-record-numbers/>
    <world/>
    <marine-le-pen-betrayed-niece-considers-damaging-switch-zemmour/>
    <ursula-von-der-leyen-accused-maladministration-refusing-publish/>
    <meet-willow-new-kitty-sitting-pretty-white-house/>
    <german-afd-leader-quits-party-accuses-totalitarianism/>
    <alleged-crime-family-members-go-trial-2019-dresden-jewel-heist/>
    <joe-biden-welcomes-cat-willow-white-house/>
    <heros-send-off-nypd-officer-shot-dead-duty/>
    <vladimir-putin-tells-emmanuel-macron-does-not-want-confrontation/>
    <islamic-state-supporters-declare-major-victory-prison-siege/>
    <leader-far-right-afd-quits-not-right-wing-enough/>
    <german-coronavirus-marches-bring-together-unlikely-coalition/>
    <calm-russia-standoff-ukraine-president-tells-panicky-west/>
    <xxx/>
    <ukraine-blog/>
</jcr:root>
