<?xml version="1.0" encoding="UTF-8"?>
<jcr:root xmlns:cq="http://www.day.com/jcr/cq/1.0" xmlns:jcr="http://www.jcp.org/jcr/1.0"
    jcr:primaryType="cq:Page">
    <jcr:content/>
    <the-best-walks-in-devon-and-somerset/>
    <british-summer-holidays-guide/>
    <british-beach-holidaysguide/>
    <british-culture-andheritageholidaysguide/>
    <british-holidaysforfood-lovers/>
    <british-activityholidaysguide/>
    <british-camping-holidaysguide/>
    <british-cruise-holidaysguide/>
    <Barmy-British-festivals-eccentric-events-for-all-the-family/>
    <Britains-best-winter-beaches/>
    <British-safaris-a-night-at-the-zoo/>
    <Britain-on-a-budget-50-cheap-thrills/>
    <Britains-coastline-readers-tips-advice-and-recommendations/>
    <holiday-cottage-restrictions/>
    <Bear-Grylls-family-survival-weekend-UK-holidays/>
    <Great-British-days-out-readers-tips/>
    <Great-British-days-out-readers-tips-part-two/>
    <Pound-surge-gives-Britons-better-value-in-Europe/>
    <best-uk-beaches/>
    <Britains-20-best-coastal-campsites/>
    <Britains-best-autumn-and-half-term-outings/>
    <Britains-best-beach-cafes-and-restaurants/>
    <Britains-best-gardens-readers-tips/>
    <britains-best-ice-cream-parlours/>
    <Britains-best-lidos-and-outdoor-pools/>
    <Britains-best-nudist-or-naturist-beaches/>
    <uk-best-outdoor-cinemas/>
    <Britains-best-regional-theatres/>
    <Britains-best-vintage-festivals-Goodwood-Revival-and-more/>
    <Britains-theme-parks-a-summer-guide/>
    <Britains-tiny-islands/>
    <Britains-20-most-accessible-tourist-attractions/>
    <Britains-landscape-is-the-new-pilgrims-way/>
    <Britain-by-coach-Malvern-and-the-Marches-on-a-52-seater/>
    <britain-in-spring/>
    <Britain-or-abroad-which-of-these-attractions-are-in-the-UK/>
    <Britain-in-summer-the-best-beaches-gardens-and-parks/>
    <British-holiday-cottages-to-rent-with-games-rooms/>
    <British-holiday-cottages-with-indoor-pools/>
    <British-hotels-among-worst-for-Wi-Fi-charges/>
    <British-hotel-staff-fail-to-shake-Basil-Fawlty-image/>
    <British-Museum-leads-rise-in-visits-to-British-attractions/>
    <Swan-upmanship-on-the-Thames/>
    <Ten-of-the-best-bootcamps/>
    <best-hidden-secret-uk-beaches/>
    <The-25-English-beaches-at-risk-of-failing-clean-water-tests/>
    <The-best-and-worst-leap-day-love-packages/>
    <The-best-August-bank-holiday-weekend-breaks-in-Britain/>
    <The-best-English-vineyard-breaks/>
    <The-best-museums-and-memorials-to-visit-for-the-Battle-of-Britain/>
    <The-best-of-Britains-great-outdoors/>
    <The-best-places-to-see-wildlife-in-the-UK/>
    <best-tennis-holidays/>
    <The-best-UK-art-courses-for-children/>
    <Ben-Fogle-Luskentyre-Beach-has-miles-of-white-sand-and-crystal-clear-water-all-year-round/>
    <_x0031_0-Google-auto-complete-suggestions-the-UK-Tourist-Board-didnt-want-you-to-see/>
    <best-quirky-british-b-and-bs/>
    <_x0031_0-Instagramers-proving-Britain-is-beautiful/>
    <_x0031_1-fantastic-things-to-do-this-weekend/>
    <_x0031_1-things-British-travellers-are-tired-of-hearing/>
    <_x0032_0-destinations-for-2015-Lincoln-and-the-Magna-Carta-Trail/>
    <_x0032_1-reasons-why-museums-are-great/>
    <Britpop-On-the-trail-of-Blur-and-Oasis/>
    <A1M-service-stations-Great-alternative-places-to-eat-off-the-motorway/>
    <Adventures-On-Your-Doorstep/>
    <A-family-tour-of-Britain-part-10-the-homecoming/>
    <Alex-Polizzi-on-the-Shangri-La-airport-security-and-her-new-favourite-hotels/>
    <Alices-Adventures-in-Wonderland-where-to-celebrate-the-150th-anniversary/>
    <App-that-identifies-birdsong-to-launch-next-year/>
    <Are-Britains-rude-road-names-under-threat/>
    <Arrest-on-a-plane-how-drunken-passengers-can-really-delay-a-flight/>
    <Battle-of-Britain-anniversary-Spitfire-flypast-at-Duxford-airshow/>
    <Be-inspired-by-the-Commonwealth-Games/>
    <Best-of-British-our-top-World-Heritage-Sites/>
    <Birdsong-cited-as-favourite-spring-sound/>
    <Christmas-events-in-Britain/>
    <Churches-the-new-Airbnb-as-champing-proves-popular/>
    <CLA-Game-Fair-guide-for-visitors/>
    <Foraging-in-Britain-a-fine-feast-in-the-wilderness/>
    <Lucknam-Park-Hotel-a-taste-of-India-in-the-English-countryside/>
    <Family-activities-for-a-rainy-half-term/>
    <Extreme-Britain/>
    <Disabled-access-to-UK-attractions-criticised/>
    <Dog-friendly-hotels-and-accommodation-in-Britain/>
    <Cosy-hotels-readers-tips/>
    <Cottage-holidays-refunds-for-inadequate-accommodation/>
    <Cruises-from-Britain-readers-tips-recommendations-and-travel-advice/>
    <Canoeing-on-the-River-Severn/>
    <Britain-remembers-the-Great-War/>
    <best-bonfire-night-fireworks-events-uk-2020-near-me-cancelled-covid/>
    <Whats-on-this-weekend-in-the-UK-October-23-25-2015/>
    <Whats-on-this-weekend-November-27-29-2015/>
    <What-Chinese-tourists-really-like-about-Britain/>
    <where-best-place-see-northern-lights-UK-what-best-time/>
    <Where-to-escape-the-British-heat/>
    <Where-to-find-the-best-Tudor-sights-in-England/>
    <Which-is-better-London-or-Manchester/>
    <World-Cup-2014-where-to-watch-it-in-England/>
    <Winter-in-Britain-10-ways-to-make-the-most-of-the-long-nights/>
    <Winston-Churchill-minister-of-the-Crown-by-day-writer-by-night/>
    <Wimbledon-2015-where-to-watch-SW19-on-big-screens/>
    <Why-surfers-should-try-paddle-boarding/>
    <Why-autumn-is-perfect-for-star-gazing/>
    <Whats-on-this-weekend-in-the-UK-June-5-7-2015/>
    <Whats-on-this-weekend-in-the-UK-June-26-28-2015/>
    <Whats-on-this-weekend-in-the-UK-June-19-21-2015/>
    <Whats-on-this-weekend-in-the-UK-July-3-5-2015/>
    <UK-VW-campervan-tour-of-the-south-coast/>
    <uk-best-waterfalls-for-wild-swimming/>
    <UK-airports-under-fire-over-Wi-Fi-charges/>
    <UK-campsites-the-best-places-to-pitch-up-for-local-food/>
    <UK-days-out-battling-zombies-in-post-apocalyptic-Reading/>
    <UK-family-activities-and-days-out-this-summer/>
    <UK-family-holiday-confessions-of-a-Center-Parcs-virgin/>
    <UK-holidays-Wild-about-Britain/>
    <UK-learning-holidays-dressmaking-in-West-Sussex/>
    <UK-learning-holidays-knitting-in-Kyntire/>
    <UK-lighthouse-rental-Anvil-Point-Dorset/>
    <University-rooms-the-best-budget-accommodation-in-summer/>
    <Tourist-attractions-still-failing-disabled-travellers/>
    <Tour-de-France-stage-3-Cycling-through-a-slice-of-paradise/>
    <Doctor-Who-at-50-events-tours-and-attractions/>
    <Easter-2012-the-best-family-days-out-in-the-UK/>
    <Easter-activities-and-events-for-families/>
    <Easter-holidays-2014-days-out-and-event-information/>
    <Halloween-events-in-and-around-Britain/>
    <Gunpowder-Plot-13-sites-linked-to-Guy-Fawkes-and-co-conspirators/>
    <Great-British-Bake-Off-baking-courses-in-Britain-and-beyond/>
    <For-a-summer-holiday-nowhere-can-match-the-riches-on-offer-in-Britain/>
    <Flodden-and-Bannockburn-the-war-of-the-British-battlefields/>
    <Ferry-travel-in-Britain-cheapest-fares-and-route-details/>
    <Fathers-Day-great-trips-and-days-out/>
    <Family-days-out-summer-events-at-Britains-best-historical-attractions/>
    <Eurostar-at-20-two-decades-of-the-cross-channel-operator/>
    <Golf-courses-that-welcome-dogs/>
    <Great-adventurous-stag-parties/>
    <Were-holidays-in-Britain-better-in-the-olden-days/>
    <Welcome-to-Englands-least-popular-attraction/>
    <Things-to-do-this-August-bank-holiday-weekend-August-29-31/>
    <Things-to-do-this-half-term-events-guide/>
    <Things-to-do-this-May-Bank-holiday-weekend/>
    <Last-minute-Mothers-Day-offers-in-Britain/>
    <Last-minute-New-Years-Eve-parties/>
    <Last-chance-for-Rugby-World-Cup-tickets/>
    <Magna-Carta-goes-on-tour/>
    <Magna-Carta-On-the-trail-of-the-Great-Charter/>
    <Magna-Carta-Lincoln-gets-ready-for-its-close-up/>
    <Northern-Lights-sightings-from-Britain/>
    <Northern-Lights-seen-from-a-plane-over-Shetland-Isles/>
    <Northern-Lights-over-UK-herald-spectacular-winter/>
    <Northern-Lights-may-be-seen-over-Britain/>
    <Northern-Lights-could-return-to-Britain-tonight/>
    <Museums-at-Night-festival-2014-highlights/>
    <Museums-at-Night-highlights-around-Britain/>
    <Motorway-service-stations-Great-alternative-places-to-eat/>
    <Heritage-sites-make-you-happy/>
    <Heritage-Open-Days-2015-10-of-the-best-secret-sites/>
    <Heritage-Open-Days-2013-highlights/>
    <Henley-Regatta-travel-guide/>
    <History-by-candlelight-the-best-night-time-tours/>
    <Holi-2014-UK-event-and-celebration-details/>
    <Holiday-snaps-saved-as-UK-retains-Freedom-of-Panorama/>
    <How-the-National-Trust-saved-our-coastline/>
    <How-to-celebrate-the-Fourth-of-July-if-youre-British/>
    <How-well-do-you-know-Britains-castles/>
    <Ian-Fleming-on-the-trail-of-the-Bond-creator/>
    <In-defence-of-the-great-British-b-and-b/>
    <In-search-of-Constables-England/>
    <Hi-de-Hi-goes-high-end-as-Butlins-gets-a-face-lift/>
    <Insider-guides-to-Britains-best-stately-homes/>
    <Orienteering-in-Britain/>
    <Outdoor-art-in-Britain/>
    <Richard-III-on-the-trail-of-a-brave-and-murderous-monarch/>
    <On-the-trail-of-the-Sex-Pistols/>
    <Winston-Churchill-anniversary-a-preview-of-the-ChurchillExhibition-at-Blenheim-Palace/>
    <Queens-Diamond-Jubilee-UK-travel-guide/>
    <Lee-Valley-canoeing-a-rapid-lesson-in-being-an-Olympian/>
    <Megabus-Gold-luxury-sleeper-service-seven-things-you-need-to-know/>
    <Millions-to-mobilise-for-bank-holiday-weekend/>
    <Mothers-Day-2014-deals-and-offers/>
    <Mothers-Day-UK-2014-ideas-for-alternative-travel-gifts/>
    <Mystery-on-the-millennial-trail-of-KingCanute/>
    <Nine-really-good-things-to-do-this-weekend/>
    <Northern-Ireland-and-Guernsey-added-to-Telegraph-Travel-app/>
    <Northern-cities-challenge-London-in-food-stakes/>
    <Open-House-London-bookings-open-for-2014/>
    <Rugby-World-Cup-2015-first-tickets-go-on-sale/>
    <Rugby-World-Cup-2015-guide-to-tickets-packages-hotels-and-pubs/>
    <Roman-Britain-the-best-sights/>
    <Runners-launch-alternative-Olympic-torch-relay-round-Britain/>
    <Life-through-my-lens-Charlie-Waites-Silent-Exchange/>
    <Shrove-Tuesday-pancake-day-events/>
    <Silly-Valentines-Day-press-releases/>
    <What-to-do-if-you-are-stung-by-a-jellyfish/>
    <Staycations-a-solution-to-the-passport-crisis-Tell-that-to-Englands-footballers/>
    <St-Georges-Day-2015-events-and-activity-details/>
    <Summer-events-on-Britains-beaches/>
    <The-Great-Tour-a-two-month-bike-ride-around-Britain/>
    <The-Landmark-Trust-50th-anniversary-history-for-hire/>
    <The-North-West-Britains-most-underrated-coastline/>
    <The-Plantagenets-On-the-trail-of-Britains-bloodiest-dynasty/>
    <Walking-book-wins-Thwaites-Wainwright-writing-prize/>
    <Holiday-cottages-with-indoor-pools/>
    <A-race-to-the-stones-along-the-Ridgeway/>
    <Britain-the-joy-of-camping-in-the-wild/>
    <Britains-best-leisurely-walks/>
    <Britains-best-remote-campsites/>
    <Britains-best-stargazing-locations/>
    <Dinghy-sailor-completes-76-day-circumnavigation-of-Britain/>
    <Discover-Britain-by-bike-says-Sarah-Storey/>
    <Ben-Fogle-The-Adventurer-Britains-great-outdoors/>
    <National-Trust-on-the-hunt-for-the-great-British-walk/>
    <Birmingham-is-top-place-to-go-in-2012/>
    <Grand-Canyon-Try-Cheddar-Gorge-Britons-told/>
    <Royal-wedding-boosts-visitor-numbers-to-Westminster-Abbey/>
    <Tate-to-launch-cultural-holidays/>
    <Forth-Bridge-could-receive-World-Heritage-status/>
    <Britains-hotels-shake-off-Fawlty-Towers-reputation/>
    <British-bathing-spots-among-the-cleanest-in-Europe/>
    <Jersey-most-popular-for-summer-staycation/>
    <London-2012-Olympics-hotel-rates-in-the-capital-expected-to-fall/>
    <Forth-Bridge-and-that-endless-paint-job/>
    <Which-British-sites-deserve-World-Heritage-status/>
    <Giant-sandcastle-demolished-due-to-health-and-safety-fears/>
    <First-National-Trust-run-pub-opens-for-business/>
    <Overseas-visitors-offered-guide-to-UK-dialects/>
    <London-hotels-rated-as-Britains-worst/>
    <London-hotels-persist-with-Olympian-price-hikes/>
    <Harry-Potter-walking-tours-to-launch-at-Edinburgh-Festival/>
    <Britons-juggle-holiday-plans-around-2012-Olympics/>
    <Ten-second-ad-to-highlight-best-of-Birmingham/>
    <Queens-Diamond-Jubilee-Britons-to-throw-worlds-most-remote-Jubilee-party/>
    <Queens-Diamond-Jubilee-half-a-million-Britons-to-join-celebrations-in-London/>
    <Butlins-redcoats-to-turn-green/>
    <The-UKs-budget-bucket-list/>
    <Britains-longest-cycling-tunnel-to-open/>
    <Museum-homes-in-Britain/>
    <The-penguins-of-South-Georgia-with-Mark-Carwardine/>
    <The-best-walks-in-the-UK/>
    <The-best-coastal-walks-in-the-UK/>
    <The-Pennine-Way-Britains-greatest-walking-trail/>
    <Cycling-in-Britain-Tour-de-freedom/>
    <Holi-festivals-in-Britain/>
    <St-Patricks-Day-2012-the-best-parades-in-Britain-and-Ireland/>
    <Band-on-the-run-a-summer-of-UK-festivals/>
    <Easter-2013-events-in-the-UK/>
    <August-bank-holiday-events-in-Britain/>
    <Halloween-themed-film-screenings-in-Britain/>
    <Diwali-festival-of-lights-what-is-it-and-when-does-it-take-place/>
    <The-National-Trusts-top-ten-secret-walks/>
    <UK-autumn-walks-Kinder-Scout-Peak-District/>
    <Butlins-is-no-longer-the-last-resort/>
    <Is-your-town-centre-ugly/>
    <May-bank-holiday-events-around-Britain/>
    <UK-cruises-holidays-including-Scotland-and-the-Scilly-Isles/>
    <Cruises-around-Britain/>
    <UK-canal-boat-holiday-A-first-time-family-narrowboat-cruise/>
    <Culinary-holidays-in-Britain/>
    <UK-weather-latest-travel-updates-and-information-from-the-storm/>
    <Connections-from-Manchester-to-London-Gatwick/>
    <Occupancy-issues-at-a-UK-cottage/>
    <UK-hotels-worst-in-Europe-for-service/>
    <The-Hotel-Is-British-hospitality-really-that-bad/>
    <Britains-best-seaside-hotels/>
    <Olympic-torch-overtaken-by-alternative-relay/>
    <Whats-on-this-weekend-in-the-UK-January-21-23-2015/>
    <best-walks-for-winter-in-Britain/>
    <Wars-of-the-Roses-the-UKs-10-best-heritage-sites/>
    <The-UKs-10-best-city-breaks/>
    <Whats-on-this-weekend-in-the-UK-December-4-6-2015/>
    <Six-Nations-rugby-a-guide-for-travelling-supporters/>
    <britain-uk-quirkiest-piers/>
    <_x0031_1-great-things-to-do-this-weekend/>
    <British-Airways-launches-combined-rail-and-air-ticket/>
    <Coronation-celebrations-around-Britain/>
    <Why-the-north-is-actually-better-than-the-south/>
    <The-beauty-of-Britain-is-just-waiting-to-be-discovered/>
    <Prison-officer-David-Black-murdered-by-flat-earth-fanatics/>
    <the-best-hotels-for-wedding-venues-in-the-uk/>
    <britains-best-dog-friendly-b-and-bs/>
    <The-Landmark-Trust-Wonderful-old-buildings-with-staying-power/>
    <Is-this-Britains-finest-country-house-hotel/>
    <Artist-Residence-Is-this-Brightons-funkiest-hotel/>
    <A-suitcase-free-stay-at-the-W-Hotel-London/>
    <Gourmet-stay-in-the-New-Forest/>
    <Hampton-Manor-Solihulls-hotel-with-soul/>
    <Hotel-du-Vin-St-Andrews-Old-Tom-Morris-Suite-review/>
    <Queens-Diamond-Jubilee-themed-hotel-offers/>
    <british-museum-voted-uks-most-popular-attraction-for-ninth-year/>
    <the-best-90s-tv-shows-and-how-to-bring-them-back/>
    <england-newest-coastal-path-opens-in-somerset/>
    <quiz-british-cities-from-above/>
    <how-to-visit-britains-historic-royal-palaces/>
    <britains-best-walks-for-spring/>
    <the-best-hotels-for-city-breaks-in-the-uk/>
    <jersey-trumps-capri-on-tripadvisor-list-of-best-islands/>
    <best-uk-wildlife-watching-spots-for-may-bank-holiday-weekend/>
    <omgb-new-campaign-urges-brits-to-stay-at-home-this-summer/>
    <which-sharks-can-be-seen-in-britain-where/>
    <british-passion-for-travel-grows-with-surge-in-overseas-visits/>
    <rgs-uncovering-great-british-secrets/>
    <the-best-zoo-hotels-in-the-uk/>
    <britains-most-magical-roald-dahl-attractions/>
    <ultimate-british-seaside-guide/>
    <are-british-holidays-better-than-foreign-ones/>
    <britains-best-underground-attractions/>
    <reader-tips-britains-best-islands-how-to-visit/>
    <the-best-body-and-soul-holidays-in-britain/>
    <summer-solstice-events-and-pagan-sites-around-britain/>
    <best-beach-hut-accommodation-in-the-uk/>
    <how-brexit-might-affect-the-uk-tourism-industry/>
    <the-best-hotels-in-britain-for-summer/>
    <gems-of-british-coastline-by-man-who-ran-all-5000-miles-of-it/>
    <great-family-days-out-in-the-uk/>
    <what-americans-need-to-know-before-visiting-britain/>
    <britains-fading-seaside-resorts-to-get-major-revamp/>
    <mary-rose-museum-reopens-in-portsmouth/>
    <Britains-best-islands/>
    <best-uk-airports-to-fly-from-and-ones-to-avoid/>
    <bespoke-access-awards-interview/>
    <the-best-places-in-britain-to-escape-your-smart-phone/>
    <vizeat-meal-sharing-website-review/>
    <uk-best-big-screens-to-watch-rio-2016-olympic-games/>
    <everything-you-need-to-know-about-swimming-across-the-channel/>
    <uk-holidays-for-the-characters-from-swallows-and-amazons/>
    <video-how-to-land-at-london-city-airport/>
    <best-woodland-cabins-britain/>
    <northern-dalesman-most-beautiful-bus-in-britain/>
    <experience-the-magic-of-the-edinburgh-fringe-festival-through-this-360-video/>
    <ferry-journeys-you-should-take-in-the-uk-and-ireland/>
    <carbuncle-cup-2016-shortlist/>
    <see-beyond-the-walls-of-the-tower-of-london/>
    <best-cycling-routes-in-britain/>
    <lincoln-plaza-wins-2016-carbuncle-cup/>
    <admire-the-view-from-hadrians-wall-in-360/>
    <uk-airports-to-introduce-charge-to-skip-passport-queues/>
    <man-takes-seven-flights-to-get-from-london-to-aberdeen-just-for-air-miles-avios/>
    <experience-queen-victorias-private-summer-residence-in-360/>
    <britains-dinosaur-country-the-jurassic-coast-in-360/>
    <stamford-bridge-and-other-british-battles-you-should-know-more-about/>
    <autumn-colours-best-places-uk-britain-parks-forests/>
    <admire-the-view-from-the-clifton-suspension-bridge-in-this-360-video/>
    <trusted-housesitters-stay-for-free-pet-sitting/>
    <leaf-peeping-in-britain-readers-tips-recommendations-travel-advice/>
    <hike-through-the-magnificent-brecon-beacons-in-360/>
    <experience-a-360-rollercoaster-ride-on-brighton-pier/>
    <ashdown-forest-hundred-acre-wood/>
    <best-cheap-hotels-for-uk-city-breaks/>
    <the-best-halloween-parties-in-the-uk/>
    <king-john-trail-kings-lynn-the-wash/>
    <little-british-isles-alison-steadman/>
    <uk-journeys-that-take-you-back-in-time/>
    <best-christmas-markets-2019-uk-dates-london-leeds-manchester-bath/>
    <cosiest-cabins-for-winter-weekends-away/>
    <m25-road-trip-best-sights/>
    <british-self-catering-and-cottage-holidays-guide/>
    <the-best-hotels-for-spa-breaks-in-the-uk/>
    <where-to-watch-the-us-election-in-britain/>
    <most-mysterious-uk-islands-ann-cleeves/>
    <national-memorial-arboretum-staffordshire-visitor-guide/>
    <book-it-cosy-does-it/>
    <book-it-four-hotels-for-winter-shopping/>
    <best-romantic-hotels-in-the-uk/>
    <whitby-guide-things-to-do-drives/>
    <best-golf-hotels-in-britain/>
    <britains-best-traditional-christmas-new-year-celebrations/>
    <britain-best-winter-walks-routes-tips-advice/>
    <Whats-on-this-weekend/>
    <britains-cosy-hotels-for-winter/>
    <britains-cosiest-hotels-for-autumn/>
    <best-pet-friendly-hotels-britain/>
    <britains-best-hotels-for-spring/>
    <instagram-most-photographed-places-in-uk/>
    <best-uk-experiences-holidays-for-2017/>
    <best-learning-art-craft-holidays-in-britain/>
    <cavern-club-and-other-iconic-uk-music-venues/>
    <trainspotting-filming-locations/>
    <best-places-to-see-snowdrops-in-britain/>
    <northumberland-in-winter-what-to-see-and-do/>
    <britains-most-spectacular-coastlines-star-in-new-series/>
    <best-castle-hotels-in-britain/>
    <the-best-national-trust-properties-in-britain-expert-tips/>
    <book-it-four-romantic-weekend-breaks/>
    <national-trust-properties-that-are-also-hotels/>
    <hotels-under-fire-for-concealing-poor-hygiene-ratings/>
    <holidays-for-people-living-with-dementia-/>
    <revealed-what-americans-dislike-about-britain/>
    <uk-holidays-best-things-to-do-summer/>
    <the-best-uk-hotel-openings-for-2017/>
    <ba-offering-business-class-seats-for-less-than-100/>
    <britains-best-walking-festivals/>
    <book-it-a-mothers-day-less-ordinary/>
    <book-it-four-amazing-pubs-with-exceptional-grub/>
    <hay-festival-how-to-get-tickets-advice-guide/>
    <ordnance-survey-launch-new-aerial-3d-maps/>
    <thatcher-trail-grantham/>
    <best-uk-cottages-with-moorings/>
    <king-arthur-filming-locations/>
    <the-best-hotel-spa-breaks-for-couples-in-britain/>
    <dreamland-margate-theme-park-reopens-revamp-hipsters-success/>
    <best-drives-in-britain/>
    <the-isle-of-man-the-fastest-way-to-travel-back-in-time/>
    <jane-austen-home-and-other-places-to-visit/>
    <things-we-learned-trying-to-visit-every-train-station-in-britain/>
    <what-the-world-really-wants-to-know-about-the-uk/>
    <where-forest-bathing-uk-most-beautiful-activities-woods/>
    <us-servicemen-in-east-anglia/>
    <the-lake-district-wins-unesco-world-heritage-status/>
    <lincoln-uk-most-underrated-city-break/>
    <best-national-trust-working-holidays/>
    <saltdean-what-to-see-and-do/>
    <poundbury-uk-what-to-see-and-do/>
    <britain-most-extreme-challenge-adventures-run-ride-swim/>
    <painswick-what-to-see-and-do/>
    <best-activity-holidays-in-the-uk/>
    <where-celebrities-love-to-go-in-britain-part-1/>
    <salcombe-what-to-see-and-do/>
    <northern-lights-forecast-for-the-uk-tonight/>
    <ludlow-food-guide-best-restaurants/>
    <scotland-treated-to-spectacular-views-of-the-northern-lights/>
    <ramsgate-what-to-see-and-do/>
    <the-most-beautiful-places-in-britain-during-autumn/>
    <quintessential-british-experiences-how-to-go-punting/>
    <stamford-lincolnshire-what-to-see-and-do/>
    <best-restaurants-with-rooms-and-hotels-in-britain/>
    <uk-best-seaside-fish-and-chips/>
    <west-dorset-bridport-food-guide-best-restaurants/>
    <incredible-country-house-hotel-experiences/>
    <sex-betrayal-and-murder-Britain-most-scandalous-castles-and-stately-homes/>
    <the-best-hotels-in-britain-for-autumn-colours/>
    <kensington-palace-london-visitor-guide-tickets-prices/>
    <frodsham-cheshire-what-to-see-and-do/>
    <simon-callow-best-uk-theatres-to-visit-in-your-lifetime/>
    <best-hotels-for-woodland-walks-in-britain/>
    <best-family-friendly-hotels-uk/>
    <tiny-uk-islands-filled-with-magic/>
    <uk-highest-places/>
    <where-celebrities-love-to-go-in-britain-part-2/>
    <milton-keynes-masterpiece-or-monstrosity/>
    <uk-travel-map-rail-journey-times-isochronic/>
    <sevenoaks-what-to-see-and-do/>
    <britain-first-holocaust-memorial-to-open-in-london/>
    <eleanor-crosses-uk/>
    <uk-volcanoes/>
    <hastings-pier-wins-stirling-prize-best-new-building/>
    <uk-skyspaces-james-turrell/>
    <bray-best-restaurants/>
    <best-places-to-shop-uk/>
    <where-celebrities-love-to-go-in-britain-part-3/>
    <british-pilgrimage-trust-walks-canterbury/>
    <ordnance-survey-facts-about-great-britain/>
    <the-unlikely-nature-reserve-in-the-shadow-of-a-power-station/>
    <uk-best-coastal-train-journeys/>
    <uk-ice-houses/>
    <stratford-upon-avon-and-osama-bin-laden/>
    <bloomsbury-retreat-at-tilton-house/>
    <uk-where-to-go-in-2018/>
    <chislehurst-caves-how-to-visit/>
    <the-ghost-of-british-caledonian-and-other-lost-uk-airlines/>
    <sandringham-dersingham-royal-christmas/>
    <best-coastal-walk-hotels/>
    <most-in-demand-landmark-trust-property/>
    <david-attenborough-interview/>
    <wild-uk-wonders-david-attenborough/>
    <totnes-what-to-see-and-do/>
    <uk-best-sundials/>
    <five-magical-places-for-a-winter-weekend-in-england/>
    <the-best-uk-hotel-openings-for-2018/>
    <maldon-what-to-see-and-do/>
    <the-tiny-stone-bridge-that-changed-the-course-of-british-history/>
    <the-victorian-attractions-that-turned-the-world-upside-down/>
    <brooklands-and-other-uk-motoring-circuits-to-visit/>
    <best-uk-honeymoons-and-minimoons-hotels/>
    <framlingham-suffolk-ed-sheeran/>
    <six-nations-rugby-2018-a-guide-to-london-paris-dublin-rome-cardiff-edinburgh/>
    <blueprint-for-perfect-british-village/>
    <amazing-british-follies-where-you-can-spend-the-night/>
    <shepton-mallet-what-to-see-and-do/>
    <uk-abandoned-places/>
    <chipping-norton-what-to-see-and-do/>
    <uk-best-georgian-theatres/>
    <uk-extreme-weather/>
    <uk-town-pubs-per-square-mile/>
    <the-beautiful-room-every-writer-longs-to-possess/>
    <halifax-yorkshire-what-to-see-and-do/>
    <best-easter-activities-at-country-house-hotels-uk/>
    <st-albans-what-to-see-and-do/>
    <gallops-uk-where-to-see-horses-training/>
    <margate-shell-grotto/>
    <most-quintessential-british-experiences/>
    <best-holidays-in-britain-uk-breaks/>
    <britains-most-remote-holiday-cottages/>
    <worlds-loneliest-most-remote-roads/>
    <plastic-pollution-britain-beaches/>
    <britain-most-historic-towns/>
    <aylesbury-david-bowie-what-to-see-and-do/>
    <thirsk-what-to-see-and-do/>
    <uk-season-the-best-events/>
    <britain-s-most-expensive-tourist-attractions--and-the-free-alter/>
    <best-uk-bike-rides-with-pub/>
    <earth-day-beach-clean-plastic-pollution/>
    <bognor-regis-why-you-should-visit/>
    <one-in-four-children-never-swum-british-sea/>
    <ban-toddlers-from-pubs/>
    <great-british-getaways-bradford-on-avon/>
    <quirky-facts-british-towns-villages-cities-norwich-birmingham/>
    <best-uk-castle-visit-experiences/>
    <great-british-getaways-st-mawes/>
    <uk-attractions-sleep-over/>
    <westminster-abbey-viewing-gallery/>
    <poole-brownsea-island/>
    <tiny-places-in-britain/>
    <Britains-best-royal-experiences/>
    <alderley-edge-what-to-see-and-do/>
    <the-rise-of-glamping/>
    <great-british-getaways-alderney/>
    <uk-enduring-love-affair-canals/>
    <castle-combe-prettiest-village/>
    <britains-forests/>
    <landmark-trust-oldest-best-weirdest/>
    <great-british-getaways-bakewell/>
    <the-house-of-aigas/>
    <great-british-getaways-scarborough/>
    <going-on-a-bear-hunt-on-the-isle-of-wight/>
    <britain-smallest-islands/>
    <make-most-of-heatwave-this-weekend/>
    <great-british-getaways-petworth/>
    <great-british-getaways-holt/>
    <best-sculpture-trails-britain/>
    <british-wine-weekends/>
    <_x0034_2-days-of-summer/>
    <uk-largest-public-parks/>
    <best-mountain-campsites/>
    <the-best-uk-breaks-for-families-with-tweens/>
    <uk-national-park-holidays/>
    <britains-best-northern-beaches/>
    <dorset-next-uk-national-park/>
    <great-british-getaways-staffin/>
    <budget-hotels-near-britains-top-family-attractions/>
    <emily-bronte-attractions-events/>
    <best-national-trust-families/>
    <faversham-hottest-place-in-britain/>
    <buckinghamshire-underrated-county/>
    <where-to-watch-perseid-meteor-shower-uk/>
    <best-british-islands-day-trip/>
    <great-british-getaways-dunster/>
    <scarborough-what-to-see-and-do/>
    <great-british-getaways-great-ayton/>
    <the-curious-victorian-obsession-with-the-exotic/>
    <great-british-getaways-alnwick/>
    <the-most-hipster-campsite-in-britain/>
    <greensted-church/>
    <trips-on-your-doorstep/>
    <warwickshire-by-bike/>
    <bournemouth-seaside-resort/>
    <lake-district-by-bike/>
    <best-santa-visits-uk-christmas/>
    <great-british-getaways-findhorn/>
    <nottinghamshire-by-bike/>
    <UKs-best-heritage-trails/>
    <great-british-getaways-stroud/>
    <coastal-foraging-seafood-safari-uk/>
    <walking-britain-lost-railways/>
    <best-english-heritage-sites/>
    <glasgow-city-of-art/>
    <britains-happiest-and-friendliest-cities-revealed/>
    <great-british-getaway-stratford-upon-avon/>
    <prehistoric-britain/>
    <stonehenge-100-years/>
    <british-hotels-with-cancer-spa-treatments/>
    <rediscovering-hotel-spa-treatments-after-cancer-diagnosis/>
    <great-british-getaways-norfolk-happisburgh/>
    <best-uk-mazes/>
    <michael-portillo-hidden-history-of-britain/>
    <york-first-world-war-walking-tour/>
    <plaques-for-women/>
    <uk-micro-adventures/>
    <best-modernist-sites-in-britain/>
    <great-british-high-street/>
    <uk-best-winter-moments/>
    <beautiful-villages-an-hour-from-london/>
    <daytripper-wisbech/>
    <the-best-hotels-in-britain-for-walks-coast-countryside/>
    <most-remote-places-furthest-from-roads/>
    <severn-estuary-things-to-do/>
    <best-of-2019/>
    <favourite-queen-anne-fact-and-fiction/>
    <uk-best-tunnels/>
    <best-half-term-breaks-in-the-uk/>
    <uk-secrets-to-discover/>
    <which-country-house-hotel-in-britain-is-right-for-you/>
    <chris-packham-uk-wildlife/>
    <most-romantic-destinations-in-britain/>
    <uk-best-cities-for-eating-out/>
    <the-world-on-your-doorstep/>
    <england-quietest-least-crowded-counties/>
    <best-forest-holidays/>
    <best-uk-escapes/>
    <why-kate-humble-loves-the-uk/>
    <car-free-islands/>
    <yarmouth-the-next-st-tropez/>
    <wild-ruins-prehistoric-britain/>
    <best-road-trips/>
    <os-maps-walking-routes/>
    <stay-in-a-gatehouse/>
    <beautiful-british-pilgrimages/>
    <starry-skies/>
    <battle-of-britain-lakes-vs-peaks/>
    <hidden-secrets-of-britains-waterways/>
    <britains-best-tourist-attraction/>
    <happiest-places-in-britain/>
    <best-wildlife-experiences-britain/>
    <national-parks-quiz/>
    <easter-family-walks/>
    <best-hotel-gardens-britain/>
    <britains-best-walks/>
    <book-it-four-of-the-best-self-catering-staycations-hotels/>
    <suffolk-may-bank-holiday/>
    <first-review-of-the-new-p150m-caledonian-sleeper-train/>
    <thankful-villages-war-dead/>
    <guide-to-uk-history-attractions/>
    <robert-macfarlane-interview-underland/>
    <lacock-england-most-famous-village/>
    <cromer-norfolk-great-british-getaway/>
    <britains-best-islandeering/>
    <uk-mystical-rivers-severn/>
    <cleanest-beaches-england-blue-flag-seaside-awards/>
    <bronze-age-britain/>
    <britains-best-secrets-gardens/>
    <farmers-of-instagram/>
    <britains-best-castles/>
    <_x0037_0-years-of-national-parks/>
    <d-day-in-the-uk/>
    <uk-best-short-film-festivals/>
    <wild-camping-project-collapse-how-to-camp/>
    <luxury-guide-to-britains-best-gardens/>
    <britains-best-theatres/>
    <which-best-and-worst-seaside-towns/>
    <rainy-day-britain/>
    <how-os-maps-were-brought-to-the-masses/>
    <best-vineyards-in-britain/>
    <your-favourite-villages-hour-from-london/>
    <walks-country-close-to-london/>
    <best-train-holidays-in-the-uk/>
    <best-surf-spots-in-britain/>
    <residential-streets-being-ruined-by-instagram/>
    <underrated-uk-summer/>
    <devizes-wiltshire-weekend-guide/>
    <best-british-beaches-guide-summer-holidays/>
    <the-best-trail-runs-in-the-british-isles/>
    <everybody-yurts/>
    <river-holidays-britain/>
    <changing-cities-victorian-then-now-animations/>
    <book-it-four-fabulous-hotels-great-escape-uk/>
    <forget-oxford-and-cambridge-norwich-visit-underrated-university-cities/>
    <things-to-do-uk-august-bank-holiday-weekend-monday/>
    <alderney-new-ferry-what-to-do-see-stay/>
    <kate-humble-slimbridge-wildfowl-wetlands-trust-birdwatching/>
    <britain-industrial-ruins/>
    <downton-britains-best-stately-stays/>
    <strawberry-fields-visit-liverpool-beatles/>
    <christmas-lights-switch-on-2019-uk-dates-near-me-scotland/>
    <best-santas-grottos-uk-2020-family-events-where-father-christmas/>
    <where-watch-rugby-world-cup-final-2019-best-pubs-uk-london-manchester/>
    <britains-best-national-parks/>
    <budget-hotels-uk/>
    <britains-best-retro-adventures/>
    <m1-motorway-best-stops/>
    <best-rail-upgrade-britain/>
    <holiday-money-diaries-wedding-weekend-norwich-norfolk/>
    <relics-of-egyptomania-you-can-still-see-in-britain/>
    <fa-cup-first-round-lower-league-grounds/>
    <british-airways-fuel-tankering/>
    <british-airbnbs-surprising-history/>
    <uk-literary-breaks/>
    <bideford-devon-travel-guide/>
    <cutty-sark-greenwich-maritime-museum/>
    <mariella-frostrup-river-cottage/>
    <dog-friendly-holidays-hotel-cottages/>
    <hotel-advent-calendar-countdown/>
    <woking-what-to-see-and-do-pizza-express/>
    <britain-little-castles/>
    <_x0031_2-stays-of-christmas-hotels/>
    <foodie-sleepovers-restaurants-rooms-uk-hotels/>
    <huntingdonshire-lost-county/>
    <padstow-cornwall-what-to-see-and-do/>
    <best-breakfasts-uk-hotels/>
    <early-photographs-uk-attractions/>
    <the-surprising-origins-of-british-christmas-traditions/>
    <best-cabin-stays-uk-luxury-cosy/>
    <cabin-stay-oak-house/>
    <amazing-places-spend-night-new-years-eve-britain/>
    <best-winter-breaks-uk-holidays-where-stay-things-do/>
    <best-new-uk-hotel-openings/>
    <forgotten-corners-of-britain-you-should-visit-in-2020/>
    <hexham-britain-happiest-town/>
    <cumberland-lost-county/>
    <stories-britain-forgotten-eeriest-theme-parks/>
    <surprising-british-cities/>
    <best-national-trust-properties-near-motorways/>
    <national-trust-125-years/>
    <holiday-money-diaries-britain-best-gastropub/>
    <kayaking-britain-england-berkshire/>
    <teignmouth-beach-network-rail/>
    <regency-britain/>
    <party-houses-winter-britain-scotland-england/>
    <petersfield-uk-what-to-do/>
    <dawn-of-a-new-brighton-belle-epoch/>
    <britains-best-hotels-georgian-houses/>
    <bury-st-edmunds-daytripper-see-and-do/>
    <banbury-hs2-daytripper/>
    <boat-holidays-family-england/>
    <uk-countryside-best-choice-julia-bradbury/>
    <weird-wonderful-british-museum-stories/>
    <where-to-see-spring-cherry-blossom-in-britain/>
    <wye-valley-britain-250-years/>
    <a-wild-camping-adventure-in-the-lake-district/>
    <camp-vc-london/>
    <bookham-surrey-daytripper/>
    <norfolk-wildlife-spectacle-seals/>
    <coronavirus-easter-uk-hotels-best-deals/>
    <uk-best-culture-holidays/>
    <remote-britain-holidays/>
    <stoke-on-trent-crap-town-visit/>
    <a-last-uk-holiday-hurrah-in-sunny-eastbourne/>
    <self-isolating-narrowboat-canal-life/>
    <liverpool-lose-world-heritage-status/>
    <travels-in-self-isolation-on-my-narrowboat/>
    <south-west-coronavirus-tourism-impact/>
    <coronavirus-airbnb-holiday-bookings-reckless/>
    <cycling-on-lockdown/>
    <observations-great-and-small-in-self-isolation-on-my-narrowboat/>
    <london-green-corridor/>
    <halfterm-holiday-at-home/>
    <dulwich-lockdown-coronavirus-guidebook/>
    <britain-after-this-is-over/>
    <an-answer-to-overcrowded-parks-is-right-under-our-nose/>
    <the-very-best-of-british/>
    <the-british-attractions-you-have-to-book-a-year-ahead/>
    <narrowboat-lockdown/>
    <slower-pace-life-rediscover-joy-british-flowers/>
    <red-kites-london/>
    <london-night-walk-dickens/>
    <white-storks-uk-reintroduction/>
    <blue-badge-guides-coronavirus/>
    <how-to-make-your-walk-more-interesting/>
    <self-catering-after-covid/>
    <visit-britain-quality-mark/>
    <london-restaurants-refuse-reopen-social-distancing/>
    <exodus-to-the-country/>
    <uk-family-hotels-booking-surge-end-lockdown/>
    <royles-reunited-to-go-back-to-their-roots/>
    <uk-budget-hotels-will-be-first-to-reopen/>
    <confusion-from-tourist-boards-after-recent-advice/>
    <uk-destination-restaurants-reopen-july-look-radically-different/>
    <airbnb-hosts-lockdown-communication/>
    <canal-lockdown-eased/>
    <british-traditional-seaside-resorts-boost-after-lockdown/>
    <brighton-stay-away-coronavirus/>
    <best-wild-remote-self-catering-breaks-uk/>
    <lesser-visited-seaside-towns-to-discover-this-weekend/>
    <amazing-hotel-breakfast-recipes-uk/>
    <design-new-country-house-hotel-uk-coronavirus/>
    <forget-cornwall-visit-morecambe/>
    <camping-after-lockdown/>
    <landmark-trust-reopening-july/>
    <ordnance-survey-uk-top-walking-destinations-lockdown/>
    <isle-of-wight-hotel-owner-needs-tourists-not-stay-away/>
    <filey-what-to-see-and-do/>
    <best-summer-holiday-uk-breaks-britain-staycation/>
    <best-scenic-drives/>
    <uk-holiday-spots-like-somewhere-else/>
    <best-uk-hotels-open-coronavirus-rules-guidelines-covid/>
    <accessible-walks/>
    <best-dog-friendly-breaks/>
    <campsites-may-not-reopen-summer-no-government-advice/>
    <pig-hotels-announce-reopening-coronavirus/>
    <best-uk-beach-holidays-summer-2021/>
    <back-to-nature-uk-holidays-summer-2020/>
    <best-quirky-uk-holidays-summer/>
    <best-uk-family-activity-holidays-summer-2020/>
    <uk-summer-holiday-tips-2020/>
    <best-uk-local-holidays-summer-2020/>
    <bath-announces-plans-to-reopen-to-tourists/>
    <uk-activity-holidays-2020-summer/>
    <luxury-uk-holiday-2020/>
    <uk-hospitality-sector-no-promised-national-guidance/>
    <butlins-changed-britain/>
    <locals-stone-circles-summer-solstice-instead-stone-henge/>
    <we-must-resist-orwellian-pub-rules-and-be-more-like-sweden/>
    <only-guest-four-seasons-park-lane/>
    <best-secret-beaches-uk/>
    <the-heritage-rail-operators-getting-back-on-track/>
    <uk-bike-rides/>
    <boutique-hotels-b-and-b-exclusive-use-rentals/>
    <_x0032_0-amazing-ways-to-enjoy-the-british-seaside-this-summer/>
    <COPY-when-will-uk-hotels-reopen-calendar/>
    <country-house-hotels-cottages-private-rentals/>
    <brighton-war-on-seaside-litter/>
    <where-telegraph-travel-experts-holidays-uk-summer/>
    <cornwall-holidays-rules-summer/>
    <best-family-beaches/>
    <day-out-windsor-uk-tourism/>
    <go-ape-covid-visit/>
    <perfect-time-for-city-break/>
    <britains-best-hotels-with-outdoor-pools/>
    <glamping-sites-you-can-book-now-post-lockdown-staycation/>
    <can-i-book-a-massage-and-facial-now-spa-hotels/>
    <how-to-incredible-diving-holiday-uk-waters/>
    <inside-the-reopened-westminster-abbey/>
    <boris-johnson-staycation-summer-recess/>
    <guided-walking-tours-return-britain-coronavirus-lockdown-domestic-tourists/>
    <best-british-summer-city-breaks/>
    <uk-airport-covid-19-testing-quarantine/>
    <torquay-b-and-b-best-in-world/>
    <finding-wanderland/>
    <postcard-from-salisbury/>
    <brighton-beach-crowds/>
    <sleeping-under-the-stars/>
    <alternatives-to-cornwall/>
    <wild-camping-ban-shows-a-complete-lack-of-understanding/>
    <pilgrimage-glastonbury-water-way/>
    <post-lockdown-canal-holidays-in-the-uk/>
    <weekend-in-norfolk-appleton-water-tower/>
    <salcombe-southport-seaside/>
    <a-postcard-from-torquay/>
    <the-secrets-of-essex/>
    <the-best-of-wild-britain/>
    <road-trip-luxury-family-hotels-south-west/>
    <postcard-from-brighton-how-crowded/>
    <blackpool-vs-brighton-covid-summer/>
    <rock-pools-home-schooling-uk-holiday/>
    <uk-holidays-how-to-speedboat-driving-licence/>
    <shropshire-uncrowded-uk-holiday/>
    <dartmoor-horse-riding-uk-travel/>
    <east-coast-england-beaches-seaside/>
    <what-its-like-stay-center-parcs/>
    <autumn-holidays-in-britain-2020/>
    <bob-marleys-britain-how-uk-helped-make-reggae-artist-icon/>
    <best-uk-breaks-for-october-half-term/>
    <what-a-week-at-center-parcs-taught-me-about-staycations/>
    <the-ultimate-grand-tour-of-britain/>
    <world-hotels-in-britain/>
    <rule-of-six-devastating-uk-travel-industry/>
    <uk-islands-for-a-perfect-autumn-escape/>
    <mid-week-deals-hotels-britain/>
    <jimi-hendrix-uk-london/>
    <last-minute-self-catering-deals/>
    <uk-autumn-road-trips/>
    <surrey-misunderstood/>
    <stay-away-uk-holidays/>
    <britain-farthest-corners-where-to-visit-staycation-england-scotland-wales-cornwall/>
    <grand-tour-of-britain-greatest-country-house-hotels/>
    <romantic-camping-breaks-around-britain/>
    <five-beautiful-corners-of-britain-that-really-need-you-to-visit/>
    <best-uk-autumn-forest-walks/>
    <uk-holiday-calendar-great-breaks-next-six-months-autumn-winter/>
    <glamping-autumn-united-kingdom-cabins-tents-yurts/>
    <general-manager-favourite-hotel-rooms-uk-lockdown/>
    <shetland-to-isles-of-scilly-introduction/>
    <british-hotels-creative-curfews-cocktails-room-service/>
    <best-uk-staycations-on-water-canal-holidays-sailing-paddleboarding/>
    <britain-by-bike-simon-parker-shetland/>
    <britain-by-bike-shetland/>
    <staycation-surprises-in-england-and-wales/>
    <cider-cycling-herefordshire/>
    <escape-lockdown-last-minute-holidays-quiet-corners-england-scotland/>
    <best-secret-gardens-in-uk-for-autumn/>
    <COPY-TIER-2-RULES-best-uk-hotels-open-coronavirus-rules-guidelines-covid/>
    <britain-by-bike-remote-scotland/>
    <hardy-wessex-on-foot-walking-holiday/>
    <LOCKDOWN-VERSION-best-uk-hotels-open-coronavirus-rules-guidelines-covid/>
    <why-now-is-the-time-to-book-a-home-cation/>
    <best-benches-in-britain/>
    <_x0032_020-britain-hotels/>
    <hattie-garlick-uk-best-family-hotels-2021-wish-list/>
    <inside-britain-s-stately-homes-in-lockdown/>
    <best-uk-family-hotels-kids-grandparents/>
    <best-country-house-hotels-by-sea-britain/>
    <post-lockdown-hotel-tribes-where-to-stay/>
    <uk-best-secret-remote-beaches/>
    <best-seaside-beach-hotels-uk/>
</jcr:root>
