<?xml version="1.0" encoding="UTF-8"?>
<jcr:root xmlns:cq="http://www.day.com/jcr/cq/1.0" xmlns:jcr="http://www.jcp.org/jcr/1.0" xmlns:rep="internal"
    jcr:mixinTypes="[rep:AccessControllable]"
    jcr:primaryType="cq:Page">
    <jcr:content/>
    <adapt-business-to-reap-reward/>
    <resilience/>
    <application/>
    <a-history-of-cybersecurity-threats/>
    <shocking-cost-of-business-waste-in-uk/>
    <how-future-tech-can-boost-business/>
    <mobile-business-what-to-do-if-device-goes-missing/>
    <todays-mobile-workforce-any-time-any-place/>
    <protecting-against-security-threat/>
    <shared-services/>
    <machine-learning/>
    <energy-cost-of-inefficient-it/>
    <smarter-printers/>
    <demise-of-the-it-department/>
    <insider-threats/>
    <technological-considerations-for-smes/>
    <mobile-business-security/>
    <benefits-of-switching-to-an-it-service/>
    <who-is-best-in-your-business/>
    <the-future-of-flexible-working/>
    <helping-it-meet-its-huge-targets/>
    <security-dangers/>
    <how-to-replace-a-legacy-system/>
    <workflow-management/>
    <robots-taking-human-jobs/>
    <secure-send-slashes-transport-costs/>
    <recording-workflow-data/>
    <stem-skills-shortfall/>
    <protecting-customer-data-from-cybercrime/>
    <cloud-computing/>
    <data-security/>
    <cio-project-management/>
    <businesses-bigger-it-budgets/>
    <decline-desktop-business/>
    <documentation-paperless-world/>
    <managed-print-services/>
    <business-implications-for-data-analytics/>
    <third-party-security-responsibility/>
    <choosing-cloud-package-for-your-business/>
    <cios-important-organisation/>
    <desktop-file-dead/>
    <stem-to-steam/>
    <_x0038_-old-ways-working-seem-crazy-today/>
    <cost-control-future-proofs-business/>
    <benefits-of-informal-social-networks/>
    <the-future-of-24-7-business/>
    <how-businesses-are-wasting-time-and-resources/>
    <benefits-of-global-workflow-management-systems/>
    <collaborating-with-external-partners/>
    <seeing-future-in-technology/>
    <financial-benefits-of-going-digital/>
    <what-is-a-digital-ecosystem/>
    <what-gdpr-means-for-your-business/>
    <when-outsource-when-stay-in-house/>
    <work-securely-between-two-businesses/>
    <eu-us-privacy-shield-implications/>
    <benefits-of-a-hybrid-cloud/>
    <benefits-of-energy-saving-measures/>
    <wearable-technology-business/>
    <boost-diversity-in-tech-industry/>
    <technologies-help-reduce-carbon-footprint/>
    <backing-up-work-in-paperless-world/>
    <tech-trends-to-revolutionise-CIO-role/>
    <wireless-technology-attracts-best-staff/>
    <future-of-wireless-technology/>
    <protect-business-software/>
    <How-to-share-information-securely/>
    <are-you-paying-enough-attention-cyber-security/>
    <technology-updates/>
    <small-business-tools/>
    <technology-and-work-life-balance/>
    <millennials-in-the-workplace/>
    <staff-training-developments/>
    <new-technology-adoption/>
    <how-small-businesses-can-invest-in-productivity/>
    <work-from-home/>
    <agile-or-unstructured/>
    <small-business-it-solutions/>
    <how-to-start-a-successful-restaurant/>
    <growing-a-discount-luxury-holidays-business/>
    <what-is-digital-transformation/>
    <digital-business-skills/>
    <digital-transformation-strategy/>
    <investing-in-new-technology/>
    <cio-vs-cto/>
    <building-an-online-community/>
    <trusted-dating-app/>
    <what-is-knowledge-management/>
    <healthy-powdered-food/>
    <sustainable-technology-at-work/>
    <retail-technology/>
    <secure-print-technology/>
    <business-equipment-leasing/>
    <digital-transformation-uk/>
    <designer-homeware/>
    <classic-british-sports-cars/>
    <artificial-intelligence-in-business/>
    <vegan-food-delivery/>
    <cyber-security-strategy/>
    <in-demand-technical-skills/>
    <smaller-firms-lag-behind-on-innovation/>
    <digitised-medical-records/>
    <digital-technology-benefits/>
    <what-is-devops/>
    <mobile-payments/>
    <instant-messaging-apps/>
    <voice-search/>
    <cyber-security-tips/>
    <digital-transformation-challenges/>
    <digital-collaboration-tools/>
    <cyber-attack-business-protection/>
    <business-collaboration/>
    <security/>
    <workflow/>
    <reliability/>
    <productivity/>
    <cost-efficiency/>
    <sustainability/>
    <coffee-shop-confessions/>
    <artificial-intelligence-companies-transformation/>
    <uk-business-challenges-2019-2020/>
    <benefits-of-technology-in-business/>
    <create-a-positive-workplace-culture/>
    <businesses-support-local-communities/>
    <uk-services-sector-growth/>
    <why-corporate-social-responsibility-is-important/>
    <building-brand-trust-through-social-media/>
    <in-house-training-programme/>
    <future-proof-your-workforce/>
    <cybersecurity-for-businesses/>
    <digital-transformation/>
    <technologies-that-will-impact-business-2020/>
    <marketing-trends-to-impact-business-2020/>
    <lateral-thinking-in-crisis/>
    <coronavirus-survival-guide-for-small-businesses/>
    <post-covid-plan/>
    <safe-video-conferencing/>
    <post-covid-priorities/>
    <post-covid-technology/>
    <digital-health-future/>
    <post-covid-sustainability-wellbeing/>
    <nhs-tech-updates-2020/>
    <save-money-on-bills/>
    <post-covid-cost-efficiency/>
    <ukca-marking-for-goods/>
</jcr:root>
