<?xml version="1.0" encoding="UTF-8"?>
<jcr:root xmlns:cq="http://www.day.com/jcr/cq/1.0" xmlns:jcr="http://www.jcp.org/jcr/1.0" xmlns:rep="internal"
    jcr:mixinTypes="[rep:AccessControllable]"
    jcr:primaryType="cq:Page">
    <catawiki-auctions/>
    <jcr:content/>
    <application/>
    <artists/>
    <what-to-see/>
    <reviews/>
    <architecture/>
    <footage-shows-masters-at-work/>
    <brian-sewell/>
    <london-culture/>
    <creative-bravery/>
    <video/>
    <barnebys-auctions/>
    <online-auctions/>
    <bauhaus-design-art-movement-centenary/>
    <_x0030_/>
</jcr:root>
