<?xml version="1.0" encoding="UTF-8"?>
<jcr:root xmlns:sling="http://sling.apache.org/jcr/sling/1.0" xmlns:cq="http://www.day.com/jcr/cq/1.0" xmlns:jcr="http://www.jcp.org/jcr/1.0" xmlns:nt="http://www.jcp.org/jcr/nt/1.0"
    jcr:primaryType="cq:Page">
    <jcr:content
        cq:designPath="/etc/designs/telegraph/core"
        cq:lastModified="{Date}2021-09-21T14:07:48.586Z"
        cq:lastModifiedBy="banerjeer"
        cq:tags="[structure:culture,structure:art/artists,structure:art,storytype:recipe]"
        cq:template="/apps/telegraph/core/commons/templates/articleTemplate"
        jcr:primaryType="cq:PageContent"
        jcr:title="Looting dummy headline"
        sling:resourceType="telegraph/core/commons/renderers/articleRenderer"
        articleType="general"
        authoringUniqueId="4d25f9d1-1ae5-11ec-811d-06813a5dfefa"
        commentingOn="{Boolean}true"
        evergreen="{Boolean}false"
        headlineAndUrlAreLinked="{Boolean}true"
        holdStatus="{Boolean}false"
        pageId="Axyqs1LVCTlY"
        premiumContent="{Boolean}true"
        premiumStatusOverride="{Boolean}false"
        transformedDate="{Date}2022-03-07T11:25:57.013Z"
        transformedState="A2-TO-A3">
        <content
            jcr:primaryType="nt:unstructured"
            sling:resourceType="telegraph/core/commons/components/article">
            <social
                jcr:primaryType="nt:unstructured"
                sling:resourceType="telegraph/core/commons/components/socialSharing/v1/socialSharing"
                autoCloneDisabled="false"
                facebookShareEnable="true"
                iconOrdering="[Facebook,Twitter]"
                pluginJson="\{}"
                socialCounters="inherit"
                stickyDisabled="true"
                twitterShareEnable="true"/>
            <headline
                jcr:primaryType="nt:unstructured"
                sling:resourceType="telegraph/core/commons/components/headline/v1/headline"
                headline="Looting dummy headline"/>
            <standfirst
                jcr:primaryType="nt:unstructured"
                sling:resourceType="telegraph/core/commons/components/standfirst/v1/standfirst"/>
            <authorPath
                jcr:primaryType="nt:unstructured"
                sling:resourceType="telegraph/core/commons/components/byline/v1/byline"/>
            <articleDate
                jcr:primaryType="nt:unstructured"
                sling:resourceType="telegraph/core/commons/components/articleDate/v1/articleDate"/>
            <paragraph
                jcr:primaryType="nt:unstructured"
                sling:resourceType="telegraph/core/commons/components/paragraph">
                <par
                    jcr:primaryType="nt:unstructured"
                    sling:resourceType="foundation/components/parsys">
                    <component
                        jcr:primaryType="nt:unstructured"
                        sling:resourceType="telegraph/core/commons/components/articleBodyText/v1/articleBodyText"
                        articleBodyText=""
                        dropCap="true"/>
                </par>
            </paragraph>
            <tagContent
                jcr:primaryType="nt:unstructured"
                sling:resourceType="telegraph/core/commons/components/paragraph">
                <par
                    jcr:primaryType="nt:unstructured"
                    sling:resourceType="foundation/components/parsys"/>
            </tagContent>
            <tagContentBottom
                jcr:primaryType="nt:unstructured"
                sling:resourceType="telegraph/core/commons/components/paragraph">
                <par
                    jcr:primaryType="nt:unstructured"
                    sling:resourceType="foundation/components/parsys">
                    <listOfTags
                        jcr:primaryType="nt:unstructured"
                        sling:resourceType="telegraph/core/commons/components/listOfTags/v1/listOfTags"
                        heading="Related Topics"
                        limit="20"
                        showPageTags="true"/>
                </par>
            </tagContentBottom>
            <comment
                jcr:primaryType="nt:unstructured"
                sling:resourceType="telegraph/core/commons/components/comment/v1/comment"/>
        </content>
        <articlehero
            jcr:primaryType="nt:unstructured"
            sling:resourceType="foundation/components/parsys">
            <leadAsset
                jcr:primaryType="nt:unstructured"
                sling:resourceType="telegraph/core/commons/components/leadAsset/v1/leadAsset"
                disableLazyLoad="{Boolean}false"
                layout="small">
                <image
                    jcr:primaryType="nt:unstructured"
                    sling:resourceType="foundation/components/image"/>
            </leadAsset>
        </articlehero>
    </jcr:content>
</jcr:root>
