<?xml version="1.0" encoding="UTF-8"?>
<jcr:root xmlns:cq="http://www.day.com/jcr/cq/1.0" xmlns:jcr="http://www.jcp.org/jcr/1.0" xmlns:rep="internal"
    jcr:mixinTypes="[rep:AccessControllable]"
    jcr:primaryType="cq:Page">
    <jcr:content/>
    <application/>
    <hotels/>
    <africa/>
    <antarctica/>
    <asia/>
    <caribbean/>
    <central-america/>
    <europe/>
    <middle-east/>
    <north-america/>
    <oceania/>
    <south-america/>
    <indian-ocean/>
    <best-fashion-shops-in-worlds-most-fashionable-cities/>
    <worldwide-tours/>
    <european-worldwide-ocean-cruises/>
    <worldwide-holidays1/>
    <worldwide-cruises/>
    <worldwide-holidays/>
    <test/>
    <landing-pages/>
    <worldwide-river-cruises/>
    <worldwide-ocean-cruises/>
    <winter-breaks/>
    <destination-guides-48-hours-ghost/>
    <where-have-you-been/>
    <three-winter-sun-destinations-just-came-back-menu/>
    <countries-ditching-budget-travellers-favour-super-rich/>
    <surprising-places-still-have-draconian-restrictions-place/>
    <learnt-rollerblading-length-country-day/>
    <_x0031_6-winter-sun-holidays-red-sea/>
    <europes-forgotten-city-has-suddenly-fallen-spotlight/>
    <planning-holiday-satisfying-real-thing/>
    <ditched-mum-george-clooney-wouldnt-do/>
    <plan-b-can-just-good-plan-comes-travel/>
    <midlife-adventure-safari-scotland-europe-active-holidays-2022/>
    <ambitious-travel-projects-never-happened/>
    <red-jacket-travel-attire-choice/>
    <testing-confusion-seeing-airlines-wrongly-turn-away-travellers/>
    <age-travel-bans-explorers-supposed-do-cant-explore/>
    <five-city-breaks-take-advantage-pre-departure-testing-loophole/>
    <looking-winter-sun-15-best-places-visit-january/>
    <chrexit-plans-have-scuppered-covid/>
    <four-fabulous-party-hotels-put-sparkle-2022/>
    <learnt-truth-wizz-air-flight-attendant-talent-show-style-recruitment/>
    <masks-planes-forever-ludicrous-travesty-would/>
    <worst-holiday-life-featuring-seasickness-hallucinations-determined/>
    <favourite-holiday-destinations-have-changed-2021/>
    <find-new-favourite-destination-10-holiday-swaps/>
    <favourite-holiday-destinations-have-changed-2021-part-2/>
    <favourite-holiday-destinations-changed-2021/>
    <favourite-holiday-destinations-have-changed-2021-part-3/>
    <choose-right-spa/>
    <x/>
    <brixton-berlin-visit-places-shaped-david-bowies-life/>
    <could-exciting-day-british-travellers-ever/>
    <affordable-travel-trend-shining-new-light-city-breaks/>
    <_x0032_5-facts-prove-australia-worlds-peculiar-place/>
    <australia-day-2022-interesting-facts-controversy-landmarks-activities/>
    <finally-time-book-holiday-friends-get-right/>
    <time-throw-beach-towel-just-holiday-britain/>
    <ignore-middle-class-naysayers-fly-and-flop-holidays-have-never/>
    <mystery-stratford-lad-shakespeare-knew-much-world/>
    <sixties-greatest-era-travel/>
    <seventies-greatest-decade-travel/>
    <best-decade-travel-eighties-great-time-young-have-fun/>
    <off-the-cuff-adventures-nineties-last-golden-era-independent/>
    <cheap-and-cheerful-noughties-greatest-decade-travel/>
    <paradise-lost-pre-covid-decade-greatest-travellers/>
    <x1/>
    <ranked-rated-new-jubilee-cities-really-deserves-title/>
    <second-home-holiday-have-enriched-british-towns-not-ruined/>
    <wizz-air-cancelled-flight-50-minutes-take-off-had-no-crew/>
    <evidence-shows-france-better-britain-summer-holiday/>
    <best-top-alternatives-mediterranean-beach-overcrowded-destinations-holiday-summer-2022/>
    <travel-chaos-just-bad-europe-could-impact-holiday/>
    <psychology-booking-holiday-how-getting-wrong-could-ruin-trip/>
    <can-learn-grandparents-did-staycations/>
    <place-britain-elvis-ever-visited-why-didnt-even-stay-night/>
    <how-travel-world-free-summer-homeowner/>
    <_x0032_0-destinations-offer-strongest-safeguard-against-flight-cancellations/>
    <europes-best-under-the-radar-beach-breaks-no-hire-car-needed/>
    <superhost-st-ives-why-does-no-one-want-rent-airbnb/>
    <holiday-return-feeling-20-years-younger/>
    <revealed-surprisingly-expensive-travel-experiences-ones-cost/>
    <best-underrated-beach-holidays-greece-cheaper-price-alternative-summer-2022/>
    <_x0031_0-british-islands-just-beautiful-med-none-airport-chaos/>
    <_x0031_0-places-deliver-ultimate-holiday-combination-sun-sea-summits/>
    <how-covid-crisis-changed-holiday-wish-list/>
    <best-country-visit-travel-world-holiday-restaurant-things-to-do/>
    <_x0032_0-beautiful-places-last-minute-holiday-aegean-coast/>
    <beautiful-countries-earth-according-telegraph-readers/>
    <not-animals-should-afraid-amazon-people/>
    <loss-chinese-tourists-devastating-destinations-bangkok-bicester/>
    <rail-journeys-telegraph-readers-will-never-forget/>
    <why-spending-winter-abroad-could-answer-soaring-utility-bills/>
    <couldnt-get-appointment-uk-dentist-flew-nepal-get-five-fillings/>
    <mortars-missiles-ukraine-no-longer-faze-can-conquer-fear-sharks/>
    <what-900-days-without-outsiders-does-remote-island-residents/>
    <best-county-england-readers-say-devon-dorset-north-yorkshire/>
    <beginners-hiking-holidays-thrills-none-threats-everest/>
    <gruesome-true-story-behind-first-circumnavigation-globe/>
    <anxious-travelling-adhd-how-coped/>
    <how-james-bond-changed-way-travel-forever/>
    <himalayas-turmoil-why/>
    <ultimate-month-by-month-no-fly-holiday-guide/>
    <what-like-cycle-western-front-knowing-uncles-dug-trenches/>
    <_x0031_0-abandoned-railway-stations-europe-fascinating-histories/>
    <_x0031_6-coolest-neighbourhoods-europe-where-stay/>
    <psychology-why-island-holidays-make-happier/>
    <best-places-winter-sun-according-telegraph-readers/>
    <naked-selfies-5000-metres-welcome-new-dawn-mountain-wi-fi/>
    <how-queen-victoria-started-trend-holidays-1950s/>
    <rep:policy/>
</jcr:root>
