<?xml version="1.0" encoding="UTF-8"?>
<jcr:root xmlns:cq="http://www.day.com/jcr/cq/1.0" xmlns:jcr="http://www.jcp.org/jcr/1.0"
    jcr:primaryType="cq:Page">
    <jcr:content/>
    <claris-hotel-barcelona/>
    <mandarin-oriental-barcelona-hotel/>
    <w-barcelona-hotel/>
    <hotel-banys-orientals/>
    <hotel-omm/>
    <chic-and-basic-born-hotel/>
    <villa-emilia-hotel/>
    <renaissance-barcelona-hotel/>
    <h10-casanova-hotel/>
    <catalonia-portal-de-l-angel-hotel/>
    <ciutat-de-barcelona-hotel/>
    <hotel-pulitzer/>
    <hotel-market/>
    <melia-barcelona-sarria-hotel/>
    <the-serras-hotel/>
    <ohla-hotel/>
    <cotton-house-hotel/>
    <murmuri-hotel/>
    <mercer-hotel-barcelona/>
    <hotel-1898/>
    <alma-hotel/>
    <hotel-majestic/>
    <hotel-neri/>
    <grand-hotel-central/>
    <hotel-espana/>
    <hotel-arts/>
    <Hotel-Jazz/>
    <Room-Mate-Emma-hotel/>
    <Hotel-Duquesa-de-Cardona/>
    <praktik-garden-hotel/>
    <le-meridien-barcelona-hotel/>
    <hotel-barcelona-catedral/>
    <hotel-bagues/>
    <casa-camper-barcelona-hotel/>
    <el-palace-hotel-barcelona/>
    <casa-gracia-hotel/>
    <casa-bonay-hotel/>
    <melia-barcelona-hotel/>
    <hotel-casa-fuster/>
    <granados-eighty-three-hotel/>
    <hotel-margot-house/>
    <teatro-hostel-hotel/>
    <hotel-cram/>
    <musik-boutique-hotel/>
    <chic-and-basic-ramblas-hotel/>
    <hotel-anakena-house/>
    <pensio-two-thousand-hotel/>
    <pullman-barcelona-skipper-hotel/>
    <room-mate-carla-hotel/>
    <margot-house-hotel/>
    <room-mate-anna-hotel/>
    <the-wittmore-hotel/>
    <monument-hotel/>
    <soho-house-barcelona-hotel/>
    <k-k-hotel-picasso/>
    <alexandra-barcelona-hotel/>
    <gran-hotel-la-florida/>
    <b-hotel/>
    <mambo-tango-hostel/>
    <equity-point-centric-hostel/>
    <meeting-point-hostels/>
    <ohla-eixample-hotel/>
    <h10-cubik-hotel/>
    <kabul-party-hostel-hotel/>
    <generator-hostel-barcelona-hotel/>
    <casa-kessler-barcelona-hostel-hotel/>
    <mare-de-deu-de-montserrat-hostel-hotel/>
    <itaca-hostel-hotel/>
    <od-barcelona-hotel/>
    <praktik-vinoteca-hotel/>
    <nh-hesperia-barcelona-presidente-hotel/>
    <nh-collection-barcelona-gran-hotel-calderon/>
    <nh-collection-barcelona-podium-hotel/>
    <fairmont-rey-juan-carlos-i-hotel/>
    <el-avenida-palace-hotel/>
    <yurbban-passage-hotel/>
    <el-palauet-living-barcelona-hotel/>
    <yurbban-trafalgar-hotel/>
    <room-mate-gerard-hotel/>
    <primero-primera-hotel/>
    <the-one-barcelona-hotel/>
    <almanac-barcelona-hotel/>
    <h10-metropolitan-hotel/>
    <h10-casa-mimosa-hotel/>
    <motel-one-barcelona-ciutadella-hotel/>
    <h10-madison-hotel/>
    <sofia-barcelona-hotel/>
    <retrome-barcelona-hotel/>
    <hotel-praktik-essens/>
    <nobu-hotel-barcelona/>
    <hotel-brummell/>
    <kimpton-vividora-hotel/>
</jcr:root>
