<?xml version="1.0" encoding="UTF-8"?>
<jcr:root xmlns:tmg="http://schema.telegraph.co.uk/" xmlns:sling="http://sling.apache.org/jcr/sling/1.0" xmlns:cq="http://www.day.com/jcr/cq/1.0" xmlns:jcr="http://www.jcp.org/jcr/1.0" xmlns:nt="http://www.jcp.org/jcr/nt/1.0"
    jcr:primaryType="cq:Page">
    <jcr:content
        cq:designPath="/etc/designs/telegraph/core"
        cq:lastModified="{Date}2022-01-06T07:20:58.155Z"
        cq:lastModifiedBy="curtisb"
        cq:tags="[topics:people/novak-djokovic,structure:tennis,structure:sport,topics:events/australian-open,storytype:standard]"
        cq:template="/apps/telegraph/core/commons/templates/articleTemplate"
        jcr:primaryType="cq:PageContent"
        jcr:title="dd"
        sling:resourceType="telegraph/core/commons/renderers/articleRenderer"
        tmg:updatePublishTime="{Boolean}true"
        articleType="live"
        authoringUniqueId="1de0ae0a-6ec1-11ec-8c59-06813a5dfefa"
        commentingOn="{Boolean}true"
        evergreen="{Boolean}false"
        headlineAndUrlAreLinked="{Boolean}true"
        holdStatus="{Boolean}false"
        isLive="{Boolean}true"
        liveStreamEnabled="{Boolean}true"
        pageId="AyVfg1r3sDv1"
        premiumContent="{Boolean}false"
        premiumStatusOverride="{Boolean}true"
        refreshInterval="{Long}30"
        transformedDate="{Date}2022-03-07T11:25:57.627Z"
        transformedState="A2-TO-A3">
        <content
            jcr:primaryType="nt:unstructured"
            sling:resourceType="telegraph/core/commons/components/article">
            <social
                jcr:primaryType="nt:unstructured"
                sling:resourceType="telegraph/core/commons/components/socialSharing/v1/socialSharing"
                autoCloneDisabled="false"
                facebookShareEnable="true"
                iconOrdering="[Facebook,Twitter]"
                pluginJson="\{}"
                socialCounters="inherit"
                stickyDisabled="true"
                twitterShareEnable="true"/>
            <headline
                jcr:primaryType="nt:unstructured"
                sling:resourceType="telegraph/core/commons/components/headline/v1/headline"
                headline="dd"/>
            <standfirst
                jcr:primaryType="nt:unstructured"
                sling:resourceType="telegraph/core/commons/components/standfirst/v1/standfirst"/>
            <authorPath
                jcr:primaryType="nt:unstructured"
                sling:resourceType="telegraph/core/commons/components/byline/v1/byline"
                author="[/content/telegraph/authors/t/ta-te/telegraph-sport]"
                authors="[{&quot;author&quot;:&quot;/content/telegraph/authors/t/ta-te/telegraph-sport&quot;\,&quot;role&quot;:&quot;&quot;\,&quot;location&quot;:&quot;&quot;\,&quot;overrideRole&quot;:true\,&quot;overrideLocation&quot;:true}]"
                location="[\0]"
                overrideLocation="{Boolean}[true]"
                overrideRole="{Boolean}[true]"
                role="[\0]"/>
            <articleDate
                jcr:primaryType="nt:unstructured"
                sling:resourceType="telegraph/core/commons/components/articleDate/v1/articleDate"/>
            <paragraph
                jcr:primaryType="nt:unstructured"
                sling:resourceType="telegraph/core/commons/components/paragraph">
                <par
                    jcr:primaryType="nt:unstructured"
                    sling:resourceType="foundation/components/parsys">
                    <component
                        jcr:primaryType="nt:unstructured"
                        sling:resourceType="telegraph/core/commons/components/articleBodyText/v1/articleBodyText"
                        articleBodyText=""
                        dropCap="true"/>
                </par>
            </paragraph>
            <tagContent
                jcr:primaryType="nt:unstructured"
                sling:resourceType="telegraph/core/commons/components/paragraph">
                <par
                    jcr:primaryType="nt:unstructured"
                    sling:resourceType="foundation/components/parsys"/>
            </tagContent>
            <tagContentBottom
                jcr:primaryType="nt:unstructured"
                sling:resourceType="telegraph/core/commons/components/paragraph">
                <par
                    jcr:primaryType="nt:unstructured"
                    sling:resourceType="foundation/components/parsys">
                    <listOfTags
                        jcr:primaryType="nt:unstructured"
                        sling:resourceType="telegraph/core/commons/components/listOfTags/v1/listOfTags"
                        heading="Related Topics"
                        limit="20"
                        showPageTags="true"/>
                </par>
            </tagContentBottom>
            <comment
                jcr:primaryType="nt:unstructured"
                sling:resourceType="telegraph/core/commons/components/comment/v1/comment"/>
        </content>
        <articlehero
            jcr:primaryType="nt:unstructured"
            sling:resourceType="foundation/components/parsys">
            <leadAsset
                jcr:primaryType="nt:unstructured"
                sling:resourceType="telegraph/core/commons/components/leadAsset/v1/leadAsset"
                disableLazyLoad="{Boolean}false"
                layout="small">
                <image
                    jcr:primaryType="nt:unstructured"
                    sling:resourceType="foundation/components/image"/>
            </leadAsset>
        </articlehero>
    </jcr:content>
</jcr:root>
