<?xml version="1.0" encoding="UTF-8"?>
<jcr:root xmlns:cq="http://www.day.com/jcr/cq/1.0" xmlns:jcr="http://www.jcp.org/jcr/1.0" xmlns:rep="internal"
    jcr:mixinTypes="[rep:AccessControllable]"
    jcr:primaryType="cq:Page">
    <jcr:content/>
    <application/>
    <charleston-grand-house-tour/>
    <things-to-do-in-charleston/>
    <ultimate-golf-round-charleston/>
    <best-gardens-in-america/>
    <hilton-head-island-holiday-guide/>
    <best-golf-courses-usa/>
    <texas-holiday-guide/>
    <holidays-in-texas/>
    <best-cycle-routes-usa/>
    <family-holiday-activities-portland/>
    <national-parks-quiz/>
    <food-quiz-true-or-false/>
    <outdoor-activities-for-families/>
    <best-cafes-in-america/>
    <best-wildlife-trips-usa/>
    <best-american-food/>
    <cool-restaurants-texas/>
    <hilton-head-island-pictures/>
    <picturesque-sites-charleston/>
    <america-national-park-pictures/>
    <pictures-charleston-scenery/>
    <pictures-south-carolina/>
    <pictures-fort-myers-sanibel/>
    <pictures-of-austin-texas/>
    <outdoor-holiday-usa-parks/>
    <explore-illinois/>
    <refreshing-holiday-michigan/>
    <food-themed-road-trips/>
    <gardens-in-massachusetts/>
    <best-restaurants-new-york/>
    <best-us-day-trips/>
    <lesser-known-national-parks-usa/>
    <holidays-in-charleston/>
    <reasons-to-visit-the-USA/>
    <beautiful-towns-in-america/>
    <hilton-head-island-holidays/>
    <multi-centre-holidays-usa/>
    <fort-myers-sanibel-holiday/>
    <austin-garden-at-rhs-flower-show/>
    <charleston-garden-at-rhs-flower-show/>
    <oregon-garden-at-rhs-flower-show/>
    <win-rhs-hampton-court-flower-show-tickets/>
    <brand-usa-competition-thank-you-page/>
    <brand-usa-competition-terms-and-conditions/>
    <picture-perfect-nevada/>
    <nevada-sights/>
    <driving-routes-in-nevada/>
    <austin-things-to-do/>
    <things-to-do-in-oregon/>
    <oregon-incredible-sights/>
    <charleston-historic-city/>
    <free-screenings-america-wild/>
    <where-to-visit/>
    <must-visit-destinations-2017/>
    <usa-national-park-service/>
    <denver-art-scene/>
    <best-festivals/>
    <denver-things-to-see/>
    <festival-guide/>
    <minnesota-golf/>
    <minnesota-things-to-see/>
    <florida-best-sunsets/>
    <south-west-florida-sights/>
    <screen-classics/>
    <movie-locations/>
    <colorado-activities/>
    <cool-neighbourhoods/>
    <coolest-neighbourhoods-to-explore/>
    <best-places-to-walk-in-charleston/>
    <best-sights-in-charleston/>
    <usa-themed-gardens-hampton-court-palace-flower-show/>
    <win-tickets-to-hampton-court-palace-flower-show/>
    <thank-you-for-entering-flower-show-prize-draw/>
    <hampton-court-palace-flower-show-prize-draw-terms-conditions/>
    <_x0034_8-hours-in-hilton-head-island/>
    <seven-wonders-of-oregon/>
    <best-places-to-visit-usa/>
    <portland-oregon-bicycle-tours-and-top-sights/>
    <best-public-gardens-usa/>
    <best-american-road-trips/>
    <best-food-and-drink-festivals-usa/>
    <island-hopping-in-florida/>
    <things-to-see-and-do-in-the-florida-islands/>
    <best-things-to-see-in-oregon/>
    <best-islands-on-the-gulf-of-mexico/>
    <what-inspired-oregon-garden-hampton-court-flower-show/>
    <how-to-create-a-moonlight-garden/>
    <charleston-garden/>
    <hottest-winter-sun-destinations/>
    <best-places-to-eat-in-portland/>
    <hidden-foodie-hotspots/>
    <pittsburgh-museums-and-art-galleries/>
    <where-to-spend-winter/>
    <martina-navratilova-road-trips/>
    <best-places-to-go-leaf-peeping/>
    <where-to-celebrate-halloween-and-thanksgiving/>
    <best-autumn-harvest-festivals/>
    <california-central-coast-road-trip/>
    <family-trips-california-central-coast/>
    <family-camping-sites-california-central-coast/>
    <monterey-music-and-art/>
    <big-sur-beautiful-sights/>
    <visit-santa-barbara/>
    <california-by-amtrak-train/>
    <where-to-see-whales-california/>
    <california-self-guided-literary-tour/>
    <santa-barbara-to-monterey-road-trip/>
    <ojai-valley-spiritual-journey/>
    <california-road-trips/>
    <california-central-coast-vineyards/>
    <la-less-travelled-streets/>
    <reasons-to-visit-oakland/>
    <california-central-coast-foodies-guide/>
    <best-art-museums/>
    <a-year-in-festivals-and-landmarks/>
    <evolution-of-music/>
    <baltimore-on-a-plate/>
    <historic-wonders-of-charleston/>
    <fort-myers-and-sanibel/>
    <natural-wonders-of-oregon/>
    <what-to-do-on-hilton-head-island/>
    <charleston-plantation-gardens/>
    <south-carolina-house-and-garden-festivals/>
    <major-music-cities/>
    <adventure-in-oregon/>
    <tips-from-the-royal-horticultural-society/>
    <music-of-oregon/>
    <how-to-experience-charleston/>
    <missouri-the-gateway-to-the-west/>
    <visit-south-carolina/>
    <music-festivals-in-texas/>
    <fort-myers-things-to-do/>
    <charleston-history/>
    <texas-food/>
    <austin-live-music-venues/>
    <missouri-food/>
    <american-midwest-music-history/>
    <deep-south-cuisine/>
    <christian-stevenson-dj-bbq-interview/>
    <american-food-and-music-festivals/>
    <best-places-eat-florida/>
    <greatest-music-cities/>
    <sign-up-for-free-american-event/>
    <stories-of-america/>
    <chicago-attractions-route-66/>
    <history-of-pride/>
    <seattle-cultural-attractions/>
    <denver-things-to-do/>
    <things-to-do-in-the-carolinas/>
    <chicago-music-scene/>
    <chicago-best-districts/>
    <seattle-cultural-experiences/>
    <reno-tahoe-things-to-do/>
    <outdoor-adventures/>
    <new-england-outdoor-activities/>
    <arizona-best-scenery/>
    <alabama-natural-attractions/>
    <best-camping-usa/>
    <southern-states/>
    <win-tickets-to-a-night-of-american-music-with-aloe-blacc/>
    <deep-south-creole-food/>
    <southern-usa-food-trip/>
    <new-york-attractions/>
    <florida-food-guide/>
    <new-york-food-evolution/>
    <california-wine-regions/>
    <los-angeles-wine/>
    <san-francisco-food-and-drink/>
    <oregon-road-trip/>
    <best-cities-to-visit-in-oregon/>
    <how-to-do-vegas-right/>
    <natural-wonders-near-vegas/>
    <road-trips-from-las-vegas/>
    <what-to-do-in-washington-dc-in-3-days/>
    <washington-dc-monuments-walking-guide/>
    <washington-dc-art-galleries/>
    <midwest-road-trip-itinerary/>
    <universal-orlando-resort-theme-parks/>
    <universal-studios-hollywood/>
    <the-wizarding-world-of-harry-potter/>
    <fort-myers-and-sanibel-outdoor-family-attractions/>
    <mississippi-blues-road-trip/>
    <arizona-road-trip/>
    <washington-dc-fly-drive-holidays/>
    <michigan-outdoor-attractions/>
    <idaho-outdoor-activities/>
    <chicago-best-things-to-do/>
    <best-nature-spots-in-seattle/>
    <alaska-cruise-holiday-from-seattle/>
    <london-to-seattle-flights/>
    <seattle-music-art-scene/>
    <seattle-food-and-drink/>
    <san-francisco-luxury-holiday-ideas/>
    <san-francisco-itinerary/>
    <louisiana-things-to-do/>
    <lake-charles-trip/>
    <great-lakes-michigan/>
    <whale-watching-massachusetts/>
    <historic-pennsylvania/>
    <tampa-bay-taste-of-cuba-in-florida/>
    <new-orleans-year-round-destination/>
    <pittsburgh-untapped-holiday-destination/>
    <heritage-and-harvard-in-boston/>
    <what-to-do-in-detroit/>
    <what-to-see-and-do-in-philadelphia/>
    <the-palm-beaches-everglades-and-resorts/>
    <why-you-should-visit-miami-for-the-art/>
    <kentucky-experiences/>
    <rep:policy/>
</jcr:root>
