<?xml version="1.0" encoding="UTF-8"?>
<jcr:root xmlns:cq="http://www.day.com/jcr/cq/1.0" xmlns:jcr="http://www.jcp.org/jcr/1.0" xmlns:rep="internal"
    jcr:mixinTypes="[rep:AccessControllable]"
    jcr:primaryType="cq:Page">
    <jcr:content/>
    <application/>
    <how-to-sleep-better/>
    <how-sleep-impacts-success/>
    <win-a-casper-mattress/>
    <how-to-keep-cool-in-bed/>
    <_x0036_-ways-to-help-you-fall-alseep/>
    <how-to-get-better-sleep/>
    <bedtime-routine-tips-world-sleep-day/>
    <rep:policy/>
</jcr:root>
