<?xml version="1.0" encoding="UTF-8"?>
<jcr:root xmlns:sling="http://sling.apache.org/jcr/sling/1.0" xmlns:cq="http://www.day.com/jcr/cq/1.0" xmlns:jcr="http://www.jcp.org/jcr/1.0" xmlns:mix="http://www.jcp.org/jcr/mix/1.0" xmlns:nt="http://www.jcp.org/jcr/nt/1.0"
    jcr:primaryType="cq:Page">
    <jcr:content
        cq:designPath="/etc/designs/telegraph/core"
        cq:lastModified="{Date}2016-03-22T15:53:54.495Z"
        cq:lastModifiedBy="goddardj"
        cq:template="/apps/telegraph/core/commons/templates/articleTemplate2"
        jcr:description="FILL THIS IN"
        jcr:mixinTypes="[mix:referenceable]"
        jcr:primaryType="cq:PageContent"
        jcr:title="Jeyes article template DO NOT PUBLISH"
        jcr:uuid="d519ab5d-4cb6-493b-9a80-746dfd07fb21"
        sling:resourceType="telegraph/core/commons/renderers/articleRenderer2"
        articleStickyAdsEnabled="false"
        cssClientlib="telegraph-gardening"
        disableAutoTweet="true"
        facebookDescription="FILL THIS IN"
        facebookTitle="FILL THIS IN"
        meterStatus="disabled"
        navTitle="Jeyes outdoors"
        pageId="Alt3zxlb8bWg"
        pageTitle="FILL THIS IN"
        publicationDateOverride="{Date}2016-03-24T09:00:00.000Z"
        sponsoredPageInheritanceMode="inherit_from_parent"
        twitterTitle="FILL THIS IN">
        <content
            jcr:primaryType="nt:unstructured"
            sling:resourceType="telegraph/core/commons/components/article">
            <social
                jcr:lastModified="{Date}2016-03-22T15:51:25.077Z"
                jcr:lastModifiedBy="goddardj"
                jcr:primaryType="nt:unstructured"
                sling:resourceType="telegraph/core/commons/components/socialSharing"
                autoCloneDisabled="false"
                facebookShareEnable="true"
                iconOrdering="[Facebook,Twitter]"
                pluginJson="\{}"
                socialCounters="true"
                stickyDisabled="true"
                twitterShareEnable="true"/>
            <headline
                jcr:primaryType="nt:unstructured"
                sling:resourceType="telegraph/core/commons/components/headline"/>
            <standfirst
                jcr:primaryType="nt:unstructured"
                sling:resourceType="telegraph/core/commons/components/standfirst"/>
            <authorPath
                jcr:primaryType="nt:unstructured"
                sling:resourceType="telegraph/core/commons/components/byline"/>
            <articleDate
                jcr:primaryType="nt:unstructured"
                sling:resourceType="telegraph/core/commons/components/articleDate"/>
            <paragraph
                jcr:primaryType="nt:unstructured"
                sling:resourceType="telegraph/core/commons/components/paragraph">
                <par
                    jcr:primaryType="nt:unstructured"
                    sling:resourceType="foundation/components/parsys">
                    <inlineContent
                        cq:cssClass="version-1"
                        jcr:primaryType="nt:unstructured"
                        sling:resourceType="telegraph/core/commons/components/inlineContent"/>
                </par>
            </paragraph>
            <tagContent
                jcr:primaryType="nt:unstructured"
                sling:resourceType="telegraph/core/commons/components/paragraph">
                <par
                    jcr:primaryType="nt:unstructured"
                    sling:resourceType="foundation/components/parsys">
                    <facebookLike
                        jcr:primaryType="nt:unstructured"
                        sling:resourceType="telegraph/core/commons/components/facebookLike"/>
                    <listOfTags
                        jcr:primaryType="nt:unstructured"
                        sling:resourceType="telegraph/core/commons/components/listOfTags"
                        heading="READ MORE ABOUT:"
                        showPageTags="true"
                        tagsDisplayed="20"/>
                </par>
            </tagContent>
            <liveStream
                jcr:primaryType="nt:unstructured"
                sling:resourceType="telegraph/core/commons/components/liveStream"/>
        </content>
        <articlehero
            jcr:primaryType="nt:unstructured"
            sling:resourceType="foundation/components/parsys">
            <leadAsset
                jcr:primaryType="nt:unstructured"
                sling:resourceType="telegraph/core/commons/components/leadAsset">
                <image
                    jcr:primaryType="nt:unstructured"
                    sling:resourceType="foundation/components/image"/>
            </leadAsset>
        </articlehero>
        <sponsorsLogoImage
            jcr:lastModified="{Date}2016-03-22T15:53:54.479Z"
            jcr:lastModifiedBy="goddardj"
            jcr:primaryType="nt:unstructured"/>
        <image
            jcr:lastModified="{Date}2016-03-22T15:53:54.479Z"
            jcr:lastModifiedBy="goddardj"
            jcr:primaryType="nt:unstructured"
            imageRotate="0"/>
    </jcr:content>
</jcr:root>
