<?xml version="1.0" encoding="UTF-8"?>
<jcr:root xmlns:cq="http://www.day.com/jcr/cq/1.0" xmlns:jcr="http://www.jcp.org/jcr/1.0"
    jcr:primaryType="cq:Page">
    <jcr:content/>
    <application/>
    <the-future-of-electric-fleets/>
    <perfect-company-car/>
    <legislations-affecting-uk/>
    <business-innovation-tips/>
    <greener-way-to-travel/>
    <cars-for-greener-cities/>
    <motorclean-car-valet/>
    <jamie-stevens-hair-salons/>
    <larsson-and-jennings/>
    <kia-business-coaching/>
    <sportage/>
    <avoid-london-ulez-charge/>
    <upgrading-it-systems/>
    <how-to-fix-modern-car/>
    <larsson-and-jennings-coaching/>
    <jamie-stevens-coaching/>
    <motorclean-coaching/>
    <gadgets-make-winning-company-car/>
    <what-budget-means-for-small-business/>
</jcr:root>
