<?xml version="1.0" encoding="UTF-8"?>
<jcr:root xmlns:cq="http://www.day.com/jcr/cq/1.0" xmlns:jcr="http://www.jcp.org/jcr/1.0" xmlns:rep="internal"
    jcr:mixinTypes="[rep:AccessControllable]"
    jcr:primaryType="cq:Page">
    <jcr:content/>
    <dancing-on-ice-odds/>
    <conor-mcgregor-v-donald-cerrone-predictions/>
    <conor-mcgregor-v-donald-cerrone-free-bets/>
    <conor-mcgregor-v-donald-cerrone-method-of-victory-odds/>
    <mcgregor-v-cerrone-round-betting/>
    <wwe-royal-rumble-2020-betting-tips-predictions/>
    <winter-love-island-2020-betting-tips-predictions-odds/>
    <wilder-v-fury-round-betting-odds/>
    <oscars-2020-betting-tips-predictions/>
    <application/>
    <free-bets/>
    <offers/>
    <tips/>
    <football/>
    <racing/>
    <golf/>
    <casino/>
    <esports/>
    <world-cup/>
    <sports-reviews/>
    <casino-reviews/>
    <sports-guides/>
    <casino-guides/>
    <us-grand-prix-betting-odds-hamilton-seeks-to-finish-the-job/>
    <_x0032_019-11-1-england-vs-south-africa-odds-rugby-world-cup-final/>
    <ksi-v-logan-paul-betting-get-a-free-bet-latest-odds-and-how-to-watch/>
    <atp-world-tour-finals-betting-odds-and-free-bet/>
    <_x0032_019-11-13-nedbank-golf-challenge-betting-preview/>
    <davis-cup-betting-tips/>
    <european-champions-cup-round-one-tips/>
    <im-a-celebrity-2019-odds/>
    <_x0032_019-11-19-new-zealand-england-1st-test-odds/>
    <anthony-joshua-v-ruiz-jr-free-bets/>
    <anthony-joshua-v-andy-ruiz-predictions/>
    <anthony-joshua-v-andy-ruiz-jr-round-betting/>
    <anthony-joshua-v-andy-ruiz-method-of-victory-odds/>
    <nfl-week-14-betting-tips-predictions/>
    <william-hill-world-darts-championships-2019-betting-tips-predictions/>
    <australian-open-2020-betting-tips-predictions/>
    <wwe-royal-rumble-free-bet-odds-how-to-watch/>
    <australian-open-quarter-final-predictions-betting-tips/>
    <australian-open-semi-final-predictions-betting-tips/>
    <how-to-bet-on-the-superbowl/>
    <super-bowl-54-predictions-betting-tips/>
    <six-nations-predictions-betting-tips/>
    <australian-open-final-predictions-betting-tips/>
    <scotland-vs-england-predictions-betting-tips-six-nations-rugby-2020/>
    <wilder-vs-fury-round-betting/>
    <deontay-wilder-vs-tyson-fury-predictions-betting-tips/>
    <wilder-vs-fury-method-of-victory-odds/>
    <wilder-vs-fury-rematch-knockout-parker/>
    <england-vs-wales-six-nations-predictions-betting-tips/>
    <greyhound-tips-today-18-03-20-sunderland-peterborough-belle-vue/>
    <greyhound-racing-tips-today-romford-yarmouth-newcastle-best-bets-thursday/>
    <greyhound-racing-tips-20-march-romford-newcastle-nottingham-best-bets/>
    <greyhound-racing-tips-today-sheffield-best-bets-saturday/>
    <wwe-wrestlemania-36-predictions-betting-tips-card-date-live-stream/>
    <ufc-249-date-start-time-venue-live-stream-full-card-free-bets/>
    <ufc-249-tony-ferguson-vs-justin-gaethje-method-of-victory-odds/>
    <pdc-home-tour-darts-odds-groups-fixtures-live-stream/>
    <pdc-home-tour-darts-latest-results/>
    <esl-one/>
    <nfl-draft-2020-odds-date-uk-time-live-stream-order-free-bet/>
    <nfl-draft-2020-predictions-betting-tips-best-bets-first-pick/>
    <poker-world-cup/>
    <mcilroy-johnson-vs-fowler-wolff-predictions-taylormade-driving-relief-odds-free-bet/>
    <boxing/>
    <cricket-england-vs-west-indies-first-test-match-predictions-odds-betting-tips/>
    <cricket-england-vs-west-indies-test-series-predictions-odds-betting-tips/>
    <cricket-england-vs-west-indies-second-test-match-predictions-odds-betting-tips/>
    <cricket-england-vs-west-indies-third-test-match-predictions-odds-betting-tips/>
    <cricket-england-vs-ireland-third-odi-odds-predictions-tips/>
    <cricket-england-vs-pakistan-first-test-match-odds-predictions-tips/>
    <cricket-england-vs-pakistan-second-test-match-odds-predictions-tips/>
    <dillian-whyte-vs-alexander-povetkin-predictions-betting-tips/>
    <whyte-vs-povetkin-method-of-victory-odds/>
    <cricket-england-vs-pakistan-third-test-match-odds-predictions-tips/>
    <us-open-tennis-betting-tips-mens-outright-winner/>
    <tour-de-france-betting-tips-yellow-jersey-king-of-the-mountains-points-classification/>
    <us-open-golf-betting-tips/>
    <us-open-golf-when-where-what-time-odds-betting-offers/>
    <us-open-golf-round-1-three-balls-betting-tips/>
    <us-open-golf-round-2-three-balls-betting-tips/>
    <us-election-odds-next-us-president-trump-biden-2020/>
    <womens-french-open-betting-tips-winner-predictions/>
    <mens-french-open-betting-tips-winner-predictions/>
    <golf-bmw-pga-championship-shriners-hospitals-for-children-open-betting-tips/>
    <scottish-championship-cj-cp-shadow-creek-betting-tips/>
    <ross-clarke-weekend-betting-guide/>
    <italian-open-zozo-championship-golf-betting-tips/>
    <aphrodite-hills-open-bermuda-championship-golf-betting-tips/>
    <usyk-vs-chisora-predictions-betting-tips/>
    <usyk-vs-chisora-odds-round-betting/>
    <cyprus-showdown-houston-open-golf-betting-tips/>
    <im-a-celebrity-odds-favourite-to-win/>
    <the-masters-tournament-golf-betting-tips/>
    <the-masters-tournament-augusta-golf-betting-offers/>
    <masters-golf-round-2-three-balls-betting-tips/>
    <rsm-classic-joburg-open-golf-betting-tips/>
    <daniel-dubois-vs-joe-joyce-predictions-betting-tips/>
    <daniel-dubois-vs-joe-joyce-round-betting-odds-predictions/>
    <alfred-dunhill-championship-the-match-3-golf-betting-tips/>
    <mike-tyson-vs-roy-jones-jr-when-where-what-time-how-to-watch-betting-odds/>
    <mike-tyson-vs-roy-jones-jr-predictions-betting-tips/>
    <golf-in-dubai-championship-mayakoba-classic-golf-betting-tips/>
    <errol-spence-jr-vs-danny-garcia-betting-tips/>
    <anthony-joshua-vs-kubrat-pulev-boxing-betting-tips/>
    <joshua-vs-pulev-method-of-victory-odds-boxing/>
    <anthony-joshua-vs-kubrat-pulev-round-betting-tips-boxing/>
    <dp-world-tour-championship-qbe-shootout-golf-betting-tips/>
    <strictly-come-dancing-odds-favourite-to-win/>
    <anthony-joshua-vs-kubrat-pulev-free-bets-betting-offers/>
    <anthony-joshua-vs-kubrat-pulev-betting-offer/>
    <pdc-world-darts-championship-odds/>
    <saul-alvarez-vs-callum-smith-boxing-betting-tips/>
    <alvarez-vs-smith-method-of-victory-odds-boxing/>
    <_x0032_021-masters-snooker-betting-tips-predictions/>
    <sentry-tournament-of-champions-golf-betting-tips/>
    <sri-lanka-vs-england-betting-tips-first-test-betting-tips-first-test-preview/>
    <sony-open-in-hawaii-golf-betting-tips-pga-tour/>
    <conor-mcgregor-vs-dustin-poirier-predictions-ufc-257/>
    <conor-mcgregor-vs-dustin-poirier-round-betting-tips-ufc-257/>
    <conor-mcgregor-vs-dustin-poirier-odds-method-of-victory-257/>
    <abu-dhabi-championship-the-american-express-golf-betting-tips/>
    <sri-lanka-vs-england-betting-tips-second-test-preview/>
    <weekend-betting-guide-23-24-january/>
    <mcgregor-vs-poirier-betting-offer-ufc-257-free-bets/>
    <bet-calculator/>
    <wwe-royal-rumble-2021-predictions-odds-betting-tips-free-bet/>
    <dubai-desert-classic-farmers-insurance-open-golf-betting-tips/>
    <weekend-betting-guide-leeds-west-ham-top-four/>
    <super-bowl-betting-tips-tampa-bay-buccaneers-vs-kansas-city-chiefs-picks-2021/>
    <super-bowl-odds-2021-moneyline-handicap-total-points/>
    <saudi-international-phoenix-open-golf-betting-tips/>
    <england-vs-scotland-betting-tips-six-nations-preview-odds-free-bets/>
    <australian-open-outright-odds-betting-tips/>
    <weekend-betting-guide-liverpool-on-top-against-manchester-city/>
    <pebble-beach-pro-am-pga-tour-golf-betting-tips/>
    <scotland-wales-betting-tips-six-nations-preview-odds-free-bets/>
    <england-italy-betting-tips-six-nations-preview-odds-free-bets/>
    <weekend-betting-guide-back-blades-for-glory/>
    <genesis-invitational-pga-tour-golf-betting-tips/>
    <australian-open-semi-final-odds-betting-tips/>
    <weekend-betting-guide-everton-overpriced-for-merseyside-derby/>
    <wgc-workday-championship-golf-betting-tips/>
    <weekend-betting-guide-england-overcome-wales-margin/>
    <wales-vs-england-betting-tips-six-nations-preview-odds-free-bets/>
    <arnold-palmer-invitational-golf-betting-tips-pga-tour/>
    <weekend-betting-guide-how-for-city-manchester-derby/>
    <players-championship-qatar-masters-golf-betting-tips/>
    <weekend-betting-guide-england-six-nations-misery-continues/>
    <honda-classic-kenya-open-golf-betting-tips/>
    <weekend-betting-guide-bournemouth-look-value-to-land-knockout-blow/>
    <wgc-dell-technologies-match-play-corales-puntacana-resort-club-championship-golf-betting-tips/>
    <anthony-joshua-vs-tyson-fury-odds/>
    <whyte-vs-povetkin-odds-method-of-victory/>
    <whyte-vs-povetkin-betting-tips/>
    <weekend-betting-guide-czechs-are-bouncing-back-can-upset-belgium/>
    <texas-open-golf-betting-tips-pga-tour/>
    <weekend-betting-guide-ross-clarke-premier-league-grand-national-selection/>
    <jake-paul-vs-ben-askren-predictions-betting-tips/>
    <weekend-betting-guide-chelsea-look-good-value-to-have-final-say/>
    <weekend-betting-guide-ross-clarke-pep-talk-can-spur-city-to-strike-first/>
    <oscars-2021-tips-and-odds/>
    <weekend-betting-guide-reds-alert-to-manchester-united-possibility-of-crowning-city/>
    <billy-joe-saunders-vs-saul-alvarez-betting-tips/>
    <billy-joe-saunders-vs-saul-alvarez-odds-method-of-victory/>
    <weekend-betting-guide-ross-clarke-tuchel-saving-his-best-for-the-final-act/>
    <saunders-vs-alvarez-betting-offer-free-bet/>
    <esports-betting-guide/>
    <esports-betting-games-markets/>
    <weekend-betting-guide-hammer-blow-on-the-cards/>
    <european-challenge-cup-final-betting-tips-leicester-vs-montpellier-preview-odds-free-bet/>
    <weekend-betting-guide-ross-clarke-agony-after-the-ecstasy-for-leicester/>
    <french-open-outright-odds-betting-tips/>
    <eurovision-song-contest-preview-odds-betting-tips-free-bet/>
    <odds-tyson-fury-vs-deontay-wilder/>
    <midweek-betting-guide-silver-lining-in-sight-for-solskjaer/>
    <weekend-betting-guide-blue-moon-to-keep-rising-and-eclipse-chelsea/>
    <weekend-betting-guide-sterling-can-repay-his-backers/>
    <floyd-mayweather-vs-logan-paul-odds-betting-tips-free-bet/>
    <weekend-betting-guide-ross-clarke-southgates-men-appear-home-and-dry/>
    <weekend-betting-guide-germany-can-earn-first-euro-2020-point/>
    <england-vs-sri-lanka-betting-tips-predictions/>
    <wimbledon-mens-outright-odds-betting-tips/>
    <wimbledon-womens-outright-odds-betting-tips/>
    <weekend-betting-guide-ross-clarke-england-and-wales-face-stiff-tasks/>
    <love-island-2021-betting-tips-predictions-odds/>
    <weekend-betting-guide-ross-clarke-england-can-beat-ukraine/>
    <dustin-poirier-vs-conor-mcgregor-betting-tips/>
    <dustin-poirier-conor-mcgregor-odds-method-of-victory-ufc-264/>
    <poirier-vs-mcgregor-betting-offer-free-bet-888sport/>
    <poirier-vs-mcgregor-betting-offer-william-hill-ufc-264-free-bet/>
    <weekend-betting-guide-its-going-to-rome-not-home/>
    <challenge-cup-betting-tips-st-helens-vs-castleford-preview-odds-free-bet/>
    <weekend-betting-guide-ross-clarke-ace-aussie-can-serve-up-victory/>
    <the-hundred-cricket-odds-free-bet/>
    <oval-invincibles-manchester-originals-betting-tips-the-hundred-preview-odds-free-bet/>
    <the-hundred-cricket-betting-tips-free-bet/>
    <birmingham-phoenix-vs-london-spirit-betting-tips-the-hundred-preview-odds-free-bet/>
    <weekend-betting-guide-adayar-can-claim-victory-for-the-ages-king-george-ascot/>
    <trent-rockets-vs-southern-brave-betting-tips-the-hundred-preview-odds-free-bet/>
    <northern-superchargers-vs-welsh-fire-betting-tips-the-hundred-preview-odds-free-bet/>
    <manchester-originals-birmingham-phoenix-betting-tips-the-hundred-preview-odds-free-bet/>
    <london-spirit-vs-oval-invincibles-betting-tips-the-hundred-preview-odds-free-bet/>
    <betting-tips-south-africa-vs-british-irish-lions-lions-tour-preview-odds-free-bet/>
    <trent-rockets-vs-northern-superchargers-betting-tips-the-hundred-preview-odds-free-bet/>
    <betting-tips-south-africa-vs-british-irish-lions-lions-tour-2nd-test-preview-odds-free-bet/>
    <weekend-betting-guide-ross-clarke-goodwood-finale-lions-tips/>
    <sheffield-united-can-edge-west-brom-championship-title/>
    <betting-tips-south-africa-vs-british-irish-lions-tour-3rd-test-preview-odds-free-bet/>
    <weekend-betting-guide-ross-clarke-chelsea-can-push-manchester-city-all-the-way-in-title-race/>
    <fanteam-betting-guide/>
    <ross-clarke-weekend-betting-guide-bettors-must-take-roar-power-into-account/>
    <us-open-outright-odds-betting-tips/>
    <weekend-betting-guide-ross-clarke-gunners-to-face-man-city/>
    <odds-anthony-joshua-vs-oleksandr-usyk/>
    <ross-clarke-weekend-betting-guide-southgate-ready-to-back-fringe-players/>
    <us-open-final-odds-emma-raducanu-vs-leylah-fernandez-favourite-to-win-betting-tips/>
    <weekend-betting-guide-ross-clarke-norwich-can-turn-screw-on-arteta/>
    <free-bet-anthony-joshua-vs-oleksandr-usyk-betting-offers-boxing/>
    <ross-clarke-weekend-betting-guide-burnley-can-beat-arsenal/>
    <betting-tips-anthony-joshua-vs-oleksandr-usyk-preview-odds/>
    <strictly-come-dancing-2021-odds-betting-tips-free-bet/>
    <betting-offer-free-bet-anthony-joshua-vs-oleksandr-usyk/>
    <betting-offer-free-bet-bet365-anthony-joshua-vs-oleksandr-usyk/>
    <betting-offer-free-bet-ladbrokes-anthony-joshua-vs-oleksandr-usyk/>
    <betting-offer-free-bet-william-hill-anthony-joshua-vs-oleksandr-usyk/>
    <weekend-betting-guide-ross-clarke-tuchel-versus-guardiola/>
    <betting-offer-free-bet-888-sport-anthony-joshua-vs-oleksandr-usyk/>
    <betting-offer-free-bet-boylesports-anthony-joshua-vs-oleksandr-usyk/>
    <betting-offer-free-bet-coral-anthony-joshua-vs-oleksandr-usyk/>
    <free-bet-fury-vs-wilder-betting-offers/>
    <ross-clarke-weekend-betting-guide-brentford-can-beat-west-ham/>
    <betting-tips-deontay-wilder-vs-tyson-fury-preview-odds/>
    <betting-offer-tyson-fury-vs-deontay-wilder-free-bet-coral/>
    <betting-offer-tyson-fury-vs-deontay-wilder-free-bets-ladbrokes/>
    <betting-offer-free-bet-boylesports-tyson-fury-vs-deontay-wilder/>
    <betting-offer-free-bet-paddy-power-tyson-fury-vs-deontay-wilder/>
    <weekend-betting-guide-ross-England-sound-and-Fury-a-cert/>
    <ross-clarke-weekend-betting-guide-newcastle-to-beat-spurs/>
    <weekend-betting-guide-burnley-can-beat-southampton/>
    <ross-clarke-weekend-betting-guide-watford-to-beat-southampton/>
    <betting-tips-saul-canelo-alvarez-vs-valeb-plant-preview-odds/>
    <weekend-betting-guide-back-tarnawa-breeders-cup/>
    <betting-tips-england-vs-new-zealand-t20-world-cup-preview-odds-free-bet/>
    <betting-offer-free-bet-bet365-england-new-zealand-t20-semi-final/>
    <betting-offer-free-bet-bet365-england-australia-autumn-international/>
    <ross-clarke-weekend-betting-guide-wales-can-win/>
    <weekend-betting-guide-backing-arsenal-over-liverpool/>
    <im-a-celebrity-2021-odds-betting-tips-free-bet/>
    <ross-clarke-weekend-betting-guide-enrilo-ladbrokes-trophy/>
    <odds-england-vs-australia-ashes/>
    <free-bet-ashes-2021-22-england-vs-australia-betting-offers-cricket/>
    <pdc-world-darts-championship-2022-odds/>
    <weekend-betting-guide-wolves-to-beat-liverpool/>
    <betting-tips-england-vs-australia-first-test-free-bet-ashes/>
    <betting-offer-free-bet-888sport-ufc-charles-oliveira-dustin-poirier/>
    <betting-offer-free-bet-bet365-ufc-charles-oliveira-dustin-poirier/>
    <ross-clarke-weekend-betting-guide-southampton-to-deny-arsenal/>
    <betting-offer-free-bet-bet365-f1-abu-dhabi/>
    <betting-tips-england-vs-australia-second-test-free-bet-ashes/>
    <betting-tips-derek-chisora-vs-joseph-parker-preview-odds/>
    <pdc-world-darts-championship-2022-betting-offer/>
    <betting-offer-free-bet-william-hill-derek-chisora-vs-joseph-parker-boxing/>
    <odds-derek-chisora-vs-joseph-parker/>
    <betting-offer-free-bet-bet-365-derek-chisora-vs-joseph-parker-boxing/>
    <betting-offer-derek-chisora-vs-joseph-parker-free-bet-betfair/>
    <weekend-betting-guide-annsam-ascot/>
    <fanteam-fantasy-football-betting-guide/>
    <betting-tips-england-vs-australia-third-test-free-bet-ashes/>
    <betting-offer-free-bet-bet-365-australia-vs-england-cricket/>
    <betting-offer-pdc-world-darts-championship-free-bet-betfred/>
    <betting-tips-australia-vs-england-fourth-test-free-bet-ashes/>
    <betting-tips-england-vs-australia-fifth-test-free-bet-ashes/>
    <fanteam-fantasy-football-second-chance-betting-guide/>
    <betiton-australian-open-betting-offer-free-bets/>
    <betting-offer-free-bet-william-hill-australian-open/>
    <betting-tips-australian-open-outright-odds/>
    <betvictor-australian-open-betting-offer-free-bets/>
    <betting-offer-william-hill-free-bet-australian-open/>
    <betting-offer-betfred-free-bet-australian-open/>
    <bet365-giveaway/>
    <betiton-australian-open-semi-finals-betting-offer-free-bets/>
    <darts-the-masters-betting-tips/>
    <betfred-nfl-kansas-city-chiefs-cincinnati-bengals-offer/>
    <darts-the-masters-betting-offer/>
    <odds-betting-tips-australian-open-final-mens-womens/>
    <betting-offer-william-hill-free-bet-wwe-wrestling-royal-rumble/>
    <rep:policy/>
</jcr:root>
