<?xml version="1.0" encoding="UTF-8"?>
<jcr:root xmlns:cq="http://www.day.com/jcr/cq/1.0" xmlns:jcr="http://www.jcp.org/jcr/1.0"
    jcr:primaryType="cq:Page">
    <jcr:content/>
    <application/>
    <days-out-on-the-costa-del-sol/>
    <best-family-days-out-on-the-algarve/>
    <restaurants-in-orlando/>
    <travel-hacks-to-make-your-holidays-easier/>
    <best-greek-islands-for-families/>
    <thank-you-for-entering/>
    <visa-prize-draw-terms-and-conditions/>
    <provence-child-friendly-restaurants/>
    <perfect-italian-escapes/>
    <off-the-beaten-track-in-spain/>
    <portugal-family-holidays/>
    <ben-fogle-adventurous-holidays/>
    <unexpected-family-friendly-destinations/>
    <europes-emerging-family-holiday-hotspots/>
    <european-family-tour-with-twist/>
    <experience-secret-side-canaries/>
    <ben-fogle-shares-tales-holiday-adventure/>
    <nadia-sawalhas-favourite-family-holiday-hotspots/>
    <outdoor-family-adventure/>
</jcr:root>
