<?xml version="1.0" encoding="UTF-8"?>
<jcr:root xmlns:cq="http://www.day.com/jcr/cq/1.0" xmlns:jcr="http://www.jcp.org/jcr/1.0" xmlns:rep="internal"
    jcr:mixinTypes="[rep:AccessControllable]"
    jcr:primaryType="cq:Page">
    <jcr:content/>
    <application/>
    <all-old/>
    <_x0032_016/>
    <video/>
    <sporting-heroes/>
    <_x0030_/>
    <london-2017/>
    <_x0032_017/>
    <win-entry-to-london-marathon/>
    <_x0032_018/>
    <kelly-sotherton-on-the-commonwealth-games/>
    <betting-offers/>
    <_x0032_019/>
    <charlie-morgan-inside-line/>
    <inside-line-week-1/>
    <inside-line-week-2/>
    <inside-line-week-3/>
    <inside-line-week-4/>
    <inside-line-week-5/>
    <get-in-the-zone/>
    <book-awards-2020-longlist-competition/>
    <_x0032_020/>
    <problemsolvers/>
    <spark/>
    <_x0032_021/>
    <wayne-rooney-career-moments-england-everton-derby-manchester-united/>
    <dina-asher-smith-and-her-94-steps-to-immortalit/>
    <win-vip-tickets-to-2021-book-awards/>
    <_x0032_022/>
    <rep:policy/>
</jcr:root>
