<?xml version="1.0" encoding="UTF-8"?>
<jcr:root xmlns:cq="http://www.day.com/jcr/cq/1.0" xmlns:jcr="http://www.jcp.org/jcr/1.0"
    jcr:primaryType="cq:Page">
    <jcr:content/>
    <the-toren-hotel/>
    <misc-eatdrinksleephotel/>
    <sofitel-legend-the-grand-amsterdam-hotel/>
    <intercontinental-amstel-hotel/>
    <the-dylan-hotel/>
    <hotel-the-exchange/>
    <andaz-amsterdam-hotel/>
    <waldorf-astoria-amsterdam-hotel/>
    <hotel-not-hotel/>
    <hotel-estherea/>
    <art-otel-amsterdam-hotel/>
    <the-college-hotel/>
    <sir-albert-hotel/>
    <hotel-v-nesplein/>
    <no-377-house-hotel/>
    <ink-hotel/>
    <hotel-dwars/>
    <ambassade-hotel/>
    <hotel-jl-no-76/>
    <hotel-roemer/>
    <hotel-vondel/>
    <hotel-de-hallen/>
    <hotel-pulitzer/>
    <banks-mansion-hotel/>
    <la-remise-b-and-b/>
    <lloyd-hotel/>
    <seven-bridges-hotel/>
    <the-craftsmen-hotel/>
    <citizenm-amsterdam-south-hotel/>
    <hotel-v-frederiksplein/>
    <volkshotel/>
    <citizenm-schiphol-airport-hotel/>
    <hotel-sebastians-amsterdam/>
    <The-Hoxton-Amsterdam-hotel/>
    <hotel-de-leurope/>
    <maison-rika-hotel/>
    <hotel-okura-amsterdam/>
    <seven-one-seven-hotel/>
    <conservatorium-hotel/>
    <w-hotel-amsterdam/>
    <clinknoord-hostel/>
    <ecomama-hotel/>
    <stayokay-amsterdam-vondelpark-hotel/>
    <canal-house-hotel/>
    <the-neighbours-magnolia-hotel/>
    <pension-homeland-hotel/>
    <motel-one-amsterdam-hotel/>
    <generator-hostel-amsterdam/>
    <hotel-nh-collection-amsterdam-grand-hotel-krasnapolsky/>
    <grand-hotel-amrath-amsterdam/>
    <nh-collection-amsterdam-doelen-hotel/>
    <hilton-amsterdam-airport-schiphol-hotel/>
    <sheraton-amsterdam-airport-hotel/>
    <zoku-hotel/>
    <the-flying-pig-downtown-hostel/>
    <meininger-hotel-amsterdam-city-west/>
    <st-christophers-at-the-winston-hotel/>
    <breitner-house-hotel/>
    <the-vanguard-hotel/>
    <barangay-hotel/>
    <tulip-of-amsterdam-hotel/>
    <le-quartier-sonang-hotel/>
    <hotel-v-fizeaustraat/>
    <kamer-01-hotel/>
    <the-student-hotel-amsterdam-city/>
    <cocomama-hotel/>
    <mercure-hotel-schiphol-terminal/>
    <mr-jordaan-hotel/>
    <yotel-amsterdam-schiphol-hotel/>
    <dutch-masters-apart-hotel/>
    <sir-adam-hotel/>
    <amsterdam-id-aparthotel/>
    <yays-salt-house-canal-hotel/>
    <eric-vokel-amsterdam-suites-hotel/>
    <crane-hotel-faralda/>
    <nova-hotel-and-apartments/>
    <kimpton-de-witt-hotel/>
    <mauro-mansion-hotel/>
    <hyatt-regency-amsterdam-hotel/>
    <yays-bickersgracht-hotel/>
    <yays-oostenburgergracht-hotel/>
    <hotel-arena/>
    <twenty-eight-hotel/>
    <hotel-twentyseven/>
    <pestana-amsterdam-riverside-hotel/>
    <sweets-hotel/>
    <moxy-amsterdam-houthavens-hotel/>
    <qo-amsterdam-hotel/>
    <conscious-hotel-westerpark/>
    <soho-house-amsterdam-hotel/>
    <citizenm-amstel-amsterdam-hotel/>
    <motel-one-amsterdam-waterlooplein-hotel/>
    <park-plaza-vondelpark-hotel/>
    <yays-entrepothaven-hotel/>
    <hotel-jakarta/>
    <hotel-boat-co/>
    <the-crane-by-yays-hotel/>
    <de-ware-jacob-hotel/>
</jcr:root>
