<?xml version="1.0" encoding="UTF-8"?>
<jcr:root xmlns:cq="http://www.day.com/jcr/cq/1.0" xmlns:jcr="http://www.jcp.org/jcr/1.0"
    jcr:primaryType="cq:Page">
    <jcr:content/>
    <Best-camping-hacks/>
    <The-rise-of-the-glamavan/>
    <Glamping-confessions-of-a-convert-to-camping/>
    <Glamping-gear-for-pampered-campers/>
    <The-National-Trusts-best-campsites/>
    <Something-special-extreme-camping-Germany/>
    <Ecocapsules-off-the-grid-pods-could-change-camping-forever/>
    <Four-of-the-best-campsites-with-a-twist/>
    <Camping-holidays-tents-sleeping-bags-and-accessories/>
    <Britains-most-spectacular-campsites/>
    <Campervan-holidays-10-of-the-best/>
    <Camping-and-festival-accessories/>
    <Carry-on-glamping-Britains-best-luxury-outdoor-places-to-stay/>
    <The-worlds-coolest-caravans-and-RVs/>
    <The-worlds-most-futuristic-caravans/>
    <Campervan-holidays-readers-tips/>
    <application/>
    <why-every-family-should-embrace-camping/>
    <coolest-campsites-in-britain/>
    <epic-retreats-competition/>
    <epic-retreats-terms-and-conditions/>
    <epic-retreats-thank-you-page/>
    <britains-best-coastal-campsites/>
    <incredible-camping-photos-are-not-what-they-seem/>
    <best-camping-holidays/>
    <expert-guide-to-englands-most-spacious-scenic-campsites/>
    <overseas-summer-holidays-doubt-time-buy-campervan/>
    <swapped-cottage-45000-mile-road-trip-cats/>
    <_x0031_0-amazing-uk-glamping-sites-2021/>
    <eight-britains-wildest-campsites-availability-summer/>
    <cotswolds-camping-holiday-snow-worth-wait/>
    <pitch-perfect-17-amazing-uk-campsites-beside-sea/>
    <learnt-glamping-grounds-warwick-castle/>
    <looks-like-busiest-season-ever-campsites-should-space-everyone/>
    <duckling-chaos-working-farms-welcome-new-era-pop-up-campsites/>
    <glamping-johnny-vegas-real-got-hangover-prove/>
    <should-try-airstream-staycation-vintage-slice-vanlife/>
    <uk-holiday-evidence-desperately-need-longer-green-list/>
    <off-grid-corner-wales-still-has-availability-summer/>
    <_x0031_0-reasons-high-time-visited-northern-ireland/>
    <camping-13-month-old-baby-isnt-crazy-sounds/>
    <should-shun-yurt-go-proper-camping-summer/>
</jcr:root>
