<?xml version="1.0" encoding="UTF-8"?>
<jcr:root xmlns:cq="http://www.day.com/jcr/cq/1.0" xmlns:jcr="http://www.jcp.org/jcr/1.0"
    jcr:primaryType="cq:Page">
    <jcr:content/>
    <application/>
    <what-is-there-to-do/>
    <is-it-for-adults/>
    <goblet-of-fire-behind-the-scenes/>
    <win-tickets/>
    <ten-top-tips/>
    <behind-the-seams/>
    <win-harry-potter-tickets/>
    <harry-potter-themed-activities/>
    <highlights-and-tips/>
    <death-eaters/>
    <school-visits/>
    <win-dark-arts-family-ticket/>
    <visit-hogwarts-in-snow/>
    <win-tickets-hogwarts-in-the-snow/>
    <harry-potter-props/>
</jcr:root>
