<?xml version="1.0" encoding="UTF-8"?>
<jcr:root xmlns:cq="http://www.day.com/jcr/cq/1.0" xmlns:jcr="http://www.jcp.org/jcr/1.0" xmlns:rep="internal"
    jcr:mixinTypes="[rep:AccessControllable]"
    jcr:primaryType="cq:Page">
    <jcr:content/>
    <application/>
    <_x0032_016/>
    <all-fixtures/>
    <all-tables/>
    <all-results/>
    <live-scores/>
    <topics/>
    <o2-six-nations/>
    <video/>
    <schools-rugby/>
    <_x0030_/>
    <old-mutual-wealth-series/>
    <british-and-irish-lions-celebration/>
    <_x0032_017/>
    <british-and-irish-lions-support-team/>
    <win-doom-bar-beer/>
    <doom-bar-draw-terms-conditions/>
    <doom-bar-draw-thank-you/>
    <samsung-slider/>
    <win-full-lions-collection-outfit-thomas-pink/>
    <win-full-lions-collection-outfit-tcs/>
    <thomas-pink-thank-you/>
    <lions-team-blend/>
    <rugby-referee-game/>
    <rugby-referee-game-terms-and-conditions/>
    <lions-match-performance/>
    <enter-the-lions-den/>
    <nigel-owens-challenged-on-laws-of-rugby-union/>
    <_x0032_018/>
    <support/>
    <rugby-world-cup-2019-wallchart-predictor/>
    <_x0032_019/>
    <spirit-of-rugby/>
    <video-highlights/>
    <win-england-v-south-africa-tickets/>
    <win-england-v-new-zealand-tickets/>
    <players-mindset/>
    <jim-hamilton-six-nations-moments/>
    <tmo-television-match-official/>
    <inside-line-charlie-morgan/>
    <fixtures-results/>
    <key-career-moments/>
    <how-eddie-jones-rebuilt-england-rugby-world-cup-2019/>
    <rep:policy/>
    <_x0032_020/>
    <spark/>
    <_x0032_021/>
    <_x0032_022/>
</jcr:root>
