<?xml version="1.0" encoding="UTF-8"?>
<jcr:root xmlns:cq="http://www.day.com/jcr/cq/1.0" xmlns:jcr="http://www.jcp.org/jcr/1.0"
    jcr:primaryType="cq:Page">
    <jcr:content/>
    <test/>
    <application/>
    <pavilions-of-splendour/>
    <how-to-enhance-an-outdoor-space/>
    <home-improvements/>
    <kitchen-and-dining-products/>
    <home-decor-ideas/>
    <gifts-and-home-accessories/>
    <living-room-inspiration/>
    <bedroom-interior-ideas/>
    <the-a-list-editors-choice/>
    <top-10-interior-bloggers-uk/>
    <bargain-hunter-latest-offers/>
    <top-deals-on-furnishings/>
    <top-ten-designer-furniture-outlets/>
    <newman-and-bright-upholstery/>
    <secret-linen-store/>
    <top-10-homeware-products/>
    <storage-ideas/>
    <bargain-hunter-latest-deals/>
    <house-proud-best-bargains/>
    <valentines-day-ideas/>
    <home-interiors-minimal-budget/>
    <latest-deals-bargain-hunter/>
    <great-deals-on-furnishings/>
    <bargain-hunter-latest-deals-on-home-furnishings/>
    <house-proud-furnishing-deals-of-the-week/>
    <within-home-alison-cork-interview/>
    <bargain-hunter-best-home-furnishing-deals-this-week/>
    <house-proud-best-furnishing-deals-this-week/>
    <summer-furnishing-ideas/>
    <stylish-storage-solutions-for-your-home/>
    <bargain-hunter-home-furnishing-weekly-deal/>
</jcr:root>
