<?xml version="1.0" encoding="UTF-8"?>
<jcr:root xmlns:cq="http://www.day.com/jcr/cq/1.0" xmlns:jcr="http://www.jcp.org/jcr/1.0"
    jcr:primaryType="cq:Page">
    <jcr:content/>
    <le-mas-du-langoustier-hotel/>
    <domaine-de-capelongue-and-spa-hotel/>
    <Hotel-Crillon-Le-Brave/>
    <domaine-de-manville-hotel/>
    <villa-gaia-hotel/>
    <grand-hotel-bormes/>
    <chateau-de-mazan-hotel/>
    <l-oustau-de-la-font-hotel/>
    <villa-belrose-/>
    <hotel-mediterranee/>
    <la-bastide-de-moustiers-hotel/>
    <hostellerie-de-l-abbaye-de-la-celle/>
    <la-coquillade-hotel/>
    <terre-blanche-hotel/>
    <Bastide-de-Gordes-hotel/>
    <domaine-des-peyre-hotel/>
    <domaine-de-fontenille-hotel/>
    <la-maison-d-ulysse-hotel/>
    <les-lodges-sainte-victoire-hotel/>
    <villa-la-coste-hotel/>
    <hotel-du-clos/>
    <hotel-moulin-de-la-camandoule/>
    <le-mas-du-grand-jonquier-hotel/>
    <le-mas-des-romarins-hotel/>
    <chateau-de-fonscolombe-hotel/>
    <chateau-de-montcaud-hotel/>
    <attrap-reves-hotel/>
    <les-lodges-saint-victoire-hotel/>
    <lily-of-the-valley-hotel/>
    <le-mas-de-peint-hotel/>
    <le-mas-de-pierre-hotel/>
    <le-saint-remy-hotel/>
    <le-moulin-de-lourmarin-hotel/>
</jcr:root>
