<?xml version="1.0" encoding="UTF-8"?>
<jcr:root xmlns:cq="http://www.day.com/jcr/cq/1.0" xmlns:jcr="http://www.jcp.org/jcr/1.0"
    jcr:primaryType="cq:Page">
    <jcr:content/>
    <wales/>
    <northern-ireland/>
    <articles/>
    <application/>
    <england/>
    <hotels/>
    <exclusiveoffers/>
    <scotland/>
    <united-kingdom-tours/>
    <tours/>
    <united-kingdom-ocean-cruises/>
    <exclusive-offers/>
    <luxury-hotels/>
    <top-20/>
    <uk-attractions-experiences/>
    <best-water-parks-uk-heatwave/>
    <galleries/>
    <best-hebrides-can-found-ship-chartered-queen/>
    <pub-henley-has-transformed-one-worlds-top-hoteliers/>
    <fusty-scottish-island-receiving-hipster-makeover/>
    <uncovering-bonds-scottish-ancestry-beautiful-country-inspired/>
    <destination-set-britains-next-staycation-hotspot/>
    <best-uk-trips-autumn-colour-breaks/>
    <restored-peak-district-estate-perfect-autumn-hotel-stay/>
    <four-fabulous-hotels-cosy-scottish-escape/>
    <best-train-journeys-uk-scotland-britain-railway-routes/>
    <finally-decided-take-dog-holiday/>
    <nice-feel-like-vip-rather-four-legged-afterthought/>
    <last-minute-uk-holiday-cottages-availability-half-term/>
    <forgotten-british-rail-routes-would-love-return/>
    <british-rail-routes-telegraph-readers-wish-would-return/>
    <four-best-hotels-babymoon-south-england/>
    <uks-artiest-hotels-just-ticket-autumn-staycations/>
    <have-brilliant-british-beach-break-winter/>
    <_x0032_0-best-uk-british-hotels-head-winter-getaway-staycation-2021/>
    <night-stay-best-haunted-house-uk/>
    <best-uk-houses-book-new-years-eve/>
    <new-british-hotel-changing-way-think-country-houses/>
    <british-summer-holiday-island-also-perfect-winter-weekend/>
    <search-real-hogwarts-potters-england-still-magic/>
    <countrys-ornate-wetherspoons-worth-travelling/>
    <eight-finest-country-house-stays-great-british-minibreak/>
    <exclusive-british-estates-can-now-holiday-like-aristocrat/>
    <_x0032_0-last-minute-uk-getaways-fabulous-festive-break/>
    <europes-fourth-wave-could-boost-holiday-appeal-rule-free-england/>
    <_x0031_0-transport-solutions-make-britain-better-tourists/>
    <fluffy-white-menace-spoiling-britains-national-parks/>
    <_x0032_5-festive-trips-ultimate-family-day-december/>
    <britons-booking-stays-former-homes-ancestors/>
    <britons-booking-stays-former-homes-ancestors1/>
    <le-staycation-have-holiday-france-british-soil/>
    <best-family-days-out-things-do-kids-january-2022/>
    <britain-can-learn-india-estonia-comes-problematic-statues/>
    <watch-exploring-wildest-corner-britain-winter/>
    <_x0031_5-british-hotels-perfect-cheeky-getaway/>
</jcr:root>
