<?xml version="1.0" encoding="UTF-8"?>
<jcr:root xmlns:sling="http://sling.apache.org/jcr/sling/1.0" xmlns:cq="http://www.day.com/jcr/cq/1.0" xmlns:jcr="http://www.jcp.org/jcr/1.0" xmlns:nt="http://www.jcp.org/jcr/nt/1.0"
    jcr:primaryType="cq:Page">
    <jcr:content
        cq:designPath="/etc/designs/telegraph/core"
        cq:lastModified="{Date}2021-10-01T14:16:13.622Z"
        cq:lastModifiedBy="mohammedh"
        cq:tags="[topics:things/breakfast-recipes,topics:things/british-recipes,structure:cookbook,storytype:recipe]"
        cq:template="/apps/telegraph/core/commons/templates/articleTemplate"
        jcr:primaryType="cq:PageContent"
        jcr:title="COPY OF COPY OF COPY OF a"
        sling:resourceType="telegraph/core/commons/renderers/articleRenderer"
        articleType="general"
        authoringUniqueId="224eec21-22c2-11ec-bfd3-06813a5dfefa"
        commentingOn="{Boolean}false"
        evergreen="{Boolean}false"
        headlineAndUrlAreLinked="{Boolean}true"
        holdStatus="{Boolean}false"
        originalStoryId="1980e4dd-22c2-11ec-bfd3-06813a5dfefa"
        pageId="Ax1RWz8bsJck"
        premiumContent="{Boolean}false"
        premiumStatusOverride="{Boolean}false"
        transformedDate="{Date}2022-03-07T11:26:30.573Z"
        transformedState="A2-TO-A3">
        <content
            jcr:primaryType="nt:unstructured"
            sling:resourceType="telegraph/core/commons/components/article">
            <social
                jcr:primaryType="nt:unstructured"
                sling:resourceType="telegraph/core/commons/components/socialSharing/v1/socialSharing"
                autoCloneDisabled="false"
                facebookShareEnable="true"
                iconOrdering="[Facebook,Twitter]"
                pluginJson="\{}"
                socialCounters="inherit"
                stickyDisabled="true"
                twitterShareEnable="true"/>
            <headline
                jcr:primaryType="nt:unstructured"
                sling:resourceType="telegraph/core/commons/components/headline/v1/headline"
                headline="COPY OF COPY OF COPY OF a"/>
            <standfirst
                jcr:primaryType="nt:unstructured"
                sling:resourceType="telegraph/core/commons/components/standfirst/v1/standfirst"/>
            <authorPath
                jcr:primaryType="nt:unstructured"
                sling:resourceType="telegraph/core/commons/components/byline/v1/byline"
                author="[/content/telegraph/authors/t/tf-tj/Tia-Mowry]"
                authors="[{&quot;author&quot;:&quot;/content/telegraph/authors/t/tf-tj/Tia-Mowry&quot;\,&quot;role&quot;:&quot;&quot;\,&quot;location&quot;:&quot;&quot;\,&quot;overrideRole&quot;:true\,&quot;overrideLocation&quot;:true}]"
                location="[\0]"
                overrideLocation="{Boolean}[true]"
                overrideRole="{Boolean}[true]"
                role="[\0]"/>
            <articleDate
                jcr:primaryType="nt:unstructured"
                sling:resourceType="telegraph/core/commons/components/articleDate/v1/articleDate"/>
            <paragraph
                jcr:primaryType="nt:unstructured"
                sling:resourceType="telegraph/core/commons/components/paragraph">
                <par
                    jcr:primaryType="nt:unstructured"
                    sling:resourceType="foundation/components/parsys">
                    <component
                        jcr:primaryType="nt:unstructured"
                        sling:resourceType="telegraph/core/commons/components/articleBodyText/v1/articleBodyText"
                        articleBodyText=""
                        dropCap="true"/>
                </par>
            </paragraph>
            <tagContent
                jcr:primaryType="nt:unstructured"
                sling:resourceType="telegraph/core/commons/components/paragraph">
                <par
                    jcr:primaryType="nt:unstructured"
                    sling:resourceType="foundation/components/parsys"/>
            </tagContent>
            <tagContentBottom
                jcr:primaryType="nt:unstructured"
                sling:resourceType="telegraph/core/commons/components/paragraph">
                <par
                    jcr:primaryType="nt:unstructured"
                    sling:resourceType="foundation/components/parsys">
                    <listOfTags
                        jcr:primaryType="nt:unstructured"
                        sling:resourceType="telegraph/core/commons/components/listOfTags/v1/listOfTags"
                        heading="Related Topics"
                        limit="20"
                        showPageTags="true"/>
                </par>
            </tagContentBottom>
            <comment
                jcr:primaryType="nt:unstructured"
                sling:resourceType="telegraph/core/commons/components/comment/v1/comment"/>
        </content>
        <articlehero
            jcr:primaryType="nt:unstructured"
            sling:resourceType="foundation/components/parsys">
            <leadAsset
                jcr:primaryType="nt:unstructured"
                sling:resourceType="telegraph/core/commons/components/leadAsset/v1/leadAsset"
                disableLazyLoad="{Boolean}false"
                layout="small">
                <image
                    jcr:primaryType="nt:unstructured"
                    sling:resourceType="foundation/components/image"/>
            </leadAsset>
        </articlehero>
    </jcr:content>
</jcr:root>
