<?xml version="1.0" encoding="UTF-8"?>
<jcr:root xmlns:cq="http://www.day.com/jcr/cq/1.0" xmlns:jcr="http://www.jcp.org/jcr/1.0"
    jcr:primaryType="cq:Page">
    <jcr:content/>
    <analysis-joe-bidens-presidency-stalled-due-democrat-dysfunction/>
    <novak-djokovic-australian-open-visa-medical-exemption-covid/>
    <man-drowns-migrant-boat-carrying-30-capsizes-channel/>
    <arab-israeli-football-club-sold-amid-owners-sex-abuse-scandal/>
    <christine-lee-textbook-example-chinas-new-spycraft/>
    <pictures-endangered-elephants-forced-scavenge-filthy-landfill/>
    <suicide-murder-new-twist-mysterious-death-italian-bank-official/>
    <german-plans-make-coronavirus-jab-compulsory-doubt/>
    <silvio-berlusconi-plays-bunga-bunga-card-rallies-support-become/>
    <russia-preparing-false-flag-operation-ukraine-spark-invasion/>
    <north-korean-roads-begin-empty-nation-runs-tyres/>
    <german-foreign-minister-heads-moscow-kiev-bid-reassert-european/>
    <eu-risk-unravelling-romania-challenges-blocs-law-supremacy/>
    <thieves-jump-moving-trains-intercept-amazon-packages-amid-la/>
    <xxx/>
</jcr:root>
