<?xml version="1.0" encoding="UTF-8"?>
<jcr:root xmlns:sling="http://sling.apache.org/jcr/sling/1.0" xmlns:cq="http://www.day.com/jcr/cq/1.0" xmlns:jcr="http://www.jcp.org/jcr/1.0" xmlns:mix="http://www.jcp.org/jcr/mix/1.0" xmlns:nt="http://www.jcp.org/jcr/nt/1.0"
    jcr:primaryType="cq:Page">
    <jcr:content
        cq:designPath="/etc/designs/telegraph/core"
        cq:lastModified="{Date}2019-02-06T16:30:03.704Z"
        cq:lastModifiedBy="popoutanud"
        cq:tags="[commercial:financial-services,commercial:financial-services/investment-pension-service,source:sponsored]"
        cq:template="/apps/telegraph/core/commons/templates/articleTemplate"
        jcr:mixinTypes="[mix:referenceable]"
        jcr:primaryType="cq:PageContent"
        jcr:title="Telegraph Savings Calculator"
        jcr:uuid="c56ba37b-497e-420c-886b-f9e9deb26587"
        sling:resourceType="telegraph/core/commons/renderers/articleRenderer"
        articleStickyAdsEnabled="false"
        articleType="general"
        commentingOn="{Boolean}false"
        pageId="Ar85CSwjfz5n"
        publicationDateOverride="{Date}2016-02-23T08:34:39.340Z"
        publicUrl="https://www.telegraph.co.uk/financial-services/investments/investment-pensions-service/telegraph-savings-calculator/"
        tmgLastActivationDate="{Date}2016-05-10T12:33:01.430+01:00"
        transformedDate="{Date}2022-03-07T11:25:37.295Z"
        transformedState="A2-TO-A3">
        <content
            jcr:primaryType="nt:unstructured"
            sling:resourceType="telegraph/core/commons/components/article">
            <social
                jcr:primaryType="nt:unstructured"
                sling:resourceType="telegraph/core/commons/components/socialSharing/v1/socialSharing"
                autoCloneDisabled="false"
                facebookShareEnable="true"
                iconOrdering="[Facebook,Twitter]"
                pluginJson="\{}"
                socialCounters="false"
                stickyDisabled="true"
                twitterShareEnable="true"/>
            <headline
                jcr:lastModified="{Date}2016-02-23T08:33:04.122Z"
                jcr:lastModifiedBy="danielr"
                jcr:primaryType="nt:unstructured"
                sling:resourceType="telegraph/core/commons/components/headline/v1/headline"
                headline="Telegraph Savings Calculator"/>
            <standfirst
                jcr:primaryType="nt:unstructured"
                sling:resourceType="telegraph/core/commons/components/standfirst/v1/standfirst"/>
            <authorPath
                jcr:primaryType="nt:unstructured"
                sling:resourceType="telegraph/core/commons/components/byline/v1/byline"/>
            <articleDate
                jcr:primaryType="nt:unstructured"
                sling:resourceType="telegraph/core/commons/components/articleDate/v1/articleDate"/>
            <paragraph
                jcr:primaryType="nt:unstructured"
                sling:resourceType="telegraph/core/commons/components/paragraph">
                <par
                    jcr:primaryType="nt:unstructured"
                    sling:resourceType="foundation/components/parsys">
                    <inlineContent
                        jcr:primaryType="nt:unstructured"
                        sling:resourceType="telegraph/core/commons/components/inlineContent/v1/inlineContent"
                        dropCap="true"/>
                    <htmlembed
                        jcr:created="{Date}2016-02-24T12:28:51.866Z"
                        jcr:createdBy="danielr"
                        jcr:lastModified="{Date}2016-05-10T11:32:40.859Z"
                        jcr:lastModifiedBy="danielr"
                        jcr:primaryType="nt:unstructured"
                        sling:resourceType="telegraph/core/commons/components/htmlEmbed/v1/htmlEmbed"
                        html="&lt;iframe width=&quot;640px&quot; height=&quot;2000&quot; marginwidth=&quot;0&quot; scrolling=&quot;no&quot; src=&quot;https://www.skiptonfs.co.uk/toolbox/calculator/saving/?missing_details&quot; frameborder=&quot;0&quot; marginheight=&quot;0&quot; style=&quot;margin-left:-80px&quot;>&lt;/iframe>&#xa;"/>
                </par>
            </paragraph>
            <tagContentBottom
                jcr:primaryType="nt:unstructured"
                sling:resourceType="telegraph/core/commons/components/paragraph">
                <par
                    jcr:primaryType="nt:unstructured"
                    sling:resourceType="foundation/components/parsys">
                    <listOfTags
                        jcr:primaryType="nt:unstructured"
                        sling:resourceType="telegraph/core/commons/components/listOfTags/v1/listOfTags"
                        heading="READ MORE ABOUT:"
                        limit="20"
                        showPageTags="true"/>
                </par>
            </tagContentBottom>
        </content>
        <articlehero
            jcr:primaryType="nt:unstructured"
            sling:resourceType="foundation/components/parsys">
            <leadAsset
                jcr:primaryType="nt:unstructured"
                sling:resourceType="telegraph/core/commons/components/leadAsset/v1/leadAsset"
                disableLazyLoad="{Boolean}false"
                layout="small">
                <image
                    jcr:primaryType="nt:unstructured"
                    sling:resourceType="foundation/components/image"/>
            </leadAsset>
        </articlehero>
        <sponsorsLogoImage
            jcr:lastModified="{Date}2016-02-23T08:34:31.050Z"
            jcr:lastModifiedBy="danielr"
            jcr:primaryType="nt:unstructured"
            sling:resourceType="foundation/components/image"/>
        <image
            jcr:lastModified="{Date}2016-02-23T08:34:31.050Z"
            jcr:lastModifiedBy="danielr"
            jcr:primaryType="nt:unstructured"
            imageRotate="0"/>
    </jcr:content>
</jcr:root>
