<?xml version="1.0" encoding="UTF-8"?>
<jcr:root xmlns:cq="http://www.day.com/jcr/cq/1.0" xmlns:jcr="http://www.jcp.org/jcr/1.0" xmlns:rep="internal"
    jcr:mixinTypes="[rep:AccessControllable]"
    jcr:primaryType="cq:Page">
    <jcr:content/>
    <application/>
    <how-to-host-a-brazilian-dinner-party/>
    <unusual-coffee-styles-from-around-the-world/>
    <the-latest-trends/>
    <ten-reasons-to-love-coffee/>
    <whats-your-coffee-personality/>
    <how-do-coffee-capsules-work/>
    <art-of-coffee-roasting/>
    <production-stages/>
    <supporting-coffee-farmers-uganda/>
    <female-coffee-farmers/>
    <yorkshire-coffee-company/>
    <ugandan-entrepreneur/>
    <coffee-beans-and-sewing-machines/>
    <empowering-women-in-uganda/>
</jcr:root>
