<?xml version="1.0" encoding="UTF-8"?>
<jcr:root xmlns:cq="http://www.day.com/jcr/cq/1.0" xmlns:jcr="http://www.jcp.org/jcr/1.0"
    jcr:primaryType="cq:Page">
    <jcr:content/>
    <application/>
    <football-betting-guide/>
    <betting-exchanges/>
    <what-is-cash-out/>
    <what-is-a-placepot/>
    <tote-betting/>
    <betfred-promo-code-free-bets/>
    <betvictor-sign-up-offer/>
    <betfair-sign-up-offer-promotions/>
    <bet365-sign-up-offer-new-customer-promotion/>
    <_x0038_88sports-sign-up-offer-promo-code-free-bets/>
    <unibet-sign-up-offer/>
    <william-hill-sign-up-offer-free-bets/>
    <paddy-power-sign-up-offer-free-bets-bonus-code/>
    <what-is-an-accumulator-bet/>
    <virgin-bet-sign-up-offer-new-customer-promotion/>
    <betway-sign-up-offer-new-customer-promotion/>
    <ladbrokes-sign-up-offer-new-customer-promotion/>
    <coral-sign-up-offer-new-customer-promotion/>
    <what-is-a-tote-survivor-bet-how-does-it-work/>
    <best-betting-sites-uk/>
    <new-betting-sites/>
    <best-bet-in-play-betting-sites/>
    <best-accumulator-sites/>
    <live-streaming-betting-sites/>
    <best-cash-out-betting-sites/>
    <betting-offers-existing-customers/>
    <what-is-a-single-bet/>
    <what-is-a-double-bet/>
    <betting-odds-explained/>
    <what-is-dutching-dutch-betting/>
    <sts-sign-up-offer-free-bets/>
    <what-is-a-treble-bet/>
    <what-is-up-and-down-betting/>
    <best-christmas-betting-offers-free-bets-festive-sport/>
    <football-betting-apps/>
    <low-deposit-betting-sites/>
    <fastest-paying-betting-sites-withdrawal/>
    <best-betting-apps-uk/>
    <what-is-a-tote-win-bet-how-does-it-work-explained/>
    <debit-card-betting-sites/>
    <paypal-betting-sites/>
    <bet365-bonus-code/>
    <lowest-withdrawal-betting-sites/>
    <best-football-betting-sites/>
    <mr-play-sign-up-offer/>
    <quinnbet-sign-up-offer/>
    <mansionbet-sign-up-offer-promotions/>
    <sky-bet-sign-up-offer/>
    <best-esports-betting-sites-uk/>
    <_x0031_0bet-sign-up-offer/>
    <leovegas-sign-up-offer/>
    <fansbet-sign-up-offer/>
    <betbull-sign-up-offer/>
    <kwiff-sign-up-offer/>
    <casumo-sign-up-offer/>
    <betuk-sign-up-offer/>
    <fanteam-sign-up-offer/>
    <matchbook-bonus-code/>
    <marathonbet-sign-up-offer/>
    <virgin-games-bonus-code/>
</jcr:root>
